"T","t","relay"
35.0217428191968,205,1
35.2766069134196,206,1
35.5314710076425,207,1
35.5314710076425,208,1
34.7668787249739,209,1
35.0217428191968,210,1
35.2766069134196,211,1
35.5314710076425,212,1
35.7863351018654,213,1
35.7863351018654,214,1
36.2960632903111,215,1
35.5314710076425,216,1
36.0411991960882,217,1
36.5509273845339,218,1
36.5509273845339,219,1
36.5509273845339,220,1
36.2960632903111,221,1
36.5509273845339,222,1
37.0606555729796,223,1
36.5509273845339,224,1
37.5703837614253,225,1
38.080111949871,226,1
37.3155196672025,227,1
38.3349760440939,228,1
38.3349760440939,229,1
37.8252478556482,230,1
38.5898401383168,231,1
38.5898401383168,232,1
39.0995683267625,233,1
39.3544324209853,234,1
39.0995683267625,235,1
39.3544324209853,236,1
40.3738887978768,237,1
40.1190247036539,238,1
40.3738887978768,239,1
40.1190247036539,240,1
41.1384810805453,241,1
41.3933451747682,242,1
40.6287528920996,243,1
41.1384810805453,244,1
42.1579374574367,245,1
41.648209268991,246,1
41.648209268991,247,1
41.9030733632139,248,1
42.9225297401053,249,1
42.9225297401053,250,1
43.432257928551,251,1
43.432257928551,252,1
43.9419861169967,253,1
43.6871220227739,254,1
43.9419861169967,255,1
44.4517143054424,256,1
43.9419861169967,257,1
44.4517143054424,258,1
44.4517143054424,259,1
44.9614424938881,260,1
44.9614424938881,261,1
45.7260347765567,262,1
45.9808988707796,263,1
45.9808988707796,264,1
46.4906270592253,265,1
45.9808988707796,266,1
46.7454911534481,267,1
47.2552193418938,268,1
47.000355247671,269,1
47.5100834361167,270,1
47.000355247671,271,1
47.2552193418938,272,1
47.2552193418938,273,1
48.2746757187853,274,1
48.0198116245624,275,1
48.2746757187853,276,1
48.5295398130081,277,1
49.5489961898995,278,1
49.0392680014538,279,1
49.5489961898995,280,1
49.5489961898995,281,1
50.0587243783452,282,1
50.568452566791,283,1
50.0587243783452,284,1
50.3135884725681,285,1
51.0781807552367,286,1
51.3330448494595,287,1
51.3330448494595,288,1
51.8427730379052,289,1
51.5879089436824,290,1
51.3330448494595,291,1
51.8427730379052,292,1
52.352501226351,293,1
52.8622294147967,294,1
52.352501226351,295,1
52.352501226351,296,1
53.1170935090195,297,1
52.6073653205738,298,1
53.6268216974652,299,1
53.1170935090195,300,1
54.1365498859109,301,1
54.1365498859109,302,1
54.3914139801338,303,1
54.3914139801338,304,1
54.1365498859109,305,1
54.9011421685795,306,1
54.3914139801338,307,1
55.1560062628024,308,1
55.6657344512481,309,1
54.9011421685795,310,1
55.4108703570252,311,1
55.6657344512481,312,1
56.1754626396938,313,1
56.4303267339166,314,1
56.6851908281395,315,1
56.9400549223623,316,1
56.9400549223623,317,1
56.6851908281395,318,1
57.4497831108081,319,1
57.4497831108081,320,1
57.7046472050309,321,1
57.9595112992538,322,1
58.2143753934766,323,1
57.9595112992538,324,1
58.4692394876995,325,1
58.4692394876995,326,1
58.7241035819223,327,1
58.2143753934766,328,1
58.9789676761452,329,1
58.7241035819223,330,1
58.9789676761452,331,1
59.7435599588138,332,1
59.7435599588138,333,1
59.7435599588138,334,1
60.2532881472595,335,1
59.7435599588138,336,1
59.9984240530366,337,1
61.017880429928,338,1
61.017880429928,339,1
60.7630163357052,340,1
61.5276086183737,341,1
60.7630163357052,342,1
61.5276086183737,343,1
61.7824727125966,344,1
61.5276086183737,345,1
62.2922009010423,346,1
62.2922009010423,347,1
61.7824727125966,348,1
62.2922009010423,349,1
62.801929089488,350,1
63.0567931837109,351,1
62.801929089488,352,1
63.0567931837109,353,1
63.0567931837109,354,1
64.0762495606023,355,1
64.0762495606023,356,1
64.585977749048,357,1
64.0762495606023,358,1
64.0762495606023,359,1
64.0762495606023,360,1
64.3311136548252,361,1
65.3505700317166,362,1
65.3505700317166,363,1
65.6054341259394,364,1
65.3505700317166,365,1
65.6054341259394,366,1
65.3505700317166,367,1
65.3505700317166,368,1
66.370026408608,369,1
65.8602982201623,370,1
66.6248905028309,371,1
66.6248905028309,372,1
66.8797545970537,373,1
66.1151623143851,374,1
66.8797545970537,375,1
67.1346186912766,376,1
66.8797545970537,377,1
66.8797545970537,378,1
67.3894827854994,379,1
67.1346186912766,380,1
68.154075068168,381,1
67.8992109739451,382,1
67.8992109739451,383,1
68.9186673508365,384,1
68.6638032566137,385,1
68.4089391623908,386,1
68.9186673508365,387,1
68.9186673508365,388,1
69.1735314450594,389,1
69.1735314450594,390,1
69.4283955392823,391,1
69.6832596335051,392,1
69.6832596335051,393,1
70.4478519161737,394,1
70.4478519161737,395,1
70.1929878219508,396,1
70.7027160103965,397,1
70.9575801046194,398,1
71.2124441988422,399,1
70.7027160103965,400,1
71.722172387288,401,1
71.722172387288,402,1
72.2319005757337,403,1
71.9770364815108,404,1
72.4867646699565,405,1
71.9770364815108,406,1
72.7416287641794,407,1
72.2319005757337,408,1
72.7416287641794,409,1
73.2513569526251,410,1
73.2513569526251,411,1
73.2513569526251,412,1
73.7610851410708,413,1
73.5062210468479,414,1
73.2513569526251,415,1
73.5062210468479,416,1
73.5062210468479,417,1
73.7610851410708,418,1
74.5256774237394,419,1
74.2708133295165,420,1
74.0159492352936,421,1
74.5256774237394,422,1
74.5256774237394,423,1
74.5256774237394,424,1
75.0354056121851,425,1
75.0354056121851,426,1
75.2902697064079,427,1
75.7999978948536,428,1
75.2902697064079,429,1
75.5451338006308,430,0
76.0548619890765,431,1
75.7999978948536,432,0
75.7999978948536,433,0
76.3097260832994,434,0
75.7999978948536,435,0
76.0548619890765,436,0
76.3097260832994,437,0
76.8194542717451,438,0
76.8194542717451,439,0
76.0548619890765,440,0
76.0548619890765,441,0
77.0743183659679,442,0
76.8194542717451,443,0
76.3097260832994,444,0
76.8194542717451,445,0
76.3097260832994,446,0
76.0548619890765,447,0
77.0743183659679,448,0
77.0743183659679,449,0
76.5645901775222,450,0
76.5645901775222,451,0
76.8194542717451,452,0
76.0548619890765,453,0
76.3097260832994,454,0
76.3097260832994,455,0
75.5451338006308,456,0
76.3097260832994,457,0
75.5451338006308,458,0
76.3097260832994,459,0
76.0548619890765,460,0
75.2902697064079,461,0
76.0548619890765,462,0
75.2902697064079,463,1
75.5451338006308,464,0
75.5451338006308,465,1
75.2902697064079,466,0
75.5451338006308,467,0
74.7805415179622,468,1
75.2902697064079,469,0
74.7805415179622,470,1
75.5451338006308,471,1
75.0354056121851,472,1
75.7999978948536,473,0
75.5451338006308,474,1
75.2902697064079,475,0
75.0354056121851,476,0
74.7805415179622,477,1
75.5451338006308,478,1
74.7805415179622,479,1
74.7805415179622,480,0
75.2902697064079,481,1
75.2902697064079,482,1
74.7805415179622,483,1
75.0354056121851,484,1
75.0354056121851,485,1
75.5451338006308,486,1
74.7805415179622,487,1
75.2902697064079,488,0
75.5451338006308,489,1
74.7805415179622,490,1
75.5451338006308,491,0
75.5451338006308,492,1
75.7999978948536,493,0
75.7999978948536,494,0
75.7999978948536,495,0
75.0354056121851,496,0
75.7999978948536,497,0
75.7999978948536,498,1
75.2902697064079,499,0
76.0548619890765,500,0
76.0548619890765,501,1
76.0548619890765,502,0
75.2902697064079,503,0
76.0548619890765,504,0
75.7999978948536,505,1
75.2902697064079,506,0
75.5451338006308,507,0
76.0548619890765,508,1
75.2902697064079,509,0
76.0548619890765,510,0
76.0548619890765,511,1
75.7999978948536,512,0
76.3097260832994,513,0
76.0548619890765,514,0
75.2902697064079,515,0
76.0548619890765,516,0
75.2902697064079,517,1
75.5451338006308,518,0
75.7999978948536,519,1
76.0548619890765,520,0
75.7999978948536,521,0
76.3097260832994,522,0
76.0548619890765,523,0
75.7999978948536,524,0
75.7999978948536,525,0
76.0548619890765,526,0
75.0354056121851,527,0
75.2902697064079,528,0
75.5451338006308,529,1
75.2902697064079,530,1
75.2902697064079,531,0
75.7999978948536,532,1
75.5451338006308,533,1
75.5451338006308,534,0
75.7999978948536,535,0
75.0354056121851,536,0
75.2902697064079,537,0
75.5451338006308,538,1
75.2902697064079,539,1
75.2902697064079,540,0
74.7805415179622,541,1
75.0354056121851,542,1
74.7805415179622,543,1
75.5451338006308,544,1
75.2902697064079,545,1
74.7805415179622,546,0
75.7999978948536,547,1
75.5451338006308,548,1
75.5451338006308,549,0
75.5451338006308,550,0
75.5451338006308,551,0
75.2902697064079,552,0
76.0548619890765,553,0
75.0354056121851,554,1
75.2902697064079,555,0
75.7999978948536,556,1
75.2902697064079,557,1
75.2902697064079,558,0
75.2902697064079,559,1
76.0548619890765,560,1
75.7999978948536,561,1
75.0354056121851,562,0
75.7999978948536,563,0
75.7999978948536,564,1
75.7999978948536,565,0
76.0548619890765,566,0
75.2902697064079,567,0
76.0548619890765,568,0
75.5451338006308,569,1
76.0548619890765,570,0
75.7999978948536,571,0
76.0548619890765,572,0
75.7999978948536,573,0
75.5451338006308,574,0
76.0548619890765,575,0
76.3097260832994,576,0
75.5451338006308,577,0
75.5451338006308,578,0
75.2902697064079,579,0
75.7999978948536,580,0
75.2902697064079,581,1
75.5451338006308,582,0
75.2902697064079,583,1
76.0548619890765,584,0
75.0354056121851,585,1
76.0548619890765,586,0
75.2902697064079,587,1
75.5451338006308,588,0
76.0548619890765,589,1
76.3097260832994,590,0
75.5451338006308,591,0
76.0548619890765,592,0
76.0548619890765,593,0
75.5451338006308,594,0
76.0548619890765,595,0
76.0548619890765,596,0
75.5451338006308,597,0
75.2902697064079,598,0
75.5451338006308,599,0
75.2902697064079,600,1
76.0548619890765,601,0
75.7999978948536,602,1
75.5451338006308,603,0
75.7999978948536,604,0
75.2902697064079,605,0
75.2902697064079,606,0
75.7999978948536,607,1
75.5451338006308,608,1
76.0548619890765,609,0
76.0548619890765,610,0
75.2902697064079,611,1
76.0548619890765,612,1
75.5451338006308,613,1
75.2902697064079,614,1
75.2902697064079,615,1
76.3097260832994,616,1
75.5451338006308,617,1
75.7999978948536,618,1
75.7999978948536,619,1
76.5645901775222,620,1
76.0548619890765,621,1
76.3097260832994,622,1
76.8194542717451,623,1
76.3097260832994,624,1
76.5645901775222,625,1
76.8194542717451,626,1
77.3291824601908,627,1
76.8194542717451,628,1
76.8194542717451,629,1
76.8194542717451,630,1
77.8389106486365,631,1
78.0937747428593,632,1
77.3291824601908,633,1
78.3486388370822,634,1
77.5840465544136,635,1
78.603502931305,636,1
78.603502931305,637,1
78.3486388370822,638,1
79.1132311197508,639,1
78.603502931305,640,1
78.603502931305,641,1
79.3680952139736,642,1
79.6229593081965,643,1
79.6229593081965,644,1
79.1132311197508,645,1
79.3680952139736,646,1
80.1326874966422,647,1
79.8778234024193,648,1
80.8972797793107,649,1
80.6424156850879,650,1
80.387551590865,651,1
81.4070079677565,652,1
80.6424156850879,653,1
80.8972797793107,654,1
81.6618720619793,655,1
82.171600250425,656,1
82.171600250425,657,1
81.6618720619793,658,1
81.6618720619793,659,1
82.4264643446479,660,1
82.6813284388707,661,1
82.171600250425,662,1
83.1910566273164,663,1
83.1910566273164,664,1
83.4459207215393,665,1
83.4459207215393,666,1
83.7007848157622,667,1
83.1910566273164,668,1
84.2105130042079,669,1
83.7007848157622,670,1
84.2105130042079,671,1
84.4653770984307,672,1
84.9751052868764,673,1
85.2299693810993,674,1
84.9751052868764,675,1
85.739697569545,676,1
85.2299693810993,677,1
85.2299693810993,678,1
85.9945616637678,679,1
86.5042898522136,680,1
85.9945616637678,681,1
86.5042898522136,682,1
86.7591539464364,683,1
86.2494257579907,684,1
86.7591539464364,685,1
87.0140180406593,686,1
87.0140180406593,687,1
87.523746229105,688,1
87.7786103233278,689,1
87.7786103233278,690,1
87.523746229105,691,1
87.523746229105,692,1
87.523746229105,693,1
88.5432026059964,694,1
88.7980667002192,695,1
88.2883385117735,696,1
89.0529307944421,697,1
88.5432026059964,698,1
88.7980667002192,699,1
89.0529307944421,700,1
89.8175230771107,701,1
89.8175230771107,702,1
89.307794888665,703,1
89.8175230771107,704,1
89.8175230771107,705,1
89.8175230771107,706,1
90.0723871713335,707,1
90.5821153597792,708,1
90.5821153597792,709,1
91.091843548225,710,1
90.8369794540021,711,1
90.8369794540021,712,1
90.8369794540021,713,1
91.6015717366707,714,1
92.1112999251164,715,1
91.6015717366707,716,1
92.1112999251164,717,1
91.6015717366707,718,1
92.1112999251164,719,1
92.6210281135621,720,1
92.875892207785,721,1
92.3661640193392,722,1
92.6210281135621,723,1
93.3856203962307,724,1
92.6210281135621,725,1
93.1307563020078,726,1
93.6404844904535,727,1
93.8953485846764,728,1
94.1502126788992,729,1
94.4050767731221,730,1
94.4050767731221,731,1
94.4050767731221,732,1
94.6599408673449,733,1
94.1502126788992,734,1
95.1696690557906,735,1
95.1696690557906,736,1
94.6599408673449,737,1
95.1696690557906,738,1
94.9148049615678,739,1
95.9342613384592,740,1
96.4439895269049,741,1
95.6793972442364,742,1
95.6793972442364,743,1
95.9342613384592,744,1
96.6988536211278,745,1
96.6988536211278,746,1
96.6988536211278,747,1
96.6988536211278,748,1
97.2085818095735,749,1
96.9537177153506,750,1
97.4634459037963,751,1
97.4634459037963,752,1
97.2085818095735,753,1
97.4634459037963,754,1
97.4634459037963,755,1
97.7183099980192,756,1
97.7183099980192,757,1
98.4829022806878,758,1
98.4829022806878,759,1
98.4829022806878,760,1
98.9926304691335,761,1
98.4829022806878,762,1
98.7377663749106,763,1
99.2474945633563,764,1
99.757222751802,765,1
99.2474945633563,766,1
100.012086846025,767,1
99.5023586575792,768,1
99.757222751802,769,1
99.757222751802,770,1
99.757222751802,771,1
100.521815034471,772,1
100.266950940248,773,1
100.266950940248,774,1
100.266950940248,775,1
100.649247081582,776,1
100.521815034471,777,1
100.649247081582,778,1
101.286407317139,779,1
101.413839364251,780,1
101.541271411362,781,1
101.541271411362,782,1
101.286407317139,783,1
101.541271411362,784,1
101.541271411362,785,1
101.541271411362,786,1
101.796135505585,787,1
102.560727788253,788,1
102.050999599808,789,1
102.050999599808,790,1
102.815591882476,791,1
103.070455976699,792,1
102.815591882476,793,1
102.815591882476,794,1
103.580184165145,795,1
103.325320070922,796,1
103.070455976699,797,1
103.325320070922,798,1
104.089912353591,799,1
103.580184165145,800,1
104.089912353591,801,1
104.599640542036,802,1
104.089912353591,803,1
104.089912353591,804,1
104.599640542036,805,1
104.344776447813,806,1
104.599640542036,807,1
104.854504636259,808,1
105.364232824705,809,1
105.109368730482,810,1
105.873961013151,811,1
105.873961013151,812,1
105.619096918928,813,1
105.873961013151,814,1
106.383689201596,815,1
106.383689201596,816,1
106.638553295819,817,1
106.128825107373,818,1
106.383689201596,819,1
106.893417390042,820,1
106.638553295819,821,1
106.893417390042,822,1
106.893417390042,823,1
107.148281484265,824,1
107.658009672711,825,1
107.148281484265,826,1
107.658009672711,827,1
107.912873766933,828,1
108.167737861156,829,1
107.912873766933,830,1
108.422601955379,831,1
108.167737861156,832,1
108.422601955379,833,1
108.422601955379,834,1
108.932330143825,835,1
108.677466049602,836,1
109.442058332271,837,1
108.677466049602,838,1
109.696922426493,839,1
109.696922426493,840,1
109.187194238048,841,1
109.951786520716,842,1
109.442058332271,843,1
110.461514709162,844,1
110.461514709162,845,1
109.696922426493,846,1
110.461514709162,847,1
110.461514709162,848,1
110.971242897608,849,1
110.206650614939,850,1
110.971242897608,851,1
110.716378803385,852,1
111.480971086053,853,1
111.226106991831,854,1
111.226106991831,855,1
111.735835180276,856,1
111.990699274499,857,1
111.480971086053,858,1
112.245563368722,859,1
111.735835180276,860,1
112.500427462945,861,1
111.990699274499,862,1
112.500427462945,863,1
112.245563368722,864,1
113.010155651391,865,1
113.010155651391,866,1
113.265019745613,867,1
113.010155651391,868,1
113.010155651391,869,1
113.519883839836,870,1
113.265019745613,871,1
113.265019745613,872,1
113.519883839836,873,1
114.029612028282,874,1
113.519883839836,875,1
113.519883839836,876,1
114.029612028282,877,1
114.539340216728,878,1
114.539340216728,879,1
114.029612028282,880,1
114.79420431095,881,1
114.284476122505,882,1
114.79420431095,883,1
114.79420431095,884,1
114.79420431095,885,1
115.558796593619,886,1
114.79420431095,887,1
115.813660687842,888,1
115.558796593619,889,1
115.303932499396,890,1
115.813660687842,891,1
115.558796593619,892,1
116.323388876288,893,1
115.813660687842,894,0
115.558796593619,895,1
115.813660687842,896,1
116.068524782065,897,1
115.813660687842,898,1
117.087981158956,899,1
116.833117064733,900,0
116.833117064733,901,0
117.087981158956,902,0
116.57825297051,903,0
116.833117064733,904,0
116.833117064733,905,0
117.597709347402,906,0
116.833117064733,907,0
117.087981158956,908,0
117.087981158956,909,0
117.597709347402,910,0
117.597709347402,911,0
117.087981158956,912,0
117.597709347402,913,0
117.087981158956,914,0
117.597709347402,915,0
116.833117064733,916,0
117.597709347402,917,0
117.597709347402,918,0
116.57825297051,919,0
117.087981158956,920,0
116.57825297051,921,0
116.323388876288,922,0
116.57825297051,923,0
116.068524782065,924,0
117.087981158956,925,1
116.57825297051,926,0
116.833117064733,927,0
116.068524782065,928,0
116.833117064733,929,1
116.323388876288,930,0
115.813660687842,931,0
116.57825297051,932,1
115.558796593619,933,0
115.558796593619,934,1
115.558796593619,935,1
115.303932499396,936,1
115.813660687842,937,1
116.068524782065,938,1
115.303932499396,939,1
115.303932499396,940,1
115.813660687842,941,1
115.813660687842,942,1
115.813660687842,943,1
115.303932499396,944,1
115.049068405173,945,1
115.813660687842,946,1
116.068524782065,947,1
115.558796593619,948,1
116.068524782065,949,1
115.303932499396,950,1
116.068524782065,951,1
115.303932499396,952,1
116.323388876288,953,1
115.813660687842,954,0
116.068524782065,955,1
115.303932499396,956,1
116.068524782065,957,1
116.323388876288,958,1
115.813660687842,959,0
115.813660687842,960,1
116.57825297051,961,1
116.068524782065,962,0
116.323388876288,963,1
115.558796593619,964,0
116.068524782065,965,1
116.323388876288,966,1
116.068524782065,967,0
115.813660687842,968,1
116.068524782065,969,1
116.323388876288,970,1
116.323388876288,971,0
116.323388876288,972,0
116.833117064733,973,0
116.068524782065,974,0
116.068524782065,975,1
116.068524782065,976,1
116.57825297051,977,1
115.813660687842,978,0
116.323388876288,979,1
116.833117064733,980,0
116.068524782065,981,0
116.833117064733,982,1
116.068524782065,983,0
116.068524782065,984,1
115.813660687842,985,1
116.57825297051,986,1
116.57825297051,987,0
115.813660687842,988,0
116.323388876288,989,1
116.323388876288,990,0
115.813660687842,991,0
116.068524782065,992,1
116.323388876288,993,1
116.833117064733,994,0
115.813660687842,995,0
116.068524782065,996,1
116.068524782065,997,1
116.833117064733,998,1
115.813660687842,999,0
116.57825297051,1000,1
116.57825297051,1001,0
116.068524782065,1002,0
116.068524782065,1003,1
115.558796593619,1004,1
115.813660687842,1005,1
116.833117064733,1006,1
116.068524782065,1007,0
116.57825297051,1008,1
115.813660687842,1009,0
116.068524782065,1010,1
115.558796593619,1011,1
116.57825297051,1012,1
115.813660687842,1013,0
116.323388876288,1014,1
115.813660687842,1015,0
116.57825297051,1016,1
116.57825297051,1017,0
116.068524782065,1018,0
116.57825297051,1019,1
116.323388876288,1020,0
115.813660687842,1021,0
116.068524782065,1022,1
116.068524782065,1023,1
116.57825297051,1024,1
115.813660687842,1025,0
116.068524782065,1026,1
116.068524782065,1027,1
117.087981158956,1028,1
116.57825297051,1029,0
116.57825297051,1030,0
116.068524782065,1031,0
116.323388876288,1032,1
116.833117064733,1033,0
116.833117064733,1034,0
116.57825297051,1035,0
116.323388876288,1036,0
115.813660687842,1037,0
116.323388876288,1038,1
116.068524782065,1039,0
116.833117064733,1040,1
116.57825297051,1041,0
116.068524782065,1042,0
116.323388876288,1043,1
116.57825297051,1044,0
116.068524782065,1045,0
116.833117064733,1046,1
116.068524782065,1047,0
116.57825297051,1048,1
116.833117064733,1049,0
116.323388876288,1050,0
116.57825297051,1051,0
116.57825297051,1052,0
116.068524782065,1053,0
116.068524782065,1054,1
116.57825297051,1055,1
115.813660687842,1056,0
116.57825297051,1057,1
115.813660687842,1058,0
115.813660687842,1059,1
115.813660687842,1060,1
116.068524782065,1061,1
116.323388876288,1062,1
115.558796593619,1063,0
116.323388876288,1064,1
116.323388876288,1065,0
116.068524782065,1066,0
116.57825297051,1067,1
116.323388876288,1068,0
115.813660687842,1069,0
115.813660687842,1070,1
116.068524782065,1071,1
115.813660687842,1072,1
116.323388876288,1073,1
116.57825297051,1074,0
116.57825297051,1075,1
116.323388876288,1076,1
116.068524782065,1077,1
116.068524782065,1078,1
116.068524782065,1079,1
116.833117064733,1080,1
116.323388876288,1081,1
116.833117064733,1082,1
116.068524782065,1083,1
116.57825297051,1084,1
117.342845253179,1085,1
116.833117064733,1086,1
116.833117064733,1087,1
116.57825297051,1088,1
117.597709347402,1089,1
116.833117064733,1090,1
117.852573441625,1091,1
117.087981158956,1092,1
117.342845253179,1093,1
117.852573441625,1094,1
117.342845253179,1095,1
118.107437535848,1096,1
117.852573441625,1097,1
118.36230163007,1098,1
118.36230163007,1099,1
118.617165724293,1100,1
118.617165724293,1101,1
118.872029818516,1102,1
118.872029818516,1103,1
118.36230163007,1104,1
119.381758006962,1105,1
118.872029818516,1106,1
118.872029818516,1107,1
118.872029818516,1108,1
119.891486195408,1109,1
119.126893912739,1110,1
119.636622101185,1111,1
119.381758006962,1112,1
120.401214383853,1113,1
120.656078478076,1114,1
120.401214383853,1115,1
119.891486195408,1116,1
120.656078478076,1117,1
120.401214383853,1118,1
120.401214383853,1119,1
121.420670760745,1120,1
120.910942572299,1121,1
121.165806666522,1122,1
121.165806666522,1123,1
121.165806666522,1124,1
122.185263043413,1125,1
121.675534854968,1126,1
121.675534854968,1127,1
121.675534854968,1128,1
122.185263043413,1129,1
122.185263043413,1130,1
123.204719420305,1131,1
122.694991231859,1132,1
123.459583514528,1133,1
122.949855326082,1134,1
123.204719420305,1135,1
122.949855326082,1136,1
123.459583514528,1137,1
123.459583514528,1138,1
124.224175797196,1139,1
123.969311702973,1140,1
123.71444760875,1141,1
123.969311702973,1142,1
124.733903985642,1143,1
124.224175797196,1144,1
124.479039891419,1145,1
125.243632174088,1146,1
124.733903985642,1147,1
125.243632174088,1148,1
125.49849626831,1149,1
125.243632174088,1150,1
125.243632174088,1151,1
125.49849626831,1152,1
126.263088550979,1153,1
125.753360362533,1154,1
126.517952645202,1155,1
126.772816739425,1156,1
126.263088550979,1157,1
126.517952645202,1158,1
126.263088550979,1159,1
126.772816739425,1160,1
126.772816739425,1161,1
126.772816739425,1162,1
127.537409022093,1163,1
127.792273116316,1164,1
127.28254492787,1165,1
128.047137210539,1166,1
127.537409022093,1167,1
127.28254492787,1168,1
128.302001304762,1169,1
127.537409022093,1170,1
128.556865398985,1171,1
128.556865398985,1172,1
128.811729493208,1173,1
128.811729493208,1174,1
128.302001304762,1175,1
128.556865398985,1176,1
128.556865398985,1177,1
128.556865398985,1178,1
129.321457681653,1179,1
129.321457681653,1180,1
129.576321775876,1181,1
129.321457681653,1182,1
129.321457681653,1183,1
130.086049964322,1184,1
130.340914058545,1185,1
130.340914058545,1186,1
130.086049964322,1187,1
130.340914058545,1188,1
131.105506341213,1189,1
131.105506341213,1190,1
131.360370435436,1191,1
130.85064224699,1192,1
131.105506341213,1193,1
131.870098623882,1194,1
131.360370435436,1195,1
131.870098623882,1196,1
132.124962718105,1197,1
131.360370435436,1198,1
132.379826812327,1199,1
132.63469090655,1200,1
132.379826812327,1201,1
131.870098623882,1202,1
132.63469090655,1203,1
132.889555000773,1204,1
132.889555000773,1205,1
132.124962718105,1206,1
132.63469090655,1207,1
133.399283189219,1208,1
133.399283189219,1209,1
133.654147283442,1210,1
133.144419094996,1211,1
133.399283189219,1212,1
133.909011377665,1213,1
134.41873956611,1214,1
133.654147283442,1215,1
133.909011377665,1216,1
133.909011377665,1217,1
134.41873956611,1218,1
134.928467754556,1219,1
134.163875471887,1220,1
134.163875471887,1221,1
135.183331848779,1222,1
134.928467754556,1223,1
134.673603660333,1224,1
134.928467754556,1225,1
135.947924131447,1226,1
135.438195943002,1227,1
135.947924131447,1228,1
135.438195943002,1229,1
135.947924131447,1230,1
135.693060037225,1231,1
136.457652319893,1232,1
136.20278822567,1233,1
136.457652319893,1234,1
136.712516414116,1235,1
136.20278822567,1236,1
136.20278822567,1237,1
136.712516414116,1238,1
136.712516414116,1239,1
137.222244602562,1240,1
136.457652319893,1241,1
136.967380508339,1242,1
136.712516414116,1243,1
137.731972791007,1244,1
137.222244602562,1245,1
137.98683688523,1246,1
137.222244602562,1247,1
137.731972791007,1248,1
137.731972791007,1249,1
137.731972791007,1250,1
138.241700979453,1251,1
138.496565073676,1252,1
138.751429167899,1253,1
138.496565073676,1254,1
138.496565073676,1255,1
138.496565073676,1256,1
139.261157356345,1257,1
139.516021450567,1258,1
139.006293262122,1259,1
139.516021450567,1260,1
139.006293262122,1261,1
139.261157356345,1262,1
140.025749639013,1263,1
139.516021450567,1264,1
139.77088554479,1265,1
140.025749639013,1266,1
140.025749639013,1267,1
140.025749639013,1268,1
140.025749639013,1269,1
140.280613733236,1270,1
140.535477827459,1271,1
141.300070110127,1272,1
140.790341921682,1273,1
140.535477827459,1274,1
141.55493420435,1275,1
141.045206015905,1276,1
141.045206015905,1277,1
141.809798298573,1278,1
141.55493420435,1279,1
141.55493420435,1280,1
141.55493420435,1281,1
141.55493420435,1282,1
141.55493420435,1283,1
141.809798298573,1284,1
142.319526487019,1285,1
142.829254675465,1286,1
142.574390581242,1287,1
142.574390581242,1288,1
142.319526487019,1289,1
142.064662392796,1290,1
142.829254675465,1291,1
142.319526487019,1292,1
143.084118769687,1293,1
142.829254675465,1294,1
143.33898286391,1295,1
143.33898286391,1296,1
142.829254675465,1297,1
143.593846958133,1298,1
143.33898286391,1299,1
144.103575146579,1300,1
143.593846958133,1301,1
144.103575146579,1302,1
143.848711052356,1303,1
144.613303335025,1304,1
144.103575146579,1305,1
144.358439240802,1306,1
144.868167429247,1307,1
145.12303152347,1308,1
144.358439240802,1309,1
144.358439240802,1310,1
144.358439240802,1311,1
144.868167429247,1312,1
145.377895617693,1313,1
144.868167429247,1314,1
145.12303152347,1315,1
145.377895617693,1316,1
145.887623806139,1317,1
146.142487900362,1318,1
145.887623806139,1319,1
146.397351994585,1320,1
145.632759711916,1321,1
145.887623806139,1322,1
146.397351994585,1323,1
146.652216088807,1324,1
146.142487900362,1325,1
146.397351994585,1326,1
146.142487900362,1327,1
146.652216088807,1328,1
146.397351994585,1329,1
146.652216088807,1330,1
147.416808371476,1331,1
147.416808371476,1332,1
147.671672465699,1333,1
147.161944277253,1334,1
147.926536559922,1335,1
147.671672465699,1336,1
147.161944277253,1337,1
147.416808371476,1338,1
147.671672465699,1339,1
147.671672465699,1340,1
147.671672465699,1341,1
147.926536559922,1342,1
148.181400654145,1343,1
148.69112884259,1344,1
148.436264748367,1345,1
148.436264748367,1346,1
148.181400654145,1347,1
148.945992936813,1348,1
149.200857031036,1349,1
149.200857031036,1350,1
149.200857031036,1351,1
148.945992936813,1352,1
149.200857031036,1353,1
149.200857031036,1354,1
149.965449313705,1355,1
149.965449313705,1356,1
149.455721125259,1357,1
149.710585219482,1358,1
149.965449313705,1359,1
150.47517750215,1360,1
149.710585219482,1361,1
149.965449313705,1362,1
150.730041596373,1363,1
150.730041596373,1364,1
150.730041596373,1365,1
150.984905690596,1366,1
150.47517750215,1367,1
150.730041596373,1368,1
151.239769784819,1369,1
150.984905690596,1370,1
151.494633879042,1371,1
151.239769784819,1372,1
150.984905690596,1373,1
151.239769784819,1374,1
151.749497973264,1375,1
152.004362067487,1376,1
152.004362067487,1377,1
152.004362067487,1378,1
152.25922616171,1379,1
151.749497973264,1380,1
152.514090255933,1381,1
152.768954350156,1382,1
152.004362067487,1383,1
152.768954350156,1384,1
153.023818444379,1385,1
153.023818444379,1386,1
152.514090255933,1387,1
152.514090255933,1388,1
152.514090255933,1389,1
153.278682538602,1390,1
153.023818444379,1391,1
153.278682538602,1392,1
153.278682538602,1393,1
153.533546632824,1394,1
153.788410727047,1395,1
153.278682538602,1396,1
153.788410727047,1397,1
154.298138915493,1398,1
153.788410727047,1399,1
154.298138915493,1400,1
154.298138915493,1401,1
154.04327482127,1402,1
153.788410727047,1403,1
154.553003009716,1404,1
154.807867103939,1405,1
155.062731198162,1406,1
154.298138915493,1407,1
154.807867103939,1408,1
154.553003009716,1409,1
154.807867103939,1410,1
155.317595292384,1411,1
154.807867103939,1412,1
155.062731198162,1413,1
155.572459386607,1414,1
155.317595292384,1415,1
155.317595292384,1416,1
155.82732348083,1417,1
156.082187575053,1418,1
155.572459386607,1419,1
156.337051669276,1420,1
155.82732348083,1421,1
156.337051669276,1422,1
156.591915763499,1423,1
156.591915763499,1424,1
156.082187575053,1425,1
157.101643951944,1426,1
156.591915763499,1427,0
156.846779857722,1428,1
156.591915763499,1429,1
157.356508046167,1430,1
156.846779857722,1431,0
156.846779857722,1432,1
157.101643951944,1433,1
157.356508046167,1434,0
157.101643951944,1435,0
157.356508046167,1436,0
157.866236234613,1437,0
157.101643951944,1438,0
157.866236234613,1439,0
157.866236234613,1440,0
157.61137214039,1441,0
157.61137214039,1442,0
157.356508046167,1443,0
157.101643951944,1444,0
156.846779857722,1445,0
157.101643951944,1446,1
156.846779857722,1447,0
157.356508046167,1448,1
157.101643951944,1449,0
157.101643951944,1450,0
156.591915763499,1451,0
157.101643951944,1452,1
156.337051669276,1453,0
157.101643951944,1454,1
156.337051669276,1455,0
156.846779857722,1456,1
156.846779857722,1457,1
157.101643951944,1458,1
156.082187575053,1459,0
156.591915763499,1460,1
156.591915763499,1461,1
156.846779857722,1462,1
156.337051669276,1463,1
156.846779857722,1464,1
155.82732348083,1465,1
156.082187575053,1466,1
156.082187575053,1467,1
156.591915763499,1468,1
156.082187575053,1469,1
155.82732348083,1470,1
156.591915763499,1471,1
155.82732348083,1472,1
156.082187575053,1473,1
156.591915763499,1474,1
156.082187575053,1475,1
156.591915763499,1476,1
156.591915763499,1477,1
156.846779857722,1478,1
155.82732348083,1479,1
156.337051669276,1480,1
156.846779857722,1481,1
156.337051669276,1482,1
156.591915763499,1483,1
156.846779857722,1484,1
156.846779857722,1485,1
157.356508046167,1486,1
156.846779857722,1487,0
156.591915763499,1488,1
157.101643951944,1489,1
156.846779857722,1490,0
157.61137214039,1491,1
157.101643951944,1492,0
157.356508046167,1493,0
156.846779857722,1494,0
157.101643951944,1495,1
157.356508046167,1496,0
157.356508046167,1497,0
157.356508046167,1498,0
157.101643951944,1499,0
157.356508046167,1500,0
156.846779857722,1501,0
156.846779857722,1502,1
156.846779857722,1503,1
157.356508046167,1504,1
156.846779857722,1505,0
157.356508046167,1506,1
157.356508046167,1507,0
157.101643951944,1508,0
156.591915763499,1509,0
157.101643951944,1510,1
156.337051669276,1511,0
157.356508046167,1512,1
156.337051669276,1513,0
157.101643951944,1514,1
156.846779857722,1515,0
156.846779857722,1516,1
156.846779857722,1517,1
156.846779857722,1518,1
156.082187575053,1519,1
156.846779857722,1520,1
156.082187575053,1521,1
156.846779857722,1522,1
156.082187575053,1523,1
156.846779857722,1524,1
156.082187575053,1525,1
156.846779857722,1526,1
156.846779857722,1527,1
156.846779857722,1528,1
156.082187575053,1529,1
157.101643951944,1530,1
156.337051669276,1531,0
157.101643951944,1532,1
156.846779857722,1533,0
156.082187575053,1534,1
156.591915763499,1535,1
156.082187575053,1536,1
156.591915763499,1537,1
156.591915763499,1538,1
157.101643951944,1539,1
156.846779857722,1540,0
156.337051669276,1541,1
156.846779857722,1542,1
156.846779857722,1543,1
156.337051669276,1544,1
156.337051669276,1545,1
156.846779857722,1546,1
156.591915763499,1547,1
156.591915763499,1548,1
156.846779857722,1549,1
157.101643951944,1550,1
156.337051669276,1551,0
156.846779857722,1552,1
156.846779857722,1553,1
156.591915763499,1554,1
156.591915763499,1555,1
157.101643951944,1556,1
156.591915763499,1557,0
157.356508046167,1558,1
157.101643951944,1559,0
156.591915763499,1560,0
157.356508046167,1561,1
156.591915763499,1562,0
156.846779857722,1563,1
157.101643951944,1564,1
157.61137214039,1565,0
156.846779857722,1566,0
156.846779857722,1567,1
156.846779857722,1568,1
157.356508046167,1569,1
157.356508046167,1570,0
156.846779857722,1571,0
157.101643951944,1572,1
157.101643951944,1573,0
156.846779857722,1574,0
157.356508046167,1575,1
156.846779857722,1576,0
157.101643951944,1577,1
156.846779857722,1578,0
157.61137214039,1579,1
157.101643951944,1580,0
156.591915763499,1581,0
157.61137214039,1582,1
157.101643951944,1583,0
156.591915763499,1584,0
157.101643951944,1585,1
156.591915763499,1586,0
157.356508046167,1587,1
157.356508046167,1588,0
157.356508046167,1589,0
157.101643951944,1590,0
156.591915763499,1591,0
156.846779857722,1592,1
156.591915763499,1593,1
157.356508046167,1594,1
156.591915763499,1595,0
156.591915763499,1596,1
157.101643951944,1597,1
156.337051669276,1598,0
156.337051669276,1599,1
156.846779857722,1600,1
156.337051669276,1601,1
156.591915763499,1602,1
157.101643951944,1603,1
156.846779857722,1604,0
156.591915763499,1605,1
156.337051669276,1606,1
156.337051669276,1607,1
156.591915763499,1608,1
156.846779857722,1609,1
156.591915763499,1610,1
157.101643951944,1611,1
156.846779857722,1612,1
156.591915763499,1613,1
157.101643951944,1614,1
157.356508046167,1615,1
157.101643951944,1616,1
157.101643951944,1617,1
156.846779857722,1618,1
157.101643951944,1619,1
157.356508046167,1620,1
157.61137214039,1621,1
157.866236234613,1622,1
157.61137214039,1623,1
157.356508046167,1624,1
158.121100328836,1625,1
158.121100328836,1626,1
158.375964423059,1627,1
157.61137214039,1628,1
158.375964423059,1629,1
157.866236234613,1630,1
157.866236234613,1631,1
158.375964423059,1632,1
158.630828517282,1633,1
158.630828517282,1634,1
159.140556705727,1635,1
159.140556705727,1636,1
158.630828517282,1637,1
158.885692611504,1638,1
159.650284894173,1639,1
159.650284894173,1640,1
159.650284894173,1641,1
159.650284894173,1642,1
159.650284894173,1643,1
159.39542079995,1644,1
159.39542079995,1645,1
160.160013082619,1646,1
159.650284894173,1647,1
159.650284894173,1648,1
159.905148988396,1649,1
160.160013082619,1650,1
160.414877176842,1651,1
160.414877176842,1652,1
160.414877176842,1653,1
160.414877176842,1654,1
160.669741271064,1655,1
161.434333553733,1656,1
161.434333553733,1657,1
161.689197647956,1658,1
161.434333553733,1659,1
161.434333553733,1660,1
161.434333553733,1661,1
162.198925836402,1662,1
162.198925836402,1663,1
161.944061742179,1664,1
162.453789930624,1665,1
162.198925836402,1666,1
162.708654024847,1667,1
162.708654024847,1668,1
162.708654024847,1669,1
163.218382213293,1670,1
162.96351811907,1671,1
162.96351811907,1672,1
163.218382213293,1673,1
162.96351811907,1674,1
162.96351811907,1675,1
163.728110401739,1676,1
163.218382213293,1677,1
163.473246307516,1678,1
163.473246307516,1679,1
163.982974495962,1680,1
163.728110401739,1681,1
164.492702684407,1682,1
164.74756677863,1683,1
163.982974495962,1684,1
164.492702684407,1685,1
164.492702684407,1686,1
164.492702684407,1687,1
164.74756677863,1688,1
164.74756677863,1689,1
165.512159061299,1690,1
165.257294967076,1691,1
165.002430872853,1692,1
165.002430872853,1693,1
165.767023155522,1694,1
165.257294967076,1695,1
165.257294967076,1696,1
165.257294967076,1697,1
165.512159061299,1698,1
166.021887249744,1699,1
166.53161543819,1700,1
166.53161543819,1701,1
166.021887249744,1702,1
166.53161543819,1703,1
166.021887249744,1704,1
166.786479532413,1705,1
166.786479532413,1706,1
166.276751343967,1707,1
166.786479532413,1708,1
166.786479532413,1709,1
167.551071815082,1710,1
167.551071815082,1711,1
167.041343626636,1712,1
167.805935909304,1713,1
167.296207720859,1714,1
168.060800003527,1715,1
167.551071815082,1716,1
167.551071815082,1717,1
167.805935909304,1718,1
167.805935909304,1719,1
168.060800003527,1720,1
168.570528191973,1721,1
168.570528191973,1722,1
168.570528191973,1723,1
168.060800003527,1724,1
168.31566409775,1725,1
168.570528191973,1726,1
169.080256380419,1727,1
169.080256380419,1728,1
168.570528191973,1729,1
168.825392286196,1730,1
169.335120474642,1731,1
169.589984568864,1732,1
169.080256380419,1733,1
169.335120474642,1734,1
170.09971275731,1735,1
169.589984568864,1736,1
169.589984568864,1737,1
169.589984568864,1738,1
170.09971275731,1739,1
170.354576851533,1740,1
169.844848663087,1741,1
170.864305039979,1742,1
170.482008898644,1743,1
170.09971275731,1744,1
170.354576851533,1745,1
170.609440945756,1746,1
170.609440945756,1747,1
170.736872992867,1748,1
170.864305039979,1749,1
170.609440945756,1750,1
171.119169134201,1751,1
170.864305039979,1752,1
170.864305039979,1753,1
171.628897322647,1754,1
171.501465275536,1755,1
171.374033228424,1756,1
172.138625511093,1757,1
172.138625511093,1758,1
172.138625511093,1759,1
172.138625511093,1760,1
172.393489605316,1761,1
172.138625511093,1762,1
172.393489605316,1763,1
171.88376141687,1764,1
172.648353699539,1765,1
172.903217793761,1766,1
172.648353699539,1767,1
172.648353699539,1768,1
172.903217793761,1769,1
172.648353699539,1770,1
172.648353699539,1771,1
173.412945982207,1772,1
173.158081887984,1773,1
172.903217793761,1774,1
173.66781007643,1775,1
173.922674170653,1776,1
173.922674170653,1777,1
174.177538264876,1778,1
173.66781007643,1779,1
173.922674170653,1780,1
174.432402359099,1781,1
173.922674170653,1782,1
174.432402359099,1783,1
173.922674170653,1784,1
173.922674170653,1785,1
174.687266453321,1786,1
174.432402359099,1787,1
174.942130547544,1788,1
174.432402359099,1789,1
175.196994641767,1790,1
175.196994641767,1791,1
175.196994641767,1792,1
175.196994641767,1793,1
174.687266453321,1794,1
175.706722830213,1795,1
175.196994641767,1796,1
175.706722830213,1797,1
175.961586924436,1798,1
175.706722830213,1799,1
175.706722830213,1800,1
175.961586924436,1801,1
175.961586924436,1802,1
175.961586924436,1803,1
175.706722830213,1804,1
176.471315112881,1805,1
175.961586924436,1806,1
176.471315112881,1807,1
176.726179207104,1808,1
175.961586924436,1809,1
176.981043301327,1810,1
176.471315112881,1811,1
176.471315112881,1812,1
176.726179207104,1813,1
176.726179207104,1814,1
177.23590739555,1815,1
176.981043301327,1816,1
177.23590739555,1817,1
177.490771489773,1818,1
177.490771489773,1819,1
177.745635583996,1820,1
177.745635583996,1821,1
178.000499678219,1822,1
178.255363772441,1823,1
177.490771489773,1824,1
177.490771489773,1825,1
177.490771489773,1826,1
177.490771489773,1827,1
177.490771489773,1828,1
178.510227866664,1829,1
177.745635583996,1830,1
178.255363772441,1831,1
178.765091960887,1832,1
178.765091960887,1833,1
178.510227866664,1834,1
178.765091960887,1835,1
179.274820149333,1836,1
179.274820149333,1837,1
178.765091960887,1838,1
178.765091960887,1839,1
179.274820149333,1840,1
179.01995605511,1841,1
179.784548337779,1842,1
179.274820149333,1843,1
179.529684243556,1844,1
179.529684243556,1845,1
180.039412432001,1846,1
179.784548337779,1847,1
179.784548337779,1848,1
180.039412432001,1849,1
179.529684243556,1850,1
180.039412432001,1851,1
180.549140620447,1852,1
180.039412432001,1853,1
180.549140620447,1854,1
179.784548337779,1855,1
180.549140620447,1856,1
180.80400471467,1857,1
180.294276526224,1858,1
180.80400471467,1859,1
180.80400471467,1860,1
180.549140620447,1861,1
180.549140620447,1862,1
180.294276526224,1863,1
180.80400471467,1864,1
181.058868808893,1865,1
181.058868808893,1866,1
181.058868808893,1867,1
180.549140620447,1868,1
181.313732903116,1869,1
181.058868808893,1870,1
181.568596997339,1871,1
181.058868808893,1872,1
181.313732903116,1873,1
181.313732903116,1874,1
181.823461091561,1875,1
181.568596997339,1876,1
181.568596997339,1877,1
181.823461091561,1878,1
182.333189280007,1879,1
181.823461091561,1880,1
181.823461091561,1881,1
182.58805337423,1882,1
182.58805337423,1883,1
182.58805337423,1884,1
182.333189280007,1885,1
182.58805337423,1886,1
182.842917468453,1887,1
182.58805337423,1888,1
182.842917468453,1889,1
183.352645656899,1890,1
183.607509751121,1891,1
183.607509751121,1892,1
183.862373845344,1893,1
183.862373845344,1894,1
183.862373845344,1895,1
183.352645656899,1896,1
183.607509751121,1897,1
183.352645656899,1898,1
183.607509751121,1899,1
183.352645656899,1900,1
183.607509751121,1901,1
184.37210203379,1902,1
183.862373845344,1903,1
183.862373845344,1904,1
184.626966128013,1905,1
184.117237939567,1906,1
184.626966128013,1907,1
184.117237939567,1908,1
184.881830222236,1909,1
184.117237939567,1910,1
185.136694316459,1911,1
184.881830222236,1912,1
184.881830222236,1913,1
185.391558410681,1914,1
185.391558410681,1915,1
185.391558410681,1916,1
185.391558410681,1917,1
185.646422504904,1918,1
185.136694316459,1919,1
184.881830222236,1920,1
185.136694316459,1921,1
185.901286599127,1922,1
185.901286599127,1923,1
185.391558410681,1924,1
186.15615069335,1925,1
185.646422504904,1926,1
186.411014787573,1927,1
185.901286599127,1928,1
186.665878881796,1929,1
186.15615069335,1930,1
186.15615069335,1931,1
186.411014787573,1932,1
186.411014787573,1933,1
186.15615069335,1934,1
186.920742976019,1935,1
187.175607070241,1936,1
186.920742976019,1937,1
186.920742976019,1938,1
186.920742976019,1939,1
186.920742976019,1940,1
187.175607070241,1941,1
187.430471164464,1942,1
187.175607070241,1943,1
187.685335258687,1944,1
187.94019935291,1945,1
187.94019935291,1946,1
187.430471164464,1947,1
187.94019935291,1948,1
187.685335258687,1949,1
188.195063447133,1950,1
188.195063447133,1951,1
188.195063447133,1952,1
188.449927541356,1953,1
188.449927541356,1954,1
188.195063447133,1955,1
188.449927541356,1956,1
188.704791635579,1957,1
188.195063447133,1958,1
188.449927541356,1959,1
188.449927541356,1960,1
188.704791635579,1961,1
188.449927541356,1962,1
188.959655729801,1963,1
188.704791635579,1964,1
188.959655729801,1965,1
189.469383918247,1966,1
189.72424801247,1967,1
188.959655729801,1968,1
189.214519824024,1969,1
189.214519824024,1970,1
189.72424801247,1971,1
189.72424801247,1972,1
189.469383918247,1973,1
189.72424801247,1974,1
189.469383918247,1975,1
189.979112106693,1976,1
189.469383918247,1977,1
189.72424801247,1978,1
189.72424801247,1979,1
189.72424801247,1980,1
190.233976200916,1981,1
189.72424801247,1982,1
190.488840295138,1983,1
190.488840295138,1984,1
189.979112106693,1985,1
190.233976200916,1986,1
190.488840295138,1987,1
190.488840295138,1988,1
190.488840295138,1989,1
190.743704389361,1990,1
191.253432577807,1991,1
191.253432577807,1992,1
191.50829667203,1993,1
191.253432577807,1994,1
191.50829667203,1995,1
190.998568483584,1996,1
191.50829667203,1997,1
191.763160766253,1998,1
191.763160766253,1999,1
191.253432577807,2000,1
192.018024860476,2001,1
191.50829667203,2002,1
191.50829667203,2003,1
192.018024860476,2004,1
192.272888954699,2005,1
191.763160766253,2006,1
192.527753048921,2007,1
192.272888954699,2008,1
192.782617143144,2009,1
192.782617143144,2010,1
193.037481237367,2011,1
193.037481237367,2012,1
192.527753048921,2013,1
192.782617143144,2014,1
192.527753048921,2015,1
193.037481237367,2016,1
193.29234533159,2017,1
192.782617143144,2018,1
193.037481237367,2019,1
192.782617143144,2020,1
193.29234533159,2021,1
192.782617143144,2022,1
193.037481237367,2023,1
193.802073520036,2024,1
193.29234533159,2025,1
193.29234533159,2026,1
193.29234533159,2027,1
194.056937614258,2028,1
194.056937614258,2029,1
194.311801708481,2030,1
194.311801708481,2031,1
194.311801708481,2032,1
194.311801708481,2033,1
194.056937614258,2034,1
194.566665802704,2035,1
194.821529896927,2036,1
194.821529896927,2037,1
194.821529896927,2038,1
194.056937614258,2039,1
194.821529896927,2040,1
194.566665802704,2041,1
194.566665802704,2042,1
194.311801708481,2043,1
194.566665802704,2044,1
195.07639399115,2045,1
194.821529896927,2046,1
195.331258085373,2047,1
194.821529896927,2048,1
195.07639399115,2049,1
194.821529896927,2050,1
195.07639399115,2051,1
195.840986273818,2052,1
195.331258085373,2053,1
195.586122179596,2054,1
195.840986273818,2055,1
195.331258085373,2056,1
196.095850368041,2057,1
195.586122179596,2058,1
196.095850368041,2059,1
196.095850368041,2060,1
196.095850368041,2061,1
196.095850368041,2062,1
195.840986273818,2063,1
196.350714462264,2064,1
196.86044265071,2065,1
196.350714462264,2066,1
196.605578556487,2067,1
196.350714462264,2068,1
196.86044265071,2069,1
196.605578556487,2070,1
197.115306744933,2071,1
197.115306744933,2072,1
197.115306744933,2073,1
197.115306744933,2074,1
197.115306744933,2075,1
197.879899027601,2076,0
197.625034933378,2077,1
197.370170839156,2078,1
197.115306744933,2079,1
197.370170839156,2080,1
197.370170839156,2081,1
197.879899027601,2082,0
197.370170839156,2083,1
198.134763121824,2084,0
198.134763121824,2085,0
198.134763121824,2086,0
197.879899027601,2087,0
197.879899027601,2088,0
198.389627216047,2089,0
197.879899027601,2090,0
198.389627216047,2091,0
197.625034933378,2092,1
198.389627216047,2093,0
198.64449131027,2094,0
198.64449131027,2095,0
197.879899027601,2096,0
197.879899027601,2097,0
197.625034933378,2098,1
198.389627216047,2099,0
198.134763121824,2100,0
198.134763121824,2101,0
197.879899027601,2102,0
197.625034933378,2103,1
198.134763121824,2104,0
197.879899027601,2105,0
197.370170839156,2106,1
197.370170839156,2107,1
197.879899027601,2108,0
197.370170839156,2109,1
197.625034933378,2110,1
196.605578556487,2111,1
197.625034933378,2112,1
196.86044265071,2113,1
196.86044265071,2114,1
196.605578556487,2115,1
197.115306744933,2116,1
196.605578556487,2117,1
196.605578556487,2118,1
197.115306744933,2119,1
196.350714462264,2120,1
197.370170839156,2121,1
196.605578556487,2122,1
197.370170839156,2123,1
197.115306744933,2124,1
196.86044265071,2125,1
196.86044265071,2126,1
196.86044265071,2127,1
197.115306744933,2128,1
197.370170839156,2129,1
196.86044265071,2130,1
197.370170839156,2131,1
196.86044265071,2132,1
196.605578556487,2133,1
197.115306744933,2134,1
197.370170839156,2135,1
196.86044265071,2136,1
197.625034933378,2137,1
197.370170839156,2138,1
197.115306744933,2139,1
197.370170839156,2140,1
197.370170839156,2141,1
197.370170839156,2142,1
197.115306744933,2143,1
197.879899027601,2144,0
197.625034933378,2145,1
197.625034933378,2146,1
197.625034933378,2147,1
197.625034933378,2148,1
197.879899027601,2149,0
197.879899027601,2150,0
197.370170839156,2151,1
198.389627216047,2152,0
197.879899027601,2153,0
197.879899027601,2154,0
197.625034933378,2155,1
197.625034933378,2156,1
198.134763121824,2157,0
197.625034933378,2158,1
197.625034933378,2159,1
197.370170839156,2160,1
198.389627216047,2161,0
197.879899027601,2162,0
198.134763121824,2163,0
198.389627216047,2164,0
197.625034933378,2165,1
198.134763121824,2166,0
197.370170839156,2167,1
197.879899027601,2168,0
198.134763121824,2169,0
197.370170839156,2170,1
197.879899027601,2171,0
197.625034933378,2172,1
197.625034933378,2173,1
197.879899027601,2174,0
197.115306744933,2175,1
197.370170839156,2176,1
197.115306744933,2177,1
197.115306744933,2178,1
197.370170839156,2179,1
197.115306744933,2180,1
197.879899027601,2181,0
197.370170839156,2182,1
196.86044265071,2183,1
197.115306744933,2184,1
197.115306744933,2185,1
197.115306744933,2186,1
197.115306744933,2187,1
197.115306744933,2188,1
196.86044265071,2189,1
197.115306744933,2190,1
197.625034933378,2191,1
197.370170839156,2192,1
197.115306744933,2193,1
197.115306744933,2194,1
197.879899027601,2195,0
197.625034933378,2196,1
197.115306744933,2197,1
197.115306744933,2198,1
197.370170839156,2199,1
197.115306744933,2200,1
197.370170839156,2201,1
197.625034933378,2202,1
197.115306744933,2203,1
197.879899027601,2204,0
197.370170839156,2205,1
197.879899027601,2206,0
198.134763121824,2207,0
197.370170839156,2208,1
197.879899027601,2209,0
198.134763121824,2210,0
197.625034933378,2211,1
197.625034933378,2212,1
197.625034933378,2213,1
197.879899027601,2214,0
198.134763121824,2215,0
197.625034933378,2216,1
198.389627216047,2217,0
197.625034933378,2218,1
197.879899027601,2219,0
198.134763121824,2220,0
197.370170839156,2221,1
198.389627216047,2222,0
197.625034933378,2223,1
198.389627216047,2224,0
198.134763121824,2225,0
197.625034933378,2226,1
198.389627216047,2227,0
198.134763121824,2228,0
197.370170839156,2229,1
198.134763121824,2230,0
197.625034933378,2231,1
197.879899027601,2232,0
197.625034933378,2233,1
197.370170839156,2234,1
198.134763121824,2235,0
197.370170839156,2236,1
197.370170839156,2237,1
198.134763121824,2238,0
197.625034933378,2239,1
197.370170839156,2240,1
197.115306744933,2241,1
198.134763121824,2242,0
197.115306744933,2243,1
197.879899027601,2244,0
197.879899027601,2245,0
197.625034933378,2246,1
197.115306744933,2247,1
197.625034933378,2248,1
197.625034933378,2249,1
197.625034933378,2250,1
197.370170839156,2251,1
197.879899027601,2252,0
196.86044265071,2253,1
197.370170839156,2254,1
197.879899027601,2255,0
197.115306744933,2256,1
197.625034933378,2257,0
197.115306744933,2258,0
196.86044265071,2259,0
197.625034933378,2260,0
197.115306744933,2261,0
197.115306744933,2262,0
196.86044265071,2263,0
196.86044265071,2264,0
197.370170839156,2265,0
197.625034933378,2266,0
197.370170839156,2267,0
196.86044265071,2268,0
196.605578556487,2269,0
196.86044265071,2270,0
197.115306744933,2271,0
197.370170839156,2272,0
196.605578556487,2273,0
197.115306744933,2274,0
196.605578556487,2275,0
196.605578556487,2276,0
196.350714462264,2277,0
196.605578556487,2278,0
196.350714462264,2279,0
196.095850368041,2280,0
196.350714462264,2281,0
196.605578556487,2282,0
195.840986273818,2283,0
196.350714462264,2284,0
195.840986273818,2285,0
195.586122179596,2286,0
195.586122179596,2287,0
195.586122179596,2288,0
195.331258085373,2289,0
195.07639399115,2290,0
194.821529896927,2291,0
195.331258085373,2292,0
195.07639399115,2293,0
195.331258085373,2294,0
195.07639399115,2295,0
194.821529896927,2296,0
194.821529896927,2297,0
194.566665802704,2298,0
194.821529896927,2299,0
194.311801708481,2300,0
194.056937614258,2301,0
193.547209425813,2302,0
194.056937614258,2303,0
193.802073520036,2304,0
193.29234533159,2305,0
193.29234533159,2306,0
193.547209425813,2307,0
193.547209425813,2308,0
192.782617143144,2309,0
193.29234533159,2310,0
192.782617143144,2311,0
192.782617143144,2312,0
193.29234533159,2313,0
193.037481237367,2314,0
192.272888954699,2315,0
193.037481237367,2316,0
192.527753048921,2317,0
192.782617143144,2318,0
192.018024860476,2319,0
192.018024860476,2320,0
191.50829667203,2321,0
191.763160766253,2322,0
191.50829667203,2323,0
192.018024860476,2324,0
191.253432577807,2325,0
191.253432577807,2326,0
190.998568483584,2327,0
190.998568483584,2328,0
191.50829667203,2329,0
191.50829667203,2330,0
190.743704389361,2331,0
190.488840295138,2332,0
190.233976200916,2333,0
190.743704389361,2334,0
190.743704389361,2335,0
189.979112106693,2336,0
190.743704389361,2337,0
190.488840295138,2338,0
190.233976200916,2339,0
190.233976200916,2340,0
189.979112106693,2341,0
189.979112106693,2342,0
190.233976200916,2343,0
189.469383918247,2344,0
189.214519824024,2345,0
189.469383918247,2346,0
189.72424801247,2347,0
189.469383918247,2348,0
189.214519824024,2349,0
188.449927541356,2350,0
188.959655729801,2351,0
188.959655729801,2352,0
188.959655729801,2353,0
187.94019935291,2354,0
188.449927541356,2355,0
188.449927541356,2356,0
187.94019935291,2357,0
187.685335258687,2358,0
188.195063447133,2359,0
187.94019935291,2360,0
187.685335258687,2361,0
187.94019935291,2362,0
187.175607070241,2363,0
187.685335258687,2364,0
186.920742976019,2365,0
186.920742976019,2366,0
187.430471164464,2367,0
186.920742976019,2368,0
186.665878881796,2369,0
186.920742976019,2370,0
186.665878881796,2371,0
186.15615069335,2372,0
186.665878881796,2373,0
186.665878881796,2374,0
186.411014787573,2375,0
185.901286599127,2376,0
186.665878881796,2377,0
186.15615069335,2378,0
186.411014787573,2379,0
185.646422504904,2380,0
185.646422504904,2381,0
186.15615069335,2382,0
185.391558410681,2383,0
185.646422504904,2384,0
185.136694316459,2385,0
185.136694316459,2386,0
184.881830222236,2387,0
184.881830222236,2388,0
184.881830222236,2389,0
185.391558410681,2390,0
184.626966128013,2391,0
184.626966128013,2392,0
184.626966128013,2393,0
184.881830222236,2394,0
184.881830222236,2395,0
184.626966128013,2396,0
184.117237939567,2397,0
184.117237939567,2398,0
184.881830222236,2399,0
184.37210203379,2400,0
184.626966128013,2401,0
183.607509751121,2402,0
183.607509751121,2403,0
184.117237939567,2404,0
183.352645656899,2405,0
184.117237939567,2406,0
183.862373845344,2407,0
183.097781562676,2408,0
183.607509751121,2409,0
183.097781562676,2410,0
183.352645656899,2411,0
183.097781562676,2412,0
183.352645656899,2413,0
183.352645656899,2414,0
183.097781562676,2415,0
183.097781562676,2416,0
182.333189280007,2417,0
182.58805337423,2418,0
183.097781562676,2419,0
182.078325185784,2420,0
182.58805337423,2421,0
182.078325185784,2422,0
181.823461091561,2423,0
181.823461091561,2424,0
182.333189280007,2425,0
182.078325185784,2426,0
182.333189280007,2427,0
182.333189280007,2428,0
182.078325185784,2429,0
181.313732903116,2430,0
181.823461091561,2431,0
181.568596997339,2432,0
181.568596997339,2433,0
181.568596997339,2434,0
181.568596997339,2435,0
181.568596997339,2436,0
180.549140620447,2437,0
181.313732903116,2438,0
181.058868808893,2439,0
181.313732903116,2440,0
180.80400471467,2441,0
180.549140620447,2442,0
180.294276526224,2443,0
180.80400471467,2444,0
180.039412432001,2445,0
179.784548337779,2446,0
180.294276526224,2447,0
180.294276526224,2448,0
179.784548337779,2449,0
179.529684243556,2450,0
180.294276526224,2451,0
179.784548337779,2452,0
179.529684243556,2453,0
179.529684243556,2454,0
180.039412432001,2455,0
179.274820149333,2456,0
179.01995605511,2457,0
179.01995605511,2458,0
178.765091960887,2459,0
179.01995605511,2460,0
178.765091960887,2461,0
179.274820149333,2462,0
178.510227866664,2463,0
179.01995605511,2464,0
179.274820149333,2465,0
178.510227866664,2466,0
179.01995605511,2467,0
178.510227866664,2468,0
178.255363772441,2469,0
178.255363772441,2470,0
178.255363772441,2471,0
177.745635583996,2472,0
178.255363772441,2473,0
177.745635583996,2474,0
178.000499678219,2475,0
178.255363772441,2476,0
177.490771489773,2477,0
177.490771489773,2478,0
177.490771489773,2479,0
177.23590739555,2480,0
177.490771489773,2481,0
177.23590739555,2482,0
177.745635583996,2483,0
176.981043301327,2484,0
177.490771489773,2485,0
177.490771489773,2486,0
176.726179207104,2487,0
176.471315112881,2488,0
176.216451018659,2489,0
176.981043301327,2490,0
176.981043301327,2491,0
176.216451018659,2492,0
176.216451018659,2493,0
175.961586924436,2494,0
175.961586924436,2495,0
176.471315112881,2496,0
176.471315112881,2497,0
176.216451018659,2498,0
176.216451018659,2499,0
175.45185873599,2500,0
175.961586924436,2501,0
175.961586924436,2502,0
175.961586924436,2503,0
175.196994641767,2504,0
175.45185873599,2505,0
175.196994641767,2506,0
175.45185873599,2507,0
175.45185873599,2508,0
175.196994641767,2509,0
175.196994641767,2510,0
174.687266453321,2511,0
175.196994641767,2512,0
175.196994641767,2513,0
174.942130547544,2514,0
174.432402359099,2515,0
174.942130547544,2516,0
174.432402359099,2517,0
174.687266453321,2518,0
174.687266453321,2519,0
174.432402359099,2520,0
174.687266453321,2521,0
173.66781007643,2522,0
173.66781007643,2523,0
173.66781007643,2524,0
173.922674170653,2525,0
174.432402359099,2526,0
174.177538264876,2527,0
174.177538264876,2528,0
173.66781007643,2529,0
173.922674170653,2530,0
173.66781007643,2531,0
173.922674170653,2532,0
173.158081887984,2533,0
173.158081887984,2534,0
172.648353699539,2535,0
172.903217793761,2536,0
173.158081887984,2537,0
173.412945982207,2538,0
172.648353699539,2539,0
172.393489605316,2540,0
172.648353699539,2541,0
172.648353699539,2542,0
172.648353699539,2543,0
172.138625511093,2544,0
172.648353699539,2545,0
172.648353699539,2546,0
171.88376141687,2547,0
171.88376141687,2548,0
172.393489605316,2549,0
172.138625511093,2550,0
171.88376141687,2551,0
171.628897322647,2552,0
171.88376141687,2553,0
172.138625511093,2554,0
171.628897322647,2555,0
171.628897322647,2556,0
171.628897322647,2557,0
171.88376141687,2558,0
171.88376141687,2559,0
171.119169134201,2560,0
171.374033228424,2561,0
171.628897322647,2562,0
170.609440945756,2563,0
170.864305039979,2564,0
170.354576851533,2565,0
171.119169134201,2566,0
170.609440945756,2567,0
171.119169134201,2568,0
170.354576851533,2569,0
170.09971275731,2570,0
170.09971275731,2571,0
170.09971275731,2572,0
169.844848663087,2573,0
169.844848663087,2574,0
169.844848663087,2575,0
170.354576851533,2576,0
170.09971275731,2577,0
170.09971275731,2578,0
170.09971275731,2579,0
169.844848663087,2580,0
170.09971275731,2581,0
169.844848663087,2582,0
169.335120474642,2583,0
169.080256380419,2584,0
169.335120474642,2585,0
169.589984568864,2586,0
169.080256380419,2587,0
168.825392286196,2588,0
169.335120474642,2589,0
169.589984568864,2590,0
168.825392286196,2591,0
168.570528191973,2592,0
168.825392286196,2593,0
169.080256380419,2594,0
169.080256380419,2595,0
169.080256380419,2596,0
169.080256380419,2597,0
169.080256380419,2598,0
168.31566409775,2599,0
168.825392286196,2600,0
168.060800003527,2601,0
168.31566409775,2602,0
168.570528191973,2603,0
168.31566409775,2604,0
167.551071815082,2605,0
168.060800003527,2606,0
167.551071815082,2607,0
168.060800003527,2608,0
168.060800003527,2609,0
168.060800003527,2610,0
168.060800003527,2611,0
167.296207720859,2612,0
167.041343626636,2613,0
167.041343626636,2614,0
166.786479532413,2615,0
167.551071815082,2616,0
167.168775673747,2617,0
166.786479532413,2618,0
166.786479532413,2619,0
166.786479532413,2620,0
167.296207720859,2621,0
167.296207720859,2622,0
166.276751343967,2623,0
166.276751343967,2624,0
167.041343626636,2625,0
166.53161543819,2626,0
166.786479532413,2627,0
166.276751343967,2628,0
166.53161543819,2629,0
166.021887249744,2630,0
166.021887249744,2631,0
166.021887249744,2632,0
166.149319296856,2633,0
166.53161543819,2634,0
166.276751343967,2635,0
165.767023155522,2636,0
166.276751343967,2637,0
166.021887249744,2638,0
165.767023155522,2639,0
165.257294967076,2640,0
165.512159061299,2641,0
165.767023155522,2642,0
166.021887249744,2643,0
165.767023155522,2644,0
165.512159061299,2645,0
165.512159061299,2646,0
165.512159061299,2647,0
165.512159061299,2648,0
165.257294967076,2649,0
165.512159061299,2650,0
164.74756677863,2651,0
165.257294967076,2652,0
164.492702684407,2653,0
164.492702684407,2654,0
164.492702684407,2655,0
164.237838590184,2656,0
164.492702684407,2657,0
164.237838590184,2658,0
164.74756677863,2659,0
164.74756677863,2660,0
164.237838590184,2661,0
164.74756677863,2662,0
163.728110401739,2663,0
164.492702684407,2664,0
164.492702684407,2665,0
164.492702684407,2666,0
164.237838590184,2667,0
163.473246307516,2668,0
163.473246307516,2669,0
163.982974495962,2670,0
163.473246307516,2671,0
163.218382213293,2672,0
163.473246307516,2673,0
162.96351811907,2674,0
163.728110401739,2675,0
163.473246307516,2676,0
162.96351811907,2677,0
163.473246307516,2678,0
162.708654024847,2679,0
163.473246307516,2680,0
163.473246307516,2681,0
162.708654024847,2682,0
163.218382213293,2683,0
162.198925836402,2684,0
162.453789930624,2685,0
162.708654024847,2686,0
162.96351811907,2687,0
162.198925836402,2688,0
161.944061742179,2689,0
162.708654024847,2690,0
162.453789930624,2691,0
161.689197647956,2692,0
161.689197647956,2693,0
161.434333553733,2694,0
162.198925836402,2695,0
161.944061742179,2696,0
162.198925836402,2697,0
161.434333553733,2698,0
161.434333553733,2699,0
161.689197647956,2700,0
160.924605365287,2701,0
161.689197647956,2702,0
161.17946945951,2703,0
161.434333553733,2704,0
160.924605365287,2705,0
161.17946945951,2706,0
160.924605365287,2707,0
160.414877176842,2708,0
160.669741271064,2709,0
160.669741271064,2710,0
160.414877176842,2711,0
160.924605365287,2712,0
160.160013082619,2713,0
160.414877176842,2714,0
160.924605365287,2715,0
160.669741271064,2716,0
159.905148988396,2717,0
160.160013082619,2718,0
160.414877176842,2719,0
160.669741271064,2720,0
159.905148988396,2721,0
159.905148988396,2722,0
159.650284894173,2723,0
159.650284894173,2724,0
160.160013082619,2725,0
159.905148988396,2726,0
159.39542079995,2727,0
159.39542079995,2728,0
159.140556705727,2729,0
159.39542079995,2730,0
159.905148988396,2731,0
159.39542079995,2732,0
159.140556705727,2733,0
159.650284894173,2734,0
158.885692611504,2735,0
158.885692611504,2736,0
158.885692611504,2737,0
159.140556705727,2738,0
158.885692611504,2739,0
159.140556705727,2740,0
158.630828517282,2741,0
159.140556705727,2742,0
158.630828517282,2743,0
158.885692611504,2744,0
158.375964423059,2745,0
158.630828517282,2746,0
158.375964423059,2747,0
158.121100328836,2748,0
158.121100328836,2749,0
158.121100328836,2750,0
158.121100328836,2751,0
157.866236234613,2752,0
157.61137214039,2753,0
157.61137214039,2754,0
157.356508046167,2755,0
157.61137214039,2756,0
158.121100328836,2757,0
157.356508046167,2758,0
157.866236234613,2759,0
157.61137214039,2760,0
157.61137214039,2761,0
157.61137214039,2762,0
157.866236234613,2763,0
157.356508046167,2764,0
156.591915763499,2765,0
157.356508046167,2766,0
157.101643951944,2767,0
157.356508046167,2768,0
157.101643951944,2769,0
156.337051669276,2770,0
156.591915763499,2771,0
157.101643951944,2772,0
156.591915763499,2773,0
157.101643951944,2774,0
156.846779857722,2775,0
157.101643951944,2776,0
156.337051669276,2777,0
156.082187575053,2778,0
155.82732348083,2779,0
155.82732348083,2780,0
155.82732348083,2781,0
156.082187575053,2782,0
156.337051669276,2783,0
155.82732348083,2784,0
156.082187575053,2785,0
156.082187575053,2786,0
155.82732348083,2787,0
155.317595292384,2788,0
156.082187575053,2789,0
155.572459386607,2790,0
156.082187575053,2791,0
155.062731198162,2792,0
155.317595292384,2793,0
155.062731198162,2794,0
155.572459386607,2795,0
155.82732348083,2796,0
155.572459386607,2797,0
155.062731198162,2798,0
155.062731198162,2799,0
155.82732348083,2800,0
155.317595292384,2801,0
155.572459386607,2802,0
154.807867103939,2803,0
154.807867103939,2804,0
155.317595292384,2805,0
155.572459386607,2806,0
154.807867103939,2807,0
154.807867103939,2808,0
155.572459386607,2809,0
155.317595292384,2810,0
155.317595292384,2811,0
154.807867103939,2812,0
155.572459386607,2813,0
155.572459386607,2814,0
155.317595292384,2815,0
155.82732348083,2816,0
155.572459386607,2817,0
155.572459386607,2818,0
156.337051669276,2819,0
156.337051669276,2820,0
156.337051669276,2821,0
156.082187575053,2822,0
156.591915763499,2823,0
156.591915763499,2824,0
156.337051669276,2825,0
156.082187575053,2826,0
156.591915763499,2827,0
157.101643951944,2828,0
157.101643951944,2829,0
156.591915763499,2830,0
157.101643951944,2831,0
157.61137214039,2832,0
157.356508046167,2833,0
157.101643951944,2834,0
157.101643951944,2835,0
157.356508046167,2836,0
158.121100328836,2837,0
158.375964423059,2838,0
158.121100328836,2839,0
157.61137214039,2840,0
158.630828517282,2841,0
158.121100328836,2842,0
157.866236234613,2843,0
158.375964423059,2844,0
157.61137214039,2845,0
157.866236234613,2846,0
157.866236234613,2847,0
157.866236234613,2848,0
158.375964423059,2849,0
158.630828517282,2850,0
158.375964423059,2851,0
158.375964423059,2852,0
158.375964423059,2853,0
157.866236234613,2854,0
157.61137214039,2855,0
158.375964423059,2856,0
158.375964423059,2857,0
158.121100328836,2858,0
158.375964423059,2859,0
157.356508046167,2860,0
157.356508046167,2861,0
158.121100328836,2862,0
158.121100328836,2863,0
157.866236234613,2864,0
157.866236234613,2865,0
157.356508046167,2866,0
157.101643951944,2867,0
157.866236234613,2868,0
157.101643951944,2869,0
157.61137214039,2870,0
156.846779857722,2871,0
157.61137214039,2872,0
157.101643951944,2873,0
157.101643951944,2874,0
156.591915763499,2875,0
157.101643951944,2876,0
156.846779857722,2877,0
156.846779857722,2878,0
156.846779857722,2879,0
157.101643951944,2880,0
157.101643951944,2881,0
156.337051669276,2882,0
156.591915763499,2883,0
157.101643951944,2884,0
157.101643951944,2885,0
156.082187575053,2886,0
157.101643951944,2887,0
156.591915763499,2888,0
156.846779857722,2889,0
156.591915763499,2890,0
157.101643951944,2891,0
156.082187575053,2892,0
156.846779857722,2893,0
156.591915763499,2894,0
157.101643951944,2895,0
156.082187575053,2896,0
156.846779857722,2897,0
156.591915763499,2898,0
156.082187575053,2899,0
156.846779857722,2900,0
156.082187575053,2901,0
156.337051669276,2902,0
156.591915763499,2903,0
156.591915763499,2904,0
157.101643951944,2905,0
157.101643951944,2906,0
156.337051669276,2907,0
156.591915763499,2908,0
156.846779857722,2909,0
157.101643951944,2910,0
157.101643951944,2911,0
156.591915763499,2912,0
156.846779857722,2913,0
156.846779857722,2914,0
157.866236234613,2915,0
157.356508046167,2916,0
157.101643951944,2917,0
157.61137214039,2918,0
157.866236234613,2919,0
157.61137214039,2920,0
157.61137214039,2921,0
156.846779857722,2922,0
157.866236234613,2923,0
157.61137214039,2924,0
157.101643951944,2925,0
156.846779857722,2926,0
157.101643951944,2927,0
156.846779857722,2928,0
157.61137214039,2929,0
156.846779857722,2930,0
157.101643951944,2931,0
156.846779857722,2932,0
157.356508046167,2933,0
157.61137214039,2934,0
157.61137214039,2935,0
157.356508046167,2936,0
157.356508046167,2937,0
157.101643951944,2938,0
157.101643951944,2939,0
156.846779857722,2940,0
157.61137214039,2941,0
157.866236234613,2942,0
156.846779857722,2943,0
157.101643951944,2944,0
157.61137214039,2945,0
156.846779857722,2946,0
157.866236234613,2947,0
156.846779857722,2948,0
157.866236234613,2949,0
156.846779857722,2950,0
157.101643951944,2951,0
156.591915763499,2952,0
157.101643951944,2953,0
157.61137214039,2954,0
157.61137214039,2955,0
156.846779857722,2956,0
157.101643951944,2957,0
157.356508046167,2958,0
156.591915763499,2959,0
157.61137214039,2960,0
157.356508046167,2961,0
157.101643951944,2962,0
156.846779857722,2963,0
157.866236234613,2964,0
157.101643951944,2965,0
156.846779857722,2966,0
157.356508046167,2967,0
156.591915763499,2968,0
157.356508046167,2969,0
156.591915763499,2970,0
157.61137214039,2971,0
156.846779857722,2972,0
157.356508046167,2973,0
156.591915763499,2974,0
157.356508046167,2975,0
156.591915763499,2976,0
157.101643951944,2977,0
157.356508046167,2978,0
157.101643951944,2979,0
157.356508046167,2980,0
157.101643951944,2981,0
157.61137214039,2982,0
156.846779857722,2983,0
157.61137214039,2984,0
157.356508046167,2985,0
156.846779857722,2986,0
157.356508046167,2987,0
156.591915763499,2988,0
157.356508046167,2989,0
156.337051669276,2990,0
157.61137214039,2991,0
156.591915763499,2992,0
157.356508046167,2993,0
156.591915763499,2994,0
156.846779857722,2995,0
157.101643951944,2996,0
157.356508046167,2997,0
157.101643951944,2998,0
157.356508046167,2999,0
157.101643951944,3000,0
156.591915763499,3001,0
157.61137214039,3002,0
156.337051669276,3003,0
157.61137214039,3004,0
156.591915763499,3005,0
157.61137214039,3006,0
156.337051669276,3007,0
157.356508046167,3008,0
156.591915763499,3009,0
156.846779857722,3010,0
156.846779857722,3011,0
156.591915763499,3012,0
156.846779857722,3013,0
157.356508046167,3014,0
157.356508046167,3015,0
157.356508046167,3016,0
157.61137214039,3017,0
157.101643951944,3018,0
157.866236234613,3019,0
157.866236234613,3020,0
157.356508046167,3021,0
157.866236234613,3022,0
157.866236234613,3023,0
158.121100328836,3024,0
157.356508046167,3025,0
157.866236234613,3026,0
158.121100328836,3027,0
157.866236234613,3028,0
157.866236234613,3029,0
158.121100328836,3030,0
157.866236234613,3031,0
158.885692611504,3032,0
158.375964423059,3033,0
158.121100328836,3034,0
159.140556705727,3035,0
158.630828517282,3036,0
158.630828517282,3037,0
158.885692611504,3038,0
159.140556705727,3039,0
159.650284894173,3040,0
159.39542079995,3041,0
159.650284894173,3042,0
160.160013082619,3043,0
160.414877176842,3044,0
159.905148988396,3045,0
160.414877176842,3046,0
160.414877176842,3047,0
160.669741271064,3048,0
160.414877176842,3049,0
160.414877176842,3050,0
160.669741271064,3051,0
161.434333553733,3052,0
160.669741271064,3053,0
161.689197647956,3054,0
161.944061742179,3055,0
161.434333553733,3056,0
161.944061742179,3057,0
161.689197647956,3058,0
161.689197647956,3059,0
162.198925836402,3060,0
161.944061742179,3061,0
161.689197647956,3062,0
162.453789930624,3063,0
162.198925836402,3064,0
162.198925836402,3065,0
163.218382213293,3066,0
163.218382213293,3067,0
162.96351811907,3068,0
163.728110401739,3069,0
163.728110401739,3070,0
163.473246307516,3071,0
163.473246307516,3072,0
163.982974495962,3073,0
163.728110401739,3074,0
163.982974495962,3075,0
163.982974495962,3076,0
164.237838590184,3077,0
165.002430872853,3078,0
164.492702684407,3079,0
164.74756677863,3080,0
165.257294967076,3081,0
165.002430872853,3082,0
164.74756677863,3083,0
165.002430872853,3084,0
165.002430872853,3085,0
165.257294967076,3086,0
165.257294967076,3087,0
165.767023155522,3088,0
165.512159061299,3089,0
165.512159061299,3090,0
165.767023155522,3091,0
165.767023155522,3092,0
166.53161543819,3093,0
166.786479532413,3094,0
166.786479532413,3095,0
166.786479532413,3096,0
167.041343626636,3097,0
167.296207720859,3098,0
166.53161543819,3099,0
167.551071815082,3100,0
167.551071815082,3101,0
167.551071815082,3102,0
168.060800003527,3103,0
168.060800003527,3104,0
168.060800003527,3105,0
168.31566409775,3106,0
168.31566409775,3107,0
167.805935909304,3108,0
168.060800003527,3109,0
168.825392286196,3110,0
168.825392286196,3111,0
168.825392286196,3112,0
168.570528191973,3113,0
168.570528191973,3114,0
168.825392286196,3115,0
169.589984568864,3116,0
169.335120474642,3117,0
169.589984568864,3118,0
169.589984568864,3119,0
169.335120474642,3120,0
169.589984568864,3121,0
169.844848663087,3122,0
169.589984568864,3123,0
170.09971275731,3124,0
169.589984568864,3125,0
169.589984568864,3126,0
170.09971275731,3127,0
169.589984568864,3128,0
170.609440945756,3129,0
169.844848663087,3130,0
170.609440945756,3131,0
170.864305039979,3132,0
171.119169134201,3133,0
170.609440945756,3134,0
170.609440945756,3135,0
171.119169134201,3136,0
171.628897322647,3137,0
171.119169134201,3138,0
171.88376141687,3139,0
171.628897322647,3140,0
171.374033228424,3141,0
171.88376141687,3142,0
172.393489605316,3143,0
171.88376141687,3144,0
172.138625511093,3145,0
172.138625511093,3146,0
172.138625511093,3147,0
172.903217793761,3148,0
172.903217793761,3149,0
173.158081887984,3150,0
173.158081887984,3151,0
173.412945982207,3152,0
172.903217793761,3153,0
172.648353699539,3154,0
172.903217793761,3155,0
173.158081887984,3156,0
173.922674170653,3157,0
173.158081887984,3158,0
173.922674170653,3159,0
173.66781007643,3160,0
174.177538264876,3161,0
173.922674170653,3162,0
174.687266453321,3163,0
174.177538264876,3164,0
174.687266453321,3165,0
174.942130547544,3166,0
174.177538264876,3167,0
174.942130547544,3168,0
174.432402359099,3169,0
175.196994641767,3170,0
174.687266453321,3171,0
175.196994641767,3172,0
175.45185873599,3173,0
175.196994641767,3174,0
175.706722830213,3175,0
175.961586924436,3176,0
175.961586924436,3177,0
175.45185873599,3178,0
175.706722830213,3179,0
175.706722830213,3180,0
176.471315112881,3181,0
175.706722830213,3182,0
176.471315112881,3183,0
175.961586924436,3184,0
176.216451018659,3185,0
176.216451018659,3186,0
176.981043301327,3187,0
176.471315112881,3188,0
176.471315112881,3189,0
176.981043301327,3190,0
176.981043301327,3191,0
176.726179207104,3192,0
176.981043301327,3193,0
177.23590739555,3194,0
177.23590739555,3195,0
177.23590739555,3196,0
178.000499678219,3197,0
177.490771489773,3198,0
178.255363772441,3199,0
178.255363772441,3200,0
178.000499678219,3201,0
178.255363772441,3202,0
177.745635583996,3203,0
178.255363772441,3204,0
177.745635583996,3205,0
178.765091960887,3206,0
179.01995605511,3207,0
178.255363772441,3208,0
178.255363772441,3209,0
178.255363772441,3210,0
178.510227866664,3211,0
179.274820149333,3212,0
178.765091960887,3213,0
179.529684243556,3214,0
179.529684243556,3215,0
179.01995605511,3216,0
179.529684243556,3217,0
179.784548337779,3218,0
179.274820149333,3219,0
179.274820149333,3220,0
180.294276526224,3221,0
180.294276526224,3222,0
180.294276526224,3223,0
179.784548337779,3224,0
180.039412432001,3225,0
180.294276526224,3226,0
180.039412432001,3227,0
180.294276526224,3228,0
180.549140620447,3229,0
180.549140620447,3230,0
180.80400471467,3231,0
180.80400471467,3232,0
180.549140620447,3233,0
180.549140620447,3234,0
181.568596997339,3235,0
181.058868808893,3236,0
181.313732903116,3237,0
181.058868808893,3238,0
181.313732903116,3239,0
181.823461091561,3240,0
182.078325185784,3241,0
181.823461091561,3242,0
181.313732903116,3243,0
181.313732903116,3244,0
182.078325185784,3245,0
181.823461091561,3246,0
182.333189280007,3247,0
181.823461091561,3248,0
182.078325185784,3249,0
182.333189280007,3250,0
182.078325185784,3251,0
183.097781562676,3252,0
182.842917468453,3253,0
183.352645656899,3254,0
182.58805337423,3255,0
183.097781562676,3256,0
182.58805337423,3257,0
182.842917468453,3258,0
183.352645656899,3259,0
182.842917468453,3260,0
183.607509751121,3261,0
183.607509751121,3262,0
183.352645656899,3263,0
183.607509751121,3264,0
183.607509751121,3265,0
183.607509751121,3266,0
184.117237939567,3267,0
184.117237939567,3268,0
183.862373845344,3269,0
183.862373845344,3270,0
183.862373845344,3271,0
184.626966128013,3272,0
184.117237939567,3273,0
184.37210203379,3274,0
185.136694316459,3275,0
184.626966128013,3276,0
184.881830222236,3277,0
184.881830222236,3278,0
185.136694316459,3279,0
185.391558410681,3280,0
185.136694316459,3281,0
185.391558410681,3282,0
185.646422504904,3283,0
185.901286599127,3284,0
185.901286599127,3285,0
185.391558410681,3286,0
185.391558410681,3287,0
185.646422504904,3288,0
185.646422504904,3289,0
186.15615069335,3290,0
185.901286599127,3291,0
186.15615069335,3292,0
185.901286599127,3293,0
186.411014787573,3294,0
185.901286599127,3295,0
186.665878881796,3296,0
186.15615069335,3297,0
186.15615069335,3298,0
186.15615069335,3299,0
186.920742976019,3300,0
187.175607070241,3301,0
187.430471164464,3302,0
186.665878881796,3303,0
187.685335258687,3304,
