,"T",,"date"
,46.79,0,"2022,05,31,10:42:24"
,48.06,1.03,"2022,05,31,10:42:24"
,49.59,2.03,"2022,05,31,10:42:24"
,50.1,3.03,"2022,05,31,10:42:24"
,50.36,4.03,"2022,05,31,10:42:24"
,51.12,5.04,"2022,05,31,10:42:24"
,50.61,6.06,"2022,05,31,10:42:24"
,51.63,7.06,"2022,05,31,10:42:25"
,51.12,8.06,"2022,05,31,10:42:26"
,51.63,9.07,"2022,05,31,10:42:27"
,51.89,10.07,"2022,05,31,10:42:28"
,51.63,11.1,"2022,05,31,10:42:29"
,51.89,12.1,"2022,05,31,10:42:30"
,52.4,13.1,"2022,05,31,10:42:31"
,51.89,14.1,"2022,05,31,10:42:32"
,52.4,15.1,"2022,05,31,10:42:33"
,51.63,16.13,"2022,05,31,10:42:34"
,52.14,17.13,"2022,05,31,10:42:35"
,51.63,18.13,"2022,05,31,10:42:36"
,51.89,19.13,"2022,05,31,10:42:37"
,51.89,20.14,"2022,05,31,10:42:38"
,53.16,21.16,"2022,05,31,10:42:39"
,52.65,22.17,"2022,05,31,10:42:40"
,53.16,23.17,"2022,05,31,10:42:41"
,52.65,24.17,"2022,05,31,10:42:42"
,53.67,25.17,"2022,05,31,10:42:43"
,54.18,26.2,"2022,05,31,10:42:44"
,53.67,27.2,"2022,05,31,10:42:45"
,54.69,28.2,"2022,05,31,10:42:46"
,53.93,29.2,"2022,05,31,10:42:47"
,55.2,30.2,"2022,05,31,10:42:48"
,55.2,31.23,"2022,05,31,10:42:49"
,55.2,32.23,"2022,05,31,10:42:50"
,55.97,33.23,"2022,05,31,10:42:51"
,55.71,34.24,"2022,05,31,10:42:52"
,55.97,35.24,"2022,05,31,10:42:53"
,56.48,36.27,"2022,05,31,10:42:54"
,56.48,37.27,"2022,05,31,10:42:55"
,56.73,38.27,"2022,05,31,10:42:56"
,56.48,39.27,"2022,05,31,10:42:57"
,56.48,40.27,"2022,05,31,10:42:58"
,56.99,41.3,"2022,05,31,10:42:59"
,57.76,42.3,"2022,05,31,10:43:00"
,56.99,43.3,"2022,05,31,10:43:01"
,58.01,44.3,"2022,05,31,10:43:02"
,57.5,45.31,"2022,05,31,10:43:03"
,58.78,46.33,"2022,05,31,10:43:04"
,58.01,47.34,"2022,05,31,10:43:05"
,59.03,48.34,"2022,05,31,10:43:06"
,59.29,49.34,"2022,05,31,10:43:07"
,59.03,50.34,"2022,05,31,10:43:08"
,59.54,51.37,"2022,05,31,10:43:09"
,59.03,52.37,"2022,05,31,10:43:10"
,59.54,53.37,"2022,05,31,10:43:11"
,59.54,54.37,"2022,05,31,10:43:12"
,60.56,55.37,"2022,05,31,10:43:13"
,59.8,56.4,"2022,05,31,10:43:14"
,60.56,57.4,"2022,05,31,10:43:15"
,60.05,58.4,"2022,05,31,10:43:16"
,60.31,59.41,"2022,05,31,10:43:17"
,60.82,60.41,"2022,05,31,10:43:18"
,61.07,61.43,"2022,05,31,10:43:20"
,61.58,62.44,"2022,05,31,10:43:20"
,62.09,63.44,"2022,05,31,10:43:21"
,61.84,64.44,"2022,05,31,10:43:22"
,62.09,65.44,"2022,05,31,10:43:23"
,62.35,66.47,"2022,05,31,10:43:25"
,62.09,67.47,"2022,05,31,10:43:26"
,62.86,68.47,"2022,05,31,10:43:27"
,62.6,69.47,"2022,05,31,10:43:28"
,63.11,70.47,"2022,05,31,10:43:29"
,62.86,71.5,"2022,05,31,10:43:30"
,63.88,72.5,"2022,05,31,10:43:31"
,63.88,73.5,"2022,05,31,10:43:32"
,63.37,74.51,"2022,05,31,10:43:33"
,64.39,75.51,"2022,05,31,10:43:34"
,63.88,76.54,"2022,05,31,10:43:35"
,64.39,77.54,"2022,05,31,10:43:36"
,64.9,78.54,"2022,05,31,10:43:37"
,64.9,79.54,"2022,05,31,10:43:38"
,64.39,80.54,"2022,05,31,10:43:39"
,64.9,81.57,"2022,05,31,10:43:40"
,64.64,82.57,"2022,05,31,10:43:41"
,64.9,83.57,"2022,05,31,10:43:42"
,65.15,84.57,"2022,05,31,10:43:43"
,65.66,85.58,"2022,05,31,10:43:44"
,66.17,86.6,"2022,05,31,10:43:45"
,66.17,87.61,"2022,05,31,10:43:46"
,66.17,88.61,"2022,05,31,10:43:47"
,66.68,89.61,"2022,05,31,10:43:48"
,66.17,90.61,"2022,05,31,10:43:49"
,67.19,91.64,"2022,05,31,10:43:50"
,66.68,92.64,"2022,05,31,10:43:51"
,67.45,93.64,"2022,05,31,10:43:52"
,66.94,94.64,"2022,05,31,10:43:53"
,67.7,95.64,"2022,05,31,10:43:54"
,67.45,96.67,"2022,05,31,10:43:55"
,67.45,97.67,"2022,05,31,10:43:56"
,67.96,98.68,"2022,05,31,10:43:57"
,67.7,99.68,"2022,05,31,10:43:58"
,67.96,100.68,"2022,05,31,10:43:59"
,68.47,101.71,"2022,05,31,10:44:00"
,68.21,102.71,"2022,05,31,10:44:01"
,68.47,103.71,"2022,05,31,10:44:02"
,68.72,104.71,"2022,05,31,10:44:03"
,68.72,105.71,"2022,05,31,10:44:04"
,69.74,106.74,"2022,05,31,10:44:05"
,69.49,107.74,"2022,05,31,10:44:06"
,69.23,108.75,"2022,05,31,10:44:07"
,70.51,109.75,"2022,05,31,10:44:08"
,69.74,110.75,"2022,05,31,10:44:09"
,70.77,111.78,"2022,05,31,10:44:10"
,70.26,112.78,"2022,05,31,10:44:11"
,70.51,113.78,"2022,05,31,10:44:12"
,70.77,114.78,"2022,05,31,10:44:13"
,71.28,115.78,"2022,05,31,10:44:14"
,71.28,116.81,"2022,05,31,10:44:15"
,71.79,117.81,"2022,05,31,10:44:16"
,71.02,118.81,"2022,05,31,10:44:17"
,71.79,119.82,"2022,05,31,10:44:18"
,71.28,120.82,"2022,05,31,10:44:19"
,71.79,121.85,"2022,05,31,10:44:20"
,72.04,122.85,"2022,05,31,10:44:21"
,72.3,123.85,"2022,05,31,10:44:22"
,72.81,124.85,"2022,05,31,10:44:23"
,73.06,125.85,"2022,05,31,10:44:24"
,72.81,126.88,"2022,05,31,10:44:25"
,72.55,127.88,"2022,05,31,10:44:26"
,73.06,128.88,"2022,05,31,10:44:27"
,73.32,129.89,"2022,05,31,10:44:28"
,74.08,130.89,"2022,05,31,10:44:29"
,73.83,131.92,"2022,05,31,10:44:30"
,74.34,132.92,"2022,05,31,10:44:31"
,73.57,133.92,"2022,05,31,10:44:32"
,74.59,134.92,"2022,05,31,10:44:33"
,74.85,135.92,"2022,05,31,10:44:34"
,74.08,136.95,"2022,05,31,10:44:35"
,74.59,137.95,"2022,05,31,10:44:36"
,74.59,138.96,"2022,05,31,10:44:37"
,75.36,139.96,"2022,05,31,10:44:38"
,74.85,140.96,"2022,05,31,10:44:39"
,75.36,141.99,"2022,05,31,10:44:40"
,75.61,142.99,"2022,05,31,10:44:41"
,75.61,143.99,"2022,05,31,10:44:42"
,75.61,144.99,"2022,05,31,10:44:43"
,76.63,145.99,"2022,05,31,10:44:44"
,76.38,147.02,"2022,05,31,10:44:45"
,76.12,148.02,"2022,05,31,10:44:46"
,76.63,149.02,"2022,05,31,10:44:47"
,77.4,150.03,"2022,05,31,10:44:48"
,77.4,151.03,"2022,05,31,10:44:49"
,77.65,152.06,"2022,05,31,10:44:50"
,77.14,153.06,"2022,05,31,10:44:51"
,77.14,154.06,"2022,05,31,10:44:52"
,77.65,155.06,"2022,05,31,10:44:53"
,78.16,156.06,"2022,05,31,10:44:54"
,78.67,157.09,"2022,05,31,10:44:55"
,78.67,158.09,"2022,05,31,10:44:56"
,78.67,159.1,"2022,05,31,10:44:57"
,78.42,160.1,"2022,05,31,10:44:58"
,78.93,161.1,"2022,05,31,10:44:59"
,78.67,162.13,"2022,05,31,10:45:00"
,79.18,163.13,"2022,05,31,10:45:01"
,79.18,164.13,"2022,05,31,10:45:02"
,79.44,165.13,"2022,05,31,10:45:03"
,79.18,166.13,"2022,05,31,10:45:04"
,79.95,167.16,"2022,05,31,10:45:05"
,79.69,168.16,"2022,05,31,10:45:06"
,79.95,169.16,"2022,05,31,10:45:07"
,80.46,170.17,"2022,05,31,10:45:08"
,80.71,171.17,"2022,05,31,10:45:09"
,80.2,172.21,"2022,05,31,10:45:10"
,81.22,173.22,"2022,05,31,10:45:11"
,80.71,174.22,"2022,05,31,10:45:12"
,81.48,175.22,"2022,05,31,10:45:13"
,80.71,176.22,"2022,05,31,10:45:14"
,80.97,177.25,"2022,05,31,10:45:15"
,81.22,178.25,"2022,05,31,10:45:16"
,81.73,179.25,"2022,05,31,10:45:17"
,82.24,180.26,"2022,05,31,10:45:18"
,81.73,181.26,"2022,05,31,10:45:19"
,81.73,182.29,"2022,05,31,10:45:20"
,81.99,183.29,"2022,05,31,10:45:21"
,82.24,184.29,"2022,05,31,10:45:22"
,83.01,185.29,"2022,05,31,10:45:23"
,83.01,186.29,"2022,05,31,10:45:24"
,83.01,187.32,"2022,05,31,10:45:25"
,83.01,188.32,"2022,05,31,10:45:26"
,83.01,189.32,"2022,05,31,10:45:27"
,82.76,190.33,"2022,05,31,10:45:28"
,83.01,191.33,"2022,05,31,10:45:29"
,83.27,192.36,"2022,05,31,10:45:30"
,83.52,193.36,"2022,05,31,10:45:31"
,82.76,194.36,"2022,05,31,10:45:32"
,82.76,195.36,"2022,05,31,10:45:33"
,83.27,196.36,"2022,05,31,10:45:34"
,83.52,197.39,"2022,05,31,10:45:35"
,83.52,198.39,"2022,05,31,10:45:36"
,82.76,199.4,"2022,05,31,10:45:37"
,82.76,200.4,"2022,05,31,10:45:38"
,83.27,201.4,"2022,05,31,10:45:39"
,82.5,202.43,"2022,05,31,10:45:40"
,83.52,203.43,"2022,05,31,10:45:41"
,82.5,204.43,"2022,05,31,10:45:42"
,83.27,205.43,"2022,05,31,10:45:43"
,83.27,206.43,"2022,05,31,10:45:44"
,82.5,207.46,"2022,05,31,10:45:45"
,82.5,208.46,"2022,05,31,10:45:46"
,82.76,209.47,"2022,05,31,10:45:47"
,82.5,210.47,"2022,05,31,10:45:48"
,82.76,211.47,"2022,05,31,10:45:49"
,82.5,212.5,"2022,05,31,10:45:50"
,83.01,213.5,"2022,05,31,10:45:51"
,82.76,214.5,"2022,05,31,10:45:52"
,83.01,215.5,"2022,05,31,10:45:53"
,82.5,216.5,"2022,05,31,10:45:54"
,83.01,217.53,"2022,05,31,10:45:56"
,81.73,218.53,"2022,05,31,10:45:56"
,81.73,219.54,"2022,05,31,10:45:58"
,82.76,220.54,"2022,05,31,10:45:58"
,82.5,221.54,"2022,05,31,10:46:00"
,81.73,222.57,"2022,05,31,10:46:01"
,81.73,223.57,"2022,05,31,10:46:02"
,82.24,224.57,"2022,05,31,10:46:03"
,82.24,225.57,"2022,05,31,10:46:04"
,81.48,226.57,"2022,05,31,10:46:05"
,80.97,227.6,"2022,05,31,10:46:06"
,81.73,228.6,"2022,05,31,10:46:07"
,81.73,229.61,"2022,05,31,10:46:08"
,80.71,230.61,"2022,05,31,10:46:09"
,80.71,231.61,"2022,05,31,10:46:10"
,81.48,232.64,"2022,05,31,10:46:11"
,80.97,233.64,"2022,05,31,10:46:12"
,81.22,234.64,"2022,05,31,10:46:13"
,80.46,235.64,"2022,05,31,10:46:14"
,81.22,236.65,"2022,05,31,10:46:15"
,81.48,237.67,"2022,05,31,10:46:16"
,80.97,238.67,"2022,05,31,10:46:17"
,80.97,239.68,"2022,05,31,10:46:18"
,81.22,240.68,"2022,05,31,10:46:19"
,80.71,241.68,"2022,05,31,10:46:20"
,80.97,242.71,"2022,05,31,10:46:21"
,80.71,243.71,"2022,05,31,10:46:22"
,81.22,244.71,"2022,05,31,10:46:23"
,80.46,245.71,"2022,05,31,10:46:24"
,81.22,246.72,"2022,05,31,10:46:25"
,80.97,247.74,"2022,05,31,10:46:26"
,80.71,248.75,"2022,05,31,10:46:27"
,80.2,249.75,"2022,05,31,10:46:28"
,80.97,250.75,"2022,05,31,10:46:29"
,81.22,251.75,"2022,05,31,10:46:30"
,80.46,252.78,"2022,05,31,10:46:31"
,80.97,253.78,"2022,05,31,10:46:32"
,80.46,254.78,"2022,05,31,10:46:33"
,80.46,255.78,"2022,05,31,10:46:34"
,80.97,256.79,"2022,05,31,10:46:35"
,80.2,257.82,"2022,05,31,10:46:36"
,80.2,258.82,"2022,05,31,10:46:37"
,80.97,259.82,"2022,05,31,10:46:38"
,80.46,260.82,"2022,05,31,10:46:39"
,80.2,261.82,"2022,05,31,10:46:40"
,79.95,262.85,"2022,05,31,10:46:41"
,80.2,263.85,"2022,05,31,10:46:42"
,80.97,264.85,"2022,05,31,10:46:43"
,80.46,265.86,"2022,05,31,10:46:44"
,79.95,266.86,"2022,05,31,10:46:45"
,80.46,267.89,"2022,05,31,10:46:46"
,80.2,268.89,"2022,05,31,10:46:47"
,80.97,269.89,"2022,05,31,10:46:48"
,80.46,270.89,"2022,05,31,10:46:49"
,80.97,271.89,"2022,05,31,10:46:50"
,80.46,272.92,"2022,05,31,10:46:51"
,80.97,273.92,"2022,05,31,10:46:52"
,80.46,274.92,"2022,05,31,10:46:53"
,81.22,275.93,"2022,05,31,10:46:54"
,80.46,276.93,"2022,05,31,10:46:55"
,80.71,277.96,"2022,05,31,10:46:56"
,81.22,278.96,"2022,05,31,10:46:57"
,80.46,279.96,"2022,05,31,10:46:58"
,80.97,280.96,"2022,05,31,10:46:59"
,80.97,281.96,"2022,05,31,10:47:00"
,80.71,282.99,"2022,05,31,10:47:01"
,81.48,283.99,"2022,05,31,10:47:02"
,81.22,285,"2022,05,31,10:47:03"
,80.71,286,"2022,05,31,10:47:04"
,80.71,287,"2022,05,31,10:47:05"
,81.22,288.03,"2022,05,31,10:47:06"
,81.48,289.03,"2022,05,31,10:47:07"
,81.48,290.03,"2022,05,31,10:47:08"
,80.46,291.03,"2022,05,31,10:47:09"
,81.48,292.03,"2022,05,31,10:47:10"
,81.22,293.06,"2022,05,31,10:47:11"
,80.71,294.06,"2022,05,31,10:47:12"
,81.48,295.07,"2022,05,31,10:47:13"
,80.97,296.07,"2022,05,31,10:47:14"
,80.97,297.07,"2022,05,31,10:47:15"
,80.71,298.1,"2022,05,31,10:47:16"
,81.48,299.1,"2022,05,31,10:47:17"
,81.73,300.1,"2022,05,31,10:47:18"
,80.97,301.1,"2022,05,31,10:47:19"
,80.71,302.1,"2022,05,31,10:47:20"
,80.71,303.13,"2022,05,31,10:47:21"
,80.97,304.13,"2022,05,31,10:47:22"
,80.97,305.14,"2022,05,31,10:47:23"
,80.97,306.14,"2022,05,31,10:47:24"
,81.22,307.14,"2022,05,31,10:47:25"
,81.48,308.17,"2022,05,31,10:47:26"
,81.48,309.17,"2022,05,31,10:47:27"
,80.71,310.17,"2022,05,31,10:47:28"
,80.97,311.17,"2022,05,31,10:47:29"
,80.97,312.17,"2022,05,31,10:47:30"
,80.97,313.2,"2022,05,31,10:47:31"
,81.48,314.2,"2022,05,31,10:47:32"
,80.71,315.21,"2022,05,31,10:47:33"
,81.73,316.21,"2022,05,31,10:47:34"
,81.22,317.21,"2022,05,31,10:47:35"
,81.73,318.24,"2022,05,31,10:47:36"
,81.48,319.24,"2022,05,31,10:47:37"
,80.71,320.24,"2022,05,31,10:47:38"
,80.97,321.24,"2022,05,31,10:47:39"
,81.22,322.25,"2022,05,31,10:47:40"
,80.71,323.27,"2022,05,31,10:47:41"
,80.71,324.28,"2022,05,31,10:47:42"
,80.71,325.28,"2022,05,31,10:47:43"
,80.71,326.28,"2022,05,31,10:47:44"
,80.97,327.28,"2022,05,31,10:47:45"
,81.22,328.31,"2022,05,31,10:47:46"
,81.48,329.31,"2022,05,31,10:47:47"
,81.48,330.31,"2022,05,31,10:47:48"
,80.97,331.31,"2022,05,31,10:47:49"
,80.71,332.32,"2022,05,31,10:47:50"
,80.2,333.35,"2022,05,31,10:47:51"
,80.71,334.35,"2022,05,31,10:47:52"
,80.46,335.35,"2022,05,31,10:47:53"
,80.2,336.35,"2022,05,31,10:47:54"
,81.22,337.35,"2022,05,31,10:47:55"
,81.22,338.38,"2022,05,31,10:47:56"
,80.46,339.38,"2022,05,31,10:47:57"
,81.22,340.38,"2022,05,31,10:47:58"
,80.2,341.39,"2022,05,31,10:47:59"
,80.2,342.39,"2022,05,31,10:48:00"
,80.2,343.42,"2022,05,31,10:48:01"
,81.22,344.42,"2022,05,31,10:48:02"
,81.22,345.42,"2022,05,31,10:48:03"
,80.71,346.42,"2022,05,31,10:48:04"
,80.2,347.42,"2022,05,31,10:48:05"
,80.71,348.45,"2022,05,31,10:48:06"
,80.2,349.45,"2022,05,31,10:48:07"
,80.2,350.45,"2022,05,31,10:48:08"
,80.71,351.46,"2022,05,31,10:48:09"
,80.2,352.46,"2022,05,31,10:48:10"
,80.71,353.49,"2022,05,31,10:48:11"
,80.2,354.49,"2022,05,31,10:48:12"
,80.97,355.49,"2022,05,31,10:48:13"
,80.46,356.49,"2022,05,31,10:48:14"
,81.22,357.5,"2022,05,31,10:48:15"
,80.97,358.52,"2022,05,31,10:48:16"
,80.97,359.53,"2022,05,31,10:48:17"
,80.97,360.53,"2022,05,31,10:48:18"
,80.2,361.53,"2022,05,31,10:48:19"
,80.97,362.53,"2022,05,31,10:48:20"
,81.22,363.56,"2022,05,31,10:48:21"
,81.22,364.56,"2022,05,31,10:48:22"
,80.2,365.56,"2022,05,31,10:48:23"
,80.2,366.57,"2022,05,31,10:48:24"
,80.71,367.57,"2022,05,31,10:48:25"
,80.97,368.6,"2022,05,31,10:48:26"
,81.48,369.6,"2022,05,31,10:48:27"
,81.73,370.6,"2022,05,31,10:48:28"
,81.48,371.6,"2022,05,31,10:48:29"
,81.99,372.6,"2022,05,31,10:48:30"
,81.22,373.63,"2022,05,31,10:48:32"
,82.24,374.64,"2022,05,31,10:48:32"
,81.48,375.64,"2022,05,31,10:48:34"
,81.73,376.64,"2022,05,31,10:48:34"
,81.99,377.64,"2022,05,31,10:48:36"
,82.5,378.67,"2022,05,31,10:48:37"
,82.5,379.67,"2022,05,31,10:48:38"
,82.5,380.67,"2022,05,31,10:48:39"
,82.24,381.67,"2022,05,31,10:48:40"
,83.01,382.68,"2022,05,31,10:48:41"
,83.52,383.71,"2022,05,31,10:48:42"
,83.01,384.71,"2022,05,31,10:48:43"
,83.01,385.71,"2022,05,31,10:48:44"
,83.78,386.71,"2022,05,31,10:48:45"
,83.27,387.71,"2022,05,31,10:48:46"
,83.52,388.74,"2022,05,31,10:48:47"
,83.52,389.74,"2022,05,31,10:48:48"
,84.29,390.75,"2022,05,31,10:48:49"
,84.29,391.75,"2022,05,31,10:48:50"
,84.29,392.75,"2022,05,31,10:48:51"
,84.54,393.78,"2022,05,31,10:48:52"
,84.29,394.78,"2022,05,31,10:48:53"
,84.8,395.78,"2022,05,31,10:48:54"
,85.56,396.78,"2022,05,31,10:48:55"
,85.31,397.78,"2022,05,31,10:48:56"
,86.07,398.81,"2022,05,31,10:48:57"
,85.56,399.82,"2022,05,31,10:48:58"
,86.33,400.82,"2022,05,31,10:48:59"
,86.07,401.82,"2022,05,31,10:49:00"
,85.82,402.82,"2022,05,31,10:49:01"
,86.07,403.85,"2022,05,31,10:49:02"
,86.33,404.85,"2022,05,31,10:49:03"
,86.33,405.85,"2022,05,31,10:49:04"
,87.6,406.86,"2022,05,31,10:49:05"
,87.09,407.86,"2022,05,31,10:49:06"
,87.6,408.89,"2022,05,31,10:49:07"
,88.11,409.89,"2022,05,31,10:49:08"
,87.35,410.89,"2022,05,31,10:49:09"
,88.37,411.89,"2022,05,31,10:49:10"
,87.6,412.89,"2022,05,31,10:49:11"
,88.11,413.92,"2022,05,31,10:49:12"
,87.86,414.92,"2022,05,31,10:49:13"
,89.13,415.92,"2022,05,31,10:49:14"
,88.62,416.93,"2022,05,31,10:49:15"
,89.39,417.93,"2022,05,31,10:49:16"
,89.39,418.96,"2022,05,31,10:49:17"
,89.13,419.96,"2022,05,31,10:49:18"
,90.15,420.96,"2022,05,31,10:49:19"
,89.13,421.96,"2022,05,31,10:49:20"
,89.64,422.97,"2022,05,31,10:49:21"
,89.9,424,"2022,05,31,10:49:22"
,90.66,425,"2022,05,31,10:49:23"
,90.92,426,"2022,05,31,10:49:24"
,90.92,427,"2022,05,31,10:49:25"
,90.66,428,"2022,05,31,10:49:26"
,91.17,429.03,"2022,05,31,10:49:27"
,90.92,430.03,"2022,05,31,10:49:28"
,91.43,431.03,"2022,05,31,10:49:29"
,91.94,432.04,"2022,05,31,10:49:30"
,91.94,433.04,"2022,05,31,10:49:31"
,91.68,434.07,"2022,05,31,10:49:32"
,91.94,435.07,"2022,05,31,10:49:33"
,92.45,436.07,"2022,05,31,10:49:34"
,92.96,437.07,"2022,05,31,10:49:35"
,92.7,438.07,"2022,05,31,10:49:36"
,92.45,439.1,"2022,05,31,10:49:37"
,92.45,440.1,"2022,05,31,10:49:38"
,93.47,441.11,"2022,05,31,10:49:39"
,93.21,442.11,"2022,05,31,10:49:40"
,93.72,443.11,"2022,05,31,10:49:41"
,93.98,444.14,"2022,05,31,10:49:42"
,94.23,445.14,"2022,05,31,10:49:43"
,94.23,446.14,"2022,05,31,10:49:44"
,93.72,447.14,"2022,05,31,10:49:45"
,94.23,448.15,"2022,05,31,10:49:46"
,95,449.17,"2022,05,31,10:49:47"
,94.49,450.18,"2022,05,31,10:49:48"
,94.74,451.18,"2022,05,31,10:49:49"
,95.51,452.18,"2022,05,31,10:49:50"
,95.26,453.18,"2022,05,31,10:49:51"
,95.51,454.21,"2022,05,31,10:49:52"
,96.02,455.21,"2022,05,31,10:49:53"
,96.28,456.22,"2022,05,31,10:49:54"
,95.51,457.22,"2022,05,31,10:49:55"
,96.02,458.22,"2022,05,31,10:49:56"
,96.53,459.25,"2022,05,31,10:49:57"
,96.02,460.25,"2022,05,31,10:49:58"
,97.3,461.25,"2022,05,31,10:49:59"
,97.04,462.25,"2022,05,31,10:50:00"
,97.55,463.25,"2022,05,31,10:50:01"
,97.04,464.28,"2022,05,31,10:50:02"
,97.55,465.29,"2022,05,31,10:50:03"
,97.3,466.29,"2022,05,31,10:50:04"
,97.55,467.29,"2022,05,31,10:50:05"
,98.32,468.29,"2022,05,31,10:50:06"
,98.57,469.32,"2022,05,31,10:50:07"
,97.81,470.32,"2022,05,31,10:50:08"
,98.57,471.32,"2022,05,31,10:50:09"
,98.57,472.32,"2022,05,31,10:50:10"
,99.08,473.33,"2022,05,31,10:50:11"
,98.83,474.36,"2022,05,31,10:50:12"
,98.83,475.36,"2022,05,31,10:50:13"
,99.08,476.36,"2022,05,31,10:50:14"
,99.08,477.36,"2022,05,31,10:50:15"
,100.1,478.36,"2022,05,31,10:50:16"
,100.36,479.39,"2022,05,31,10:50:17"
,99.85,480.39,"2022,05,31,10:50:18"
,100.61,481.4,"2022,05,31,10:50:19"
,100.87,482.4,"2022,05,31,10:50:20"
,100.1,483.4,"2022,05,31,10:50:21"
,100.1,484.43,"2022,05,31,10:50:22"
,101.12,485.43,"2022,05,31,10:50:23"
,100.61,486.44,"2022,05,31,10:50:24"
,101.12,487.44,"2022,05,31,10:50:25"
,101.38,488.44,"2022,05,31,10:50:26"
,101.12,489.47,"2022,05,31,10:50:27"
,101.12,490.47,"2022,05,31,10:50:28"
,101.63,491.47,"2022,05,31,10:50:29"
,102.4,492.48,"2022,05,31,10:50:30"
,102.14,493.48,"2022,05,31,10:50:31"
,101.63,494.51,"2022,05,31,10:50:32"
,101.89,495.51,"2022,05,31,10:50:33"
,102.4,496.51,"2022,05,31,10:50:34"
,102.4,497.51,"2022,05,31,10:50:35"
,102.91,498.52,"2022,05,31,10:50:36"
,103.42,499.55,"2022,05,31,10:50:37"
,102.65,500.55,"2022,05,31,10:50:38"
,102.91,501.55,"2022,05,31,10:50:39"
,103.93,502.55,"2022,05,31,10:50:40"
,103.93,503.55,"2022,05,31,10:50:41"
,103.67,504.59,"2022,05,31,10:50:42"
,103.93,505.59,"2022,05,31,10:50:43"
,103.67,506.59,"2022,05,31,10:50:44"
,103.93,507.59,"2022,05,31,10:50:45"
,104.18,508.59,"2022,05,31,10:50:46"
,104.69,509.63,"2022,05,31,10:50:47"
,104.44,510.63,"2022,05,31,10:50:48"
,105.46,511.63,"2022,05,31,10:50:49"
,105.46,512.63,"2022,05,31,10:50:50"
,105.2,513.63,"2022,05,31,10:50:51"
,105.2,514.66,"2022,05,31,10:50:52"
,105.71,515.66,"2022,05,31,10:50:53"
,105.2,516.67,"2022,05,31,10:50:54"
,106.22,517.67,"2022,05,31,10:50:55"
,106.22,518.67,"2022,05,31,10:50:56"
,106.22,519.7,"2022,05,31,10:50:57"
,105.97,520.7,"2022,05,31,10:50:58"
,106.73,521.71,"2022,05,31,10:50:59"
,106.73,522.71,"2022,05,31,10:51:00"
,106.22,523.71,"2022,05,31,10:51:01"
,107.5,524.74,"2022,05,31,10:51:03"
,107.24,525.74,"2022,05,31,10:51:04"
,106.73,526.74,"2022,05,31,10:51:05"
,107.5,527.74,"2022,05,31,10:51:06"
,107.24,528.75,"2022,05,31,10:51:07"
,108.01,529.78,"2022,05,31,10:51:08"
,107.76,530.78,"2022,05,31,10:51:09"
,107.5,531.78,"2022,05,31,10:51:10"
,108.52,532.78,"2022,05,31,10:51:11"
,107.5,533.78,"2022,05,31,10:51:12"
,108.01,534.82,"2022,05,31,10:51:13"
,108.01,535.82,"2022,05,31,10:51:14"
,108.52,536.82,"2022,05,31,10:51:15"
,109.29,537.82,"2022,05,31,10:51:16"
,108.78,538.82,"2022,05,31,10:51:17"
,109.54,539.85,"2022,05,31,10:51:18"
,109.54,540.86,"2022,05,31,10:51:19"
,109.8,541.86,"2022,05,31,10:51:20"
,109.29,542.86,"2022,05,31,10:51:21"
,110.05,543.86,"2022,05,31,10:51:22"
,110.56,544.89,"2022,05,31,10:51:23"
,109.8,545.9,"2022,05,31,10:51:24"
,110.31,546.9,"2022,05,31,10:51:25"
,110.31,547.9,"2022,05,31,10:51:26"
,110.05,548.9,"2022,05,31,10:51:27"
,109.8,549.93,"2022,05,31,10:51:28"
,110.05,550.93,"2022,05,31,10:51:29"
,110.56,551.94,"2022,05,31,10:51:30"
,110.56,552.94,"2022,05,31,10:51:31"
,111.33,553.94,"2022,05,31,10:51:32"
,110.82,554.97,"2022,05,31,10:51:33"
,111.84,555.97,"2022,05,31,10:51:34"
,111.33,556.97,"2022,05,31,10:51:35"
,111.33,557.97,"2022,05,31,10:51:36"
,112.09,558.98,"2022,05,31,10:51:37"
,111.84,560.01,"2022,05,31,10:51:38"
,111.84,561.01,"2022,05,31,10:51:39"
,112.6,562.01,"2022,05,31,10:51:40"
,112.35,563.01,"2022,05,31,10:51:41"
,112.86,564.02,"2022,05,31,10:51:42"
,113.11,565.05,"2022,05,31,10:51:43"
,112.35,566.05,"2022,05,31,10:51:44"
,113.62,567.05,"2022,05,31,10:51:45"
,112.86,568.05,"2022,05,31,10:51:46"
,113.11,569.05,"2022,05,31,10:51:47"
,114.13,570.09,"2022,05,31,10:51:48"
,113.37,571.09,"2022,05,31,10:51:49"
,113.11,572.09,"2022,05,31,10:51:50"
,113.88,573.09,"2022,05,31,10:51:51"
,114.64,574.09,"2022,05,31,10:51:52"
,113.88,575.12,"2022,05,31,10:51:53"
,113.88,576.13,"2022,05,31,10:51:54"
,114.9,577.13,"2022,05,31,10:51:55"
,114.9,578.13,"2022,05,31,10:51:56"
,114.9,579.13,"2022,05,31,10:51:57"
,114.64,580.16,"2022,05,31,10:51:58"
,115.41,581.16,"2022,05,31,10:51:59"
,115.92,582.17,"2022,05,31,10:52:00"
,115.41,583.17,"2022,05,31,10:52:01"
,115.92,584.17,"2022,05,31,10:52:02"
,116.17,585.2,"2022,05,31,10:52:03"
,115.41,586.2,"2022,05,31,10:52:04"
,115.41,587.2,"2022,05,31,10:52:05"
,116.17,588.21,"2022,05,31,10:52:06"
,115.92,589.21,"2022,05,31,10:52:07"
,115.92,590.24,"2022,05,31,10:52:08"
,116.43,591.24,"2022,05,31,10:52:09"
,116.68,592.24,"2022,05,31,10:52:10"
,116.94,593.24,"2022,05,31,10:52:11"
,116.43,594.25,"2022,05,31,10:52:12"
,117.45,595.28,"2022,05,31,10:52:13"
,116.94,596.28,"2022,05,31,10:52:14"
,116.68,597.28,"2022,05,31,10:52:15"
,117.19,598.28,"2022,05,31,10:52:16"
,118.21,599.28,"2022,05,31,10:52:17"
,118.21,600.32,"2022,05,31,10:52:18"
,118.21,601.32,"2022,05,31,10:52:19"
,118.47,602.32,"2022,05,31,10:52:20"
,117.7,603.32,"2022,05,31,10:52:21"
,118.47,604.32,"2022,05,31,10:52:22"
,117.96,605.35,"2022,05,31,10:52:23"
,118.72,606.36,"2022,05,31,10:52:24"
,118.47,607.36,"2022,05,31,10:52:25"
,119.23,608.36,"2022,05,31,10:52:26"
,118.72,609.36,"2022,05,31,10:52:27"
,118.98,610.39,"2022,05,31,10:52:28"
,119.49,611.39,"2022,05,31,10:52:29"
,119.49,612.4,"2022,05,31,10:52:30"
,120,613.4,"2022,05,31,10:52:31"
,119.23,614.4,"2022,05,31,10:52:32"
,120,615.43,"2022,05,31,10:52:33"
,120.51,616.43,"2022,05,31,10:52:34"
,119.74,617.44,"2022,05,31,10:52:35"
,120,618.44,"2022,05,31,10:52:36"
,120.51,619.44,"2022,05,31,10:52:37"
,120,620.47,"2022,05,31,10:52:38"
,120.77,621.47,"2022,05,31,10:52:39"
,121.28,622.47,"2022,05,31,10:52:40"
,121.02,623.47,"2022,05,31,10:52:41"
,121.53,624.48,"2022,05,31,10:52:42"
,121.02,625.51,"2022,05,31,10:52:43"
,121.53,626.51,"2022,05,31,10:52:44"
,121.53,627.51,"2022,05,31,10:52:45"
,121.28,628.51,"2022,05,31,10:52:46"
,121.53,629.52,"2022,05,31,10:52:47"
,122.04,630.55,"2022,05,31,10:52:48"
,122.55,631.55,"2022,05,31,10:52:49"
,121.79,632.55,"2022,05,31,10:52:50"
,122.04,633.55,"2022,05,31,10:52:51"
,122.81,634.55,"2022,05,31,10:52:52"
,123.06,635.59,"2022,05,31,10:52:53"
,123.32,636.59,"2022,05,31,10:52:54"
,122.81,637.59,"2022,05,31,10:52:55"
,123.06,638.59,"2022,05,31,10:52:56"
,123.83,639.59,"2022,05,31,10:52:57"
,123.83,640.62,"2022,05,31,10:52:58"
,124.08,641.63,"2022,05,31,10:52:59"
,123.32,642.63,"2022,05,31,10:53:00"
,123.32,643.63,"2022,05,31,10:53:01"
,124.34,644.63,"2022,05,31,10:53:02"
,124.08,645.66,"2022,05,31,10:53:03"
,123.83,646.66,"2022,05,31,10:53:04"
,124.59,647.67,"2022,05,31,10:53:05"
,124.08,648.67,"2022,05,31,10:53:06"
,124.34,649.67,"2022,05,31,10:53:07"
,125.1,650.7,"2022,05,31,10:53:08"
,124.59,651.7,"2022,05,31,10:53:09"
,124.34,652.71,"2022,05,31,10:53:10"
,124.85,653.71,"2022,05,31,10:53:11"
,125.1,654.71,"2022,05,31,10:53:12"
,125.1,655.74,"2022,05,31,10:53:13"
,125.61,656.74,"2022,05,31,10:53:14"
,125.61,657.74,"2022,05,31,10:53:15"
,125.36,658.75,"2022,05,31,10:53:16"
,125.87,659.75,"2022,05,31,10:53:17"
,126.12,660.78,"2022,05,31,10:53:18"
,126.12,661.78,"2022,05,31,10:53:19"
,125.61,662.78,"2022,05,31,10:53:20"
,126.38,663.78,"2022,05,31,10:53:21"
,126.63,664.78,"2022,05,31,10:53:22"
,126.63,665.82,"2022,05,31,10:53:23"
,126.89,666.82,"2022,05,31,10:53:25"
,126.38,667.82,"2022,05,31,10:53:25"
,126.89,668.82,"2022,05,31,10:53:27"
,126.63,669.82,"2022,05,31,10:53:28"
,127.14,670.85,"2022,05,31,10:53:29"
,127.4,671.86,"2022,05,31,10:53:30"
,127.14,672.86,"2022,05,31,10:53:31"
,127.14,673.86,"2022,05,31,10:53:32"
,126.89,674.86,"2022,05,31,10:53:33"
,127.4,675.89,"2022,05,31,10:53:34"
,128.16,676.9,"2022,05,31,10:53:35"
,127.91,677.9,"2022,05,31,10:53:36"
,128.16,678.9,"2022,05,31,10:53:37"
,128.16,679.9,"2022,05,31,10:53:38"
,127.4,680.93,"2022,05,31,10:53:39"
,128.16,681.94,"2022,05,31,10:53:40"
,127.91,682.94,"2022,05,31,10:53:41"
,127.65,683.94,"2022,05,31,10:53:42"
,127.65,684.94,"2022,05,31,10:53:43"
,127.65,685.97,"2022,05,31,10:53:44"
,127.4,686.97,"2022,05,31,10:53:45"
,127.4,687.97,"2022,05,31,10:53:46"
,127.4,688.98,"2022,05,31,10:53:47"
,127.91,689.98,"2022,05,31,10:53:48"
,127.65,691.01,"2022,05,31,10:53:49"
,127.4,692.01,"2022,05,31,10:53:50"
,127.65,693.01,"2022,05,31,10:53:51"
,127.14,694.02,"2022,05,31,10:53:52"
,127.91,695.02,"2022,05,31,10:53:53"
,127.91,696.05,"2022,05,31,10:53:54"
,127.4,697.05,"2022,05,31,10:53:55"
,127.14,698.05,"2022,05,31,10:53:56"
,127.65,699.05,"2022,05,31,10:53:57"
,127.91,700.06,"2022,05,31,10:53:58"
,127.91,701.09,"2022,05,31,10:53:59"
,126.89,702.09,"2022,05,31,10:54:00"
,126.63,703.09,"2022,05,31,10:54:01"
,126.63,704.09,"2022,05,31,10:54:02"
,127.4,705.09,"2022,05,31,10:54:03"
,126.38,706.13,"2022,05,31,10:54:04"
,126.63,707.13,"2022,05,31,10:54:05"
,126.89,708.13,"2022,05,31,10:54:06"
,126.89,709.13,"2022,05,31,10:54:07"
,126.63,710.13,"2022,05,31,10:54:08"
,126.63,711.16,"2022,05,31,10:54:09"
,125.87,712.17,"2022,05,31,10:54:10"
,125.61,713.17,"2022,05,31,10:54:11"
,126.63,714.17,"2022,05,31,10:54:12"
,125.87,715.17,"2022,05,31,10:54:13"
,125.61,716.2,"2022,05,31,10:54:14"
,125.61,717.21,"2022,05,31,10:54:15"
,125.61,718.21,"2022,05,31,10:54:16"
,125.36,719.21,"2022,05,31,10:54:17"
,125.87,720.21,"2022,05,31,10:54:18"
,125.87,721.24,"2022,05,31,10:54:19"
,125.36,722.24,"2022,05,31,10:54:20"
,125.61,723.25,"2022,05,31,10:54:21"
,125.61,724.25,"2022,05,31,10:54:22"
,124.85,725.25,"2022,05,31,10:54:23"
,124.59,726.28,"2022,05,31,10:54:24"
,124.59,727.28,"2022,05,31,10:54:25"
,125.1,728.28,"2022,05,31,10:54:26"
,124.59,729.28,"2022,05,31,10:54:27"
,124.34,730.29,"2022,05,31,10:54:28"
,125.1,731.32,"2022,05,31,10:54:29"
,125.36,732.32,"2022,05,31,10:54:30"
,124.85,733.32,"2022,05,31,10:54:31"
,123.83,734.32,"2022,05,31,10:54:32"
,124.08,735.33,"2022,05,31,10:54:33"
,124.59,736.36,"2022,05,31,10:54:34"
,124.59,737.36,"2022,05,31,10:54:35"
,124.34,738.36,"2022,05,31,10:54:36"
,123.83,739.36,"2022,05,31,10:54:37"
,123.57,740.36,"2022,05,31,10:54:38"
,124.08,741.4,"2022,05,31,10:54:39"
,124.34,742.4,"2022,05,31,10:54:40"
,123.32,743.4,"2022,05,31,10:54:41"
,123.06,744.4,"2022,05,31,10:54:42"
,123.32,745.4,"2022,05,31,10:54:43"
,123.83,746.44,"2022,05,31,10:54:44"
,123.32,747.44,"2022,05,31,10:54:45"
,123.32,748.44,"2022,05,31,10:54:46"
,123.57,749.44,"2022,05,31,10:54:47"
,123.57,750.44,"2022,05,31,10:54:48"
,122.81,751.47,"2022,05,31,10:54:49"
,123.32,752.47,"2022,05,31,10:54:50"
,122.81,753.48,"2022,05,31,10:54:51"
,122.81,754.48,"2022,05,31,10:54:52"
,123.06,755.48,"2022,05,31,10:54:53"
,123.57,756.51,"2022,05,31,10:54:54"
,123.57,757.51,"2022,05,31,10:54:55"
,123.57,758.52,"2022,05,31,10:54:56"
,123.32,759.52,"2022,05,31,10:54:57"
,123.57,760.52,"2022,05,31,10:54:58"
,122.55,761.55,"2022,05,31,10:54:59"
,122.81,762.55,"2022,05,31,10:55:00"
,122.81,763.55,"2022,05,31,10:55:01"
,122.81,764.56,"2022,05,31,10:55:02"
,123.32,765.56,"2022,05,31,10:55:03"
,122.81,766.59,"2022,05,31,10:55:04"
,123.57,767.59,"2022,05,31,10:55:05"
,122.55,768.59,"2022,05,31,10:55:06"
,123.32,769.59,"2022,05,31,10:55:07"
,123.06,770.6,"2022,05,31,10:55:08"
,123.32,771.63,"2022,05,31,10:55:09"
,122.55,772.63,"2022,05,31,10:55:10"
,123.32,773.63,"2022,05,31,10:55:11"
,123.32,774.63,"2022,05,31,10:55:12"
,122.81,775.64,"2022,05,31,10:55:13"
,122.55,776.67,"2022,05,31,10:55:14"
,123.06,777.67,"2022,05,31,10:55:15"
,122.3,778.67,"2022,05,31,10:55:16"
,122.3,779.67,"2022,05,31,10:55:17"
,122.3,780.67,"2022,05,31,10:55:18"
,122.55,781.71,"2022,05,31,10:55:19"
,123.32,782.71,"2022,05,31,10:55:20"
,122.55,783.71,"2022,05,31,10:55:21"
,123.06,784.71,"2022,05,31,10:55:22"
,122.81,785.71,"2022,05,31,10:55:23"
,122.04,786.75,"2022,05,31,10:55:24"
,122.81,787.75,"2022,05,31,10:55:25"
,122.04,788.75,"2022,05,31,10:55:26"
,122.3,789.75,"2022,05,31,10:55:27"
,122.04,790.75,"2022,05,31,10:55:28"
,122.3,791.78,"2022,05,31,10:55:29"
,122.81,792.78,"2022,05,31,10:55:30"
,122.3,793.79,"2022,05,31,10:55:31"
,122.3,794.79,"2022,05,31,10:55:32"
,122.3,795.79,"2022,05,31,10:55:33"
,122.81,796.82,"2022,05,31,10:55:34"
,122.81,797.83,"2022,05,31,10:55:35"
,122.3,798.84,"2022,05,31,10:55:36"
,122.81,799.84,"2022,05,31,10:55:37"
,122.81,800.84,"2022,05,31,10:55:38"
,122.81,801.88,"2022,05,31,10:55:39"
,122.04,802.88,"2022,05,31,10:55:40"
,122.3,803.88,"2022,05,31,10:55:41"
,122.3,804.88,"2022,05,31,10:55:42"
,122.81,805.88,"2022,05,31,10:55:43"
,121.79,806.91,"2022,05,31,10:55:45"
,123.06,807.92,"2022,05,31,10:55:46"
,122.81,808.92,"2022,05,31,10:55:47"
,122.04,809.92,"2022,05,31,10:55:48"
,122.3,810.92,"2022,05,31,10:55:49"
,122.3,811.95,"2022,05,31,10:55:50"
,122.04,812.95,"2022,05,31,10:55:51"
,122.55,813.96,"2022,05,31,10:55:52"
,122.55,814.96,"2022,05,31,10:55:53"
,122.3,815.96,"2022,05,31,10:55:54"
,123.06,816.99,"2022,05,31,10:55:55"
,122.3,817.99,"2022,05,31,10:55:56"
,122.81,818.99,"2022,05,31,10:55:57"
,122.04,820,"2022,05,31,10:55:58"
,123.32,821,"2022,05,31,10:55:59"
,123.32,822.03,"2022,05,31,10:56:00"
,123.06,823.03,"2022,05,31,10:56:01"
,122.55,824.03,"2022,05,31,10:56:02"
,123.32,825.03,"2022,05,31,10:56:03"
,122.81,826.04,"2022,05,31,10:56:04"
,123.06,827.07,"2022,05,31,10:56:05"
,123.32,828.07,"2022,05,31,10:56:06"
,123.83,829.07,"2022,05,31,10:56:07"
,123.83,830.07,"2022,05,31,10:56:08"
,123.83,831.08,"2022,05,31,10:56:09"
,123.57,832.11,"2022,05,31,10:56:10"
,123.57,833.11,"2022,05,31,10:56:11"
,124.34,834.11,"2022,05,31,10:56:12"
,124.59,835.11,"2022,05,31,10:56:13"
,124.85,836.11,"2022,05,31,10:56:14"
,125.1,837.15,"2022,05,31,10:56:15"
,125.1,838.15,"2022,05,31,10:56:16"
,125.36,839.15,"2022,05,31,10:56:17"
,124.59,840.15,"2022,05,31,10:56:18"
,125.1,841.15,"2022,05,31,10:56:19"
,125.36,842.18,"2022,05,31,10:56:20"
,125.1,843.18,"2022,05,31,10:56:21"
,125.87,844.19,"2022,05,31,10:56:22"
,126.12,845.19,"2022,05,31,10:56:23"
,125.61,846.19,"2022,05,31,10:56:24"
,126.38,847.22,"2022,05,31,10:56:25"
,126.38,848.22,"2022,05,31,10:56:26"
,126.38,849.22,"2022,05,31,10:56:27"
,127.14,850.23,"2022,05,31,10:56:28"
,126.89,851.23,"2022,05,31,10:56:29"
,126.63,852.26,"2022,05,31,10:56:30"
,127.4,853.26,"2022,05,31,10:56:31"
,127.4,854.26,"2022,05,31,10:56:32"
,127.65,855.26,"2022,05,31,10:56:33"
,127.4,856.27,"2022,05,31,10:56:34"
,127.91,857.3,"2022,05,31,10:56:35"
,127.4,858.3,"2022,05,31,10:56:36"
,128.16,859.3,"2022,05,31,10:56:37"
,127.91,860.3,"2022,05,31,10:56:38"
,128.16,861.3,"2022,05,31,10:56:39"
,128.16,862.34,"2022,05,31,10:56:40"
,128.42,863.34,"2022,05,31,10:56:41"
,128.93,864.34,"2022,05,31,10:56:42"
,129.69,865.34,"2022,05,31,10:56:43"
,129.18,866.34,"2022,05,31,10:56:44"
,129.95,867.38,"2022,05,31,10:56:45"
,130.2,868.38,"2022,05,31,10:56:46"
,129.69,869.38,"2022,05,31,10:56:47"
,129.44,870.38,"2022,05,31,10:56:48"
,130.46,871.38,"2022,05,31,10:56:49"
,130.71,872.41,"2022,05,31,10:56:50"
,129.95,873.41,"2022,05,31,10:56:51"
,130.97,874.42,"2022,05,31,10:56:52"
,130.71,875.42,"2022,05,31,10:56:53"
,130.46,876.42,"2022,05,31,10:56:54"
,131.48,877.45,"2022,05,31,10:56:55"
,130.46,878.45,"2022,05,31,10:56:56"
,130.71,879.46,"2022,05,31,10:56:57"
,131.99,880.46,"2022,05,31,10:56:58"
,131.99,881.46,"2022,05,31,10:56:59"
,131.99,882.49,"2022,05,31,10:57:00"
,132.5,883.49,"2022,05,31,10:57:01"
,131.48,884.49,"2022,05,31,10:57:02"
,131.73,885.5,"2022,05,31,10:57:03"
,132.5,886.5,"2022,05,31,10:57:04"
,131.99,887.53,"2022,05,31,10:57:05"
,132.76,888.53,"2022,05,31,10:57:06"
,133.27,889.53,"2022,05,31,10:57:07"
,132.5,890.53,"2022,05,31,10:57:08"
,132.76,891.54,"2022,05,31,10:57:09"
,132.5,892.57,"2022,05,31,10:57:10"
,133.78,893.57,"2022,05,31,10:57:11"
,133.52,894.57,"2022,05,31,10:57:12"
,133.27,895.57,"2022,05,31,10:57:13"
,133.27,896.57,"2022,05,31,10:57:14"
,133.78,897.61,"2022,05,31,10:57:15"
,134.29,898.61,"2022,05,31,10:57:16"
,134.8,899.61,"2022,05,31,10:57:17"
,134.8,900.61,"2022,05,31,10:57:18"
,134.03,901.61,"2022,05,31,10:57:19"
,135.05,902.64,"2022,05,31,10:57:20"
,135.31,903.65,"2022,05,31,10:57:21"
,134.8,904.65,"2022,05,31,10:57:22"
,134.8,905.65,"2022,05,31,10:57:23"
,134.8,906.65,"2022,05,31,10:57:24"
,135.56,907.68,"2022,05,31,10:57:25"
,135.56,908.69,"2022,05,31,10:57:26"
,135.82,909.69,"2022,05,31,10:57:27"
,136.07,910.69,"2022,05,31,10:57:28"
,136.33,911.69,"2022,05,31,10:57:29"
,135.82,912.72,"2022,05,31,10:57:30"
,136.58,913.72,"2022,05,31,10:57:31"
,136.33,914.72,"2022,05,31,10:57:32"
,136.84,915.73,"2022,05,31,10:57:33"
,137.09,916.73,"2022,05,31,10:57:34"
,136.33,917.76,"2022,05,31,10:57:35"
,137.09,918.76,"2022,05,31,10:57:36"
,136.58,919.76,"2022,05,31,10:57:37"
,136.84,920.77,"2022,05,31,10:57:38"
,136.84,921.77,"2022,05,31,10:57:39"
,137.6,922.8,"2022,05,31,10:57:40"
,137.86,923.8,"2022,05,31,10:57:41"
,137.35,924.8,"2022,05,31,10:57:42"
,137.6,925.8,"2022,05,31,10:57:43"
,138.37,926.8,"2022,05,31,10:57:44"
,138.37,927.84,"2022,05,31,10:57:45"
,138.62,928.84,"2022,05,31,10:57:46"
,138.11,929.84,"2022,05,31,10:57:47"
,138.62,930.84,"2022,05,31,10:57:48"
,138.88,931.84,"2022,05,31,10:57:49"
,139.39,932.87,"2022,05,31,10:57:50"
,138.37,933.88,"2022,05,31,10:57:51"
,138.62,934.88,"2022,05,31,10:57:52"
,138.62,935.88,"2022,05,31,10:57:53"
,139.64,936.88,"2022,05,31,10:57:54"
,139.13,937.91,"2022,05,31,10:57:55"
,139.9,938.91,"2022,05,31,10:57:56"
,139.13,939.92,"2022,05,31,10:57:57"
,139.39,940.92,"2022,05,31,10:57:58"
,140.41,941.92,"2022,05,31,10:57:59"
,139.9,942.95,"2022,05,31,10:58:00"
,140.66,943.95,"2022,05,31,10:58:01"
,140.41,944.96,"2022,05,31,10:58:02"
,140.92,945.96,"2022,05,31,10:58:03"
,141.17,946.96,"2022,05,31,10:58:04"
,140.92,947.99,"2022,05,31,10:58:05"
,141.17,948.99,"2022,05,31,10:58:07"
,140.66,949.99,"2022,05,31,10:58:07"
,141.68,950.99,"2022,05,31,10:58:08"
,141.68,952,"2022,05,31,10:58:10"
,140.92,953.03,"2022,05,31,10:58:11"
,141.43,954.03,"2022,05,31,10:58:12"
,141.94,955.03,"2022,05,31,10:58:13"
,141.94,956.03,"2022,05,31,10:58:14"
,142.45,957.03,"2022,05,31,10:58:15"
,141.94,958.07,"2022,05,31,10:58:16"
,142.45,959.07,"2022,05,31,10:58:17"
,142.45,960.07,"2022,05,31,10:58:18"
,142.96,961.07,"2022,05,31,10:58:19"
,142.19,962.07,"2022,05,31,10:58:20"
,142.19,963.1,"2022,05,31,10:58:21"
,142.96,964.11,"2022,05,31,10:58:22"
,143.21,965.11,"2022,05,31,10:58:23"
,142.96,966.11,"2022,05,31,10:58:24"
,142.96,967.11,"2022,05,31,10:58:25"
,143.21,968.14,"2022,05,31,10:58:26"
,143.47,969.15,"2022,05,31,10:58:27"
,143.47,970.15,"2022,05,31,10:58:28"
,143.47,971.15,"2022,05,31,10:58:29"
,144.23,972.15,"2022,05,31,10:58:30"
,143.72,973.18,"2022,05,31,10:58:31"
,144.49,974.18,"2022,05,31,10:58:32"
,144.74,975.19,"2022,05,31,10:58:33"
,144.74,976.19,"2022,05,31,10:58:34"
,144.74,977.19,"2022,05,31,10:58:35"
,144.74,978.22,"2022,05,31,10:58:36"
,145.26,979.22,"2022,05,31,10:58:37"
,145.26,980.22,"2022,05,31,10:58:38"
,145.51,981.22,"2022,05,31,10:58:39"
,145,982.23,"2022,05,31,10:58:40"
,146.02,983.26,"2022,05,31,10:58:41"
,145.26,984.26,"2022,05,31,10:58:42"
,145.51,985.26,"2022,05,31,10:58:43"
,145.51,986.26,"2022,05,31,10:58:44"
,146.28,987.27,"2022,05,31,10:58:45"
,145.77,988.3,"2022,05,31,10:58:46"
,146.53,989.3,"2022,05,31,10:58:47"
,146.28,990.3,"2022,05,31,10:58:48"
,146.02,991.3,"2022,05,31,10:58:49"
,146.02,992.3,"2022,05,31,10:58:50"
,147.04,993.34,"2022,05,31,10:58:51"
,147.3,994.34,"2022,05,31,10:58:52"
,146.79,995.34,"2022,05,31,10:58:53"
,147.3,996.34,"2022,05,31,10:58:54"
,146.79,997.34,"2022,05,31,10:58:55"
,147.55,998.37,"2022,05,31,10:58:56"
,147.3,999.38,"2022,05,31,10:58:57"
,147.04,1000.38,"2022,05,31,10:58:58"
,147.81,1001.38,"2022,05,31,10:58:59"
,147.81,1002.38,"2022,05,31,10:59:00"
,147.81,1003.41,"2022,05,31,10:59:01"
,147.81,1004.41,"2022,05,31,10:59:02"
,147.81,1005.42,"2022,05,31,10:59:03"
,148.32,1006.42,"2022,05,31,10:59:04"
,147.81,1007.42,"2022,05,31,10:59:05"
,148.06,1008.45,"2022,05,31,10:59:06"
,148.83,1009.45,"2022,05,31,10:59:07"
,148.32,1010.46,"2022,05,31,10:59:08"
,149.34,1011.46,"2022,05,31,10:59:09"
,149.08,1012.46,"2022,05,31,10:59:10"
,149.08,1013.49,"2022,05,31,10:59:11"
,149.59,1014.49,"2022,05,31,10:59:12"
,149.08,1015.5,"2022,05,31,10:59:13"
,149.85,1016.5,"2022,05,31,10:59:14"
,149.08,1017.5,"2022,05,31,10:59:15"
,149.08,1018.53,"2022,05,31,10:59:16"
,149.85,1019.53,"2022,05,31,10:59:17"
,150.36,1020.54,"2022,05,31,10:59:18"
,149.59,1021.54,"2022,05,31,10:59:19"
,149.85,1022.54,"2022,05,31,10:59:20"
,149.85,1023.57,"2022,05,31,10:59:21"
,150.36,1024.57,"2022,05,31,10:59:22"
,149.85,1025.57,"2022,05,31,10:59:23"
,150.1,1026.58,"2022,05,31,10:59:24"
,150.61,1027.58,"2022,05,31,10:59:25"
,150.87,1028.61,"2022,05,31,10:59:26"
,151.12,1029.61,"2022,05,31,10:59:27"
,150.61,1030.61,"2022,05,31,10:59:28"
,151.12,1031.62,"2022,05,31,10:59:29"
,150.87,1032.62,"2022,05,31,10:59:30"
,150.87,1033.65,"2022,05,31,10:59:31"
,151.38,1034.65,"2022,05,31,10:59:32"
,151.63,1035.65,"2022,05,31,10:59:33"
,151.63,1036.66,"2022,05,31,10:59:34"
,152.4,1037.66,"2022,05,31,10:59:35"
,152.4,1038.69,"2022,05,31,10:59:36"
,152.4,1039.69,"2022,05,31,10:59:37"
,152.14,1040.69,"2022,05,31,10:59:38"
,151.89,1041.7,"2022,05,31,10:59:39"
,152.4,1042.7,"2022,05,31,10:59:40"
,152.91,1043.73,"2022,05,31,10:59:41"
,152.65,1044.73,"2022,05,31,10:59:42"
,153.42,1045.73,"2022,05,31,10:59:43"
,152.91,1046.73,"2022,05,31,10:59:44"
,153.42,1047.74,"2022,05,31,10:59:45"
,152.91,1048.77,"2022,05,31,10:59:46"
,153.42,1049.77,"2022,05,31,10:59:47"
,153.16,1050.77,"2022,05,31,10:59:48"
,153.67,1051.78,"2022,05,31,10:59:49"
,153.93,1052.78,"2022,05,31,10:59:50"
,154.44,1053.81,"2022,05,31,10:59:51"
,153.67,1054.81,"2022,05,31,10:59:52"
,154.69,1055.81,"2022,05,31,10:59:53"
,154.44,1056.81,"2022,05,31,10:59:54"
,154.95,1057.82,"2022,05,31,10:59:55"
,154.18,1058.85,"2022,05,31,10:59:56"
,155.2,1059.85,"2022,05,31,10:59:57"
,154.69,1060.85,"2022,05,31,10:59:58"
,154.69,1061.85,"2022,05,31,10:59:59"
,155.46,1062.86,"2022,05,31,11:00:00"
,155.2,1063.89,"2022,05,31,11:00:01"
,155.2,1064.89,"2022,05,31,11:00:02"
,155.71,1065.89,"2022,05,31,11:00:03"
,155.46,1066.9,"2022,05,31,11:00:04"
,155.97,1067.9,"2022,05,31,11:00:05"
,155.71,1068.93,"2022,05,31,11:00:06"
,155.46,1069.93,"2022,05,31,11:00:07"
,156.22,1070.93,"2022,05,31,11:00:08"
,156.22,1071.93,"2022,05,31,11:00:09"
,155.71,1072.94,"2022,05,31,11:00:10"
,156.48,1073.97,"2022,05,31,11:00:11"
,156.48,1074.97,"2022,05,31,11:00:12"
,155.97,1075.97,"2022,05,31,11:00:13"
,156.48,1076.97,"2022,05,31,11:00:14"
,156.99,1077.97,"2022,05,31,11:00:15"
,156.99,1079.01,"2022,05,31,11:00:16"
,156.73,1080.01,"2022,05,31,11:00:17"
,156.99,1081.01,"2022,05,31,11:00:18"
,156.99,1082.01,"2022,05,31,11:00:19"
,157.24,1083.01,"2022,05,31,11:00:20"
,157.24,1084.05,"2022,05,31,11:00:21"
,157.24,1085.05,"2022,05,31,11:00:22"
,157.76,1086.05,"2022,05,31,11:00:23"
,158.27,1087.05,"2022,05,31,11:00:24"
,157.24,1088.05,"2022,05,31,11:00:25"
,157.24,1089.09,"2022,05,31,11:00:27"
,157.76,1090.09,"2022,05,31,11:00:28"
,157.76,1091.09,"2022,05,31,11:00:29"
,157.76,1092.09,"2022,05,31,11:00:30"
,158.52,1093.09,"2022,05,31,11:00:31"
,158.27,1094.13,"2022,05,31,11:00:32"
,158.78,1095.13,"2022,05,31,11:00:33"
,159.29,1096.13,"2022,05,31,11:00:34"
,159.03,1097.13,"2022,05,31,11:00:35"
,159.29,1098.13,"2022,05,31,11:00:36"
,159.54,1099.17,"2022,05,31,11:00:37"
,159.29,1100.17,"2022,05,31,11:00:38"
,159.03,1101.17,"2022,05,31,11:00:39"
,159.54,1102.17,"2022,05,31,11:00:40"
,159.29,1103.17,"2022,05,31,11:00:41"
,159.8,1104.21,"2022,05,31,11:00:42"
,160.05,1105.21,"2022,05,31,11:00:43"
,159.54,1106.21,"2022,05,31,11:00:44"
,159.8,1107.21,"2022,05,31,11:00:45"
,159.8,1108.21,"2022,05,31,11:00:46"
,159.8,1109.25,"2022,05,31,11:00:47"
,159.8,1110.25,"2022,05,31,11:00:48"
,159.8,1111.25,"2022,05,31,11:00:49"
,160.56,1112.25,"2022,05,31,11:00:50"
,160.31,1113.25,"2022,05,31,11:00:51"
,160.82,1114.29,"2022,05,31,11:00:52"
,160.31,1115.29,"2022,05,31,11:00:53"
,160.56,1116.29,"2022,05,31,11:00:54"
,161.33,1117.29,"2022,05,31,11:00:55"
,160.82,1118.29,"2022,05,31,11:00:56"
,161.07,1119.32,"2022,05,31,11:00:57"
,161.07,1120.33,"2022,05,31,11:00:58"
,162.09,1121.33,"2022,05,31,11:00:59"
,161.33,1122.33,"2022,05,31,11:01:00"
,161.58,1123.33,"2022,05,31,11:01:01"
,162.09,1124.37,"2022,05,31,11:01:02"
,162.09,1125.37,"2022,05,31,11:01:03"
,161.84,1126.37,"2022,05,31,11:01:04"
,161.84,1127.37,"2022,05,31,11:01:05"
,162.09,1128.37,"2022,05,31,11:01:06"
,162.6,1129.41,"2022,05,31,11:01:07"
,162.35,1130.41,"2022,05,31,11:01:08"
,162.6,1131.41,"2022,05,31,11:01:09"
,162.86,1132.41,"2022,05,31,11:01:10"
,162.6,1133.41,"2022,05,31,11:01:11"
,163.37,1134.44,"2022,05,31,11:01:12"
,162.6,1135.45,"2022,05,31,11:01:13"
,162.86,1136.45,"2022,05,31,11:01:14"
,162.86,1137.45,"2022,05,31,11:01:15"
,163.62,1138.45,"2022,05,31,11:01:16"
,163.37,1139.48,"2022,05,31,11:01:17"
,163.37,1140.49,"2022,05,31,11:01:18"
,162.86,1141.49,"2022,05,31,11:01:19"
,163.37,1142.49,"2022,05,31,11:01:20"
,164.13,1143.49,"2022,05,31,11:01:21"
,163.37,1144.53,"2022,05,31,11:01:22"
,164.13,1145.53,"2022,05,31,11:01:23"
,163.88,1146.53,"2022,05,31,11:01:24"
,164.9,1147.53,"2022,05,31,11:01:25"
,163.88,1148.53,"2022,05,31,11:01:26"
,164.13,1149.56,"2022,05,31,11:01:27"
,164.9,1150.57,"2022,05,31,11:01:28"
,164.39,1151.57,"2022,05,31,11:01:29"
,165.41,1152.57,"2022,05,31,11:01:30"
,164.64,1153.57,"2022,05,31,11:01:31"
,165.15,1154.6,"2022,05,31,11:01:32"
,164.9,1155.61,"2022,05,31,11:01:33"
,165.41,1156.61,"2022,05,31,11:01:34"
,165.41,1157.61,"2022,05,31,11:01:35"
,164.9,1158.61,"2022,05,31,11:01:36"
,164.9,1159.64,"2022,05,31,11:01:37"
,165.41,1160.65,"2022,05,31,11:01:38"
,165.92,1161.65,"2022,05,31,11:01:39"
,165.41,1162.65,"2022,05,31,11:01:40"
,166.17,1163.65,"2022,05,31,11:01:41"
,166.17,1164.68,"2022,05,31,11:01:42"
,165.92,1165.69,"2022,05,31,11:01:43"
,166.43,1166.69,"2022,05,31,11:01:44"
,165.92,1167.69,"2022,05,31,11:01:45"
,166.68,1168.69,"2022,05,31,11:01:46"
,166.43,1169.72,"2022,05,31,11:01:47"
,166.68,1170.72,"2022,05,31,11:01:48"
,166.17,1171.73,"2022,05,31,11:01:49"
,166.17,1172.73,"2022,05,31,11:01:50"
,166.43,1173.73,"2022,05,31,11:01:51"
,166.43,1174.76,"2022,05,31,11:01:52"
,166.43,1175.77,"2022,05,31,11:01:53"
,167.19,1176.77,"2022,05,31,11:01:54"
,166.94,1177.77,"2022,05,31,11:01:55"
,166.94,1178.77,"2022,05,31,11:01:56"
,167.96,1179.8,"2022,05,31,11:01:57"
,167.45,1180.8,"2022,05,31,11:01:58"
,167.96,1181.81,"2022,05,31,11:01:59"
,167.7,1182.81,"2022,05,31,11:02:00"
,167.7,1183.81,"2022,05,31,11:02:01"
,168.72,1184.84,"2022,05,31,11:02:02"
,168.21,1185.84,"2022,05,31,11:02:03"
,168.21,1186.85,"2022,05,31,11:02:04"
,168.21,1187.85,"2022,05,31,11:02:05"
,168.47,1188.85,"2022,05,31,11:02:06"
,168.47,1189.88,"2022,05,31,11:02:07"
,169.49,1190.89,"2022,05,31,11:02:08"
,168.72,1191.89,"2022,05,31,11:02:09"
,168.47,1192.89,"2022,05,31,11:02:10"
,168.47,1193.89,"2022,05,31,11:02:11"
,169.49,1194.92,"2022,05,31,11:02:12"
,169.49,1195.93,"2022,05,31,11:02:13"
,168.98,1196.93,"2022,05,31,11:02:14"
,168.98,1197.93,"2022,05,31,11:02:15"
,168.72,1198.93,"2022,05,31,11:02:16"
,168.72,1199.96,"2022,05,31,11:02:17"
,168.98,1200.96,"2022,05,31,11:02:18"
,169.49,1201.97,"2022,05,31,11:02:19"
,168.47,1202.97,"2022,05,31,11:02:20"
,168.72,1203.97,"2022,05,31,11:02:21"
,169.49,1205,"2022,05,31,11:02:22"
,168.72,1206,"2022,05,31,11:02:23"
,168.47,1207.01,"2022,05,31,11:02:24"
,168.47,1208.01,"2022,05,31,11:02:25"
,168.72,1209.01,"2022,05,31,11:02:26"
,168.98,1210.04,"2022,05,31,11:02:27"
,169.23,1211.04,"2022,05,31,11:02:28"
,169.23,1212.05,"2022,05,31,11:02:29"
,168.21,1213.05,"2022,05,31,11:02:30"
,168.72,1214.05,"2022,05,31,11:02:31"
,168.21,1215.08,"2022,05,31,11:02:32"
,168.98,1216.08,"2022,05,31,11:02:33"
,168.98,1217.09,"2022,05,31,11:02:34"
,168.72,1218.09,"2022,05,31,11:02:35"
,168.72,1219.09,"2022,05,31,11:02:36"
,168.47,1220.12,"2022,05,31,11:02:37"
,167.96,1221.12,"2022,05,31,11:02:38"
,168.47,1222.13,"2022,05,31,11:02:39"
,168.47,1223.13,"2022,05,31,11:02:40"
,167.7,1224.13,"2022,05,31,11:02:41"
,168.21,1225.16,"2022,05,31,11:02:42"
,168.21,1226.16,"2022,05,31,11:02:44"
,167.96,1227.17,"2022,05,31,11:02:44"
,167.45,1228.17,"2022,05,31,11:02:46"
,167.19,1229.17,"2022,05,31,11:02:46"
,167.7,1230.2,"2022,05,31,11:02:48"
,167.19,1231.2,"2022,05,31,11:02:49"
,167.45,1232.2,"2022,05,31,11:02:50"
,167.45,1233.21,"2022,05,31,11:02:51"
,167.45,1234.21,"2022,05,31,11:02:52"
,166.68,1235.24,"2022,05,31,11:02:53"
,167.45,1236.24,"2022,05,31,11:02:54"
,166.68,1237.24,"2022,05,31,11:02:55"
,166.43,1238.25,"2022,05,31,11:02:56"
,166.17,1239.25,"2022,05,31,11:02:57"
,166.17,1240.28,"2022,05,31,11:02:58"
,166.43,1241.28,"2022,05,31,11:02:59"
,166.68,1242.28,"2022,05,31,11:03:00"
,166.17,1243.29,"2022,05,31,11:03:01"
,165.66,1244.29,"2022,05,31,11:03:02"
,165.41,1245.32,"2022,05,31,11:03:03"
,166.43,1246.32,"2022,05,31,11:03:04"
,165.41,1247.32,"2022,05,31,11:03:05"
,165.41,1248.33,"2022,05,31,11:03:06"
,165.15,1249.33,"2022,05,31,11:03:07"
,165.66,1250.36,"2022,05,31,11:03:08"
,165.92,1251.36,"2022,05,31,11:03:09"
,164.9,1252.36,"2022,05,31,11:03:10"
,164.64,1253.37,"2022,05,31,11:03:11"
,165.41,1254.37,"2022,05,31,11:03:12"
,165.15,1255.4,"2022,05,31,11:03:13"
,165.15,1256.4,"2022,05,31,11:03:14"
,164.64,1257.4,"2022,05,31,11:03:15"
,164.39,1258.41,"2022,05,31,11:03:16"
,164.64,1259.41,"2022,05,31,11:03:17"
,164.9,1260.44,"2022,05,31,11:03:18"
,163.62,1261.44,"2022,05,31,11:03:19"
,164.9,1262.44,"2022,05,31,11:03:20"
,163.88,1263.44,"2022,05,31,11:03:21"
,164.39,1264.45,"2022,05,31,11:03:22"
,164.13,1265.48,"2022,05,31,11:03:23"
,163.88,1266.48,"2022,05,31,11:03:24"
,163.11,1267.48,"2022,05,31,11:03:25"
,163.37,1268.48,"2022,05,31,11:03:26"
,163.37,1269.49,"2022,05,31,11:03:27"
,162.86,1270.52,"2022,05,31,11:03:28"
,162.86,1271.52,"2022,05,31,11:03:29"
,163.11,1272.52,"2022,05,31,11:03:30"
,163.62,1273.52,"2022,05,31,11:03:31"
,162.6,1274.53,"2022,05,31,11:03:32"
,163.37,1275.56,"2022,05,31,11:03:33"
,162.86,1276.56,"2022,05,31,11:03:34"
,162.6,1277.56,"2022,05,31,11:03:35"
,162.6,1278.56,"2022,05,31,11:03:36"
,162.35,1279.57,"2022,05,31,11:03:37"
,163.11,1280.6,"2022,05,31,11:03:38"
,162.86,1281.6,"2022,05,31,11:03:39"
,162.35,1282.6,"2022,05,31,11:03:40"
,162.35,1283.6,"2022,05,31,11:03:41"
,162.86,1284.61,"2022,05,31,11:03:42"
,162.09,1285.64,"2022,05,31,11:03:43"
,163.11,1286.64,"2022,05,31,11:03:44"
,163.11,1287.65,"2022,05,31,11:03:45"
,162.86,1288.65,"2022,05,31,11:03:46"
,162.86,1289.65,"2022,05,31,11:03:47"
,163.11,1290.68,"2022,05,31,11:03:48"
,163.11,1291.69,"2022,05,31,11:03:49"
,162.6,1292.69,"2022,05,31,11:03:50"
,162.86,1293.69,"2022,05,31,11:03:51"
,162.35,1294.69,"2022,05,31,11:03:52"
,162.09,1295.72,"2022,05,31,11:03:53"
,162.86,1296.72,"2022,05,31,11:03:54"
,162.09,1297.73,"2022,05,31,11:03:55"
,162.09,1298.73,"2022,05,31,11:03:56"
,162.35,1299.73,"2022,05,31,11:03:57"
,162.6,1300.76,"2022,05,31,11:03:58"
,162.09,1301.77,"2022,05,31,11:03:59"
,161.84,1302.77,"2022,05,31,11:04:00"
,162.09,1303.77,"2022,05,31,11:04:01"
,162.09,1304.77,"2022,05,31,11:04:02"
,162.35,1305.8,"2022,05,31,11:04:03"
,162.35,1306.8,"2022,05,31,11:04:04"
,162.09,1307.81,"2022,05,31,11:04:05"
,162.09,1308.81,"2022,05,31,11:04:06"
,162.86,1309.81,"2022,05,31,11:04:07"
,162.86,1310.84,"2022,05,31,11:04:08"
,162.6,1311.84,"2022,05,31,11:04:09"
,163.11,1312.85,"2022,05,31,11:04:10"
,163.11,1313.85,"2022,05,31,11:04:11"
,163.37,1314.85,"2022,05,31,11:04:12"
,162.86,1315.88,"2022,05,31,11:04:13"
,163.11,1316.88,"2022,05,31,11:04:14"
,163.37,1317.89,"2022,05,31,11:04:15"
,162.86,1318.89,"2022,05,31,11:04:16"
,163.37,1319.89,"2022,05,31,11:04:17"
,163.88,1320.92,"2022,05,31,11:04:18"
,163.88,1321.92,"2022,05,31,11:04:19"
,163.11,1322.93,"2022,05,31,11:04:20"
,163.88,1323.93,"2022,05,31,11:04:21"
,164.64,1324.93,"2022,05,31,11:04:22"
,164.13,1325.96,"2022,05,31,11:04:23"
,163.62,1326.96,"2022,05,31,11:04:24"
,164.64,1327.96,"2022,05,31,11:04:25"
,164.9,1328.97,"2022,05,31,11:04:26"
,165.15,1329.97,"2022,05,31,11:04:27"
,165.41,1331,"2022,05,31,11:04:28"
,165.41,1332,"2022,05,31,11:04:29"
,164.9,1333.01,"2022,05,31,11:04:30"
,165.66,1334.01,"2022,05,31,11:04:31"
,164.9,1335.01,"2022,05,31,11:04:32"
,165.15,1336.04,"2022,05,31,11:04:33"
,165.66,1337.04,"2022,05,31,11:04:34"
,165.66,1338.04,"2022,05,31,11:04:35"
,165.92,1339.05,"2022,05,31,11:04:36"
,166.17,1340.05,"2022,05,31,11:04:37"
,165.92,1341.08,"2022,05,31,11:04:38"
,166.43,1342.08,"2022,05,31,11:04:39"
,166.68,1343.08,"2022,05,31,11:04:40"
,166.68,1344.08,"2022,05,31,11:04:41"
,167.19,1345.09,"2022,05,31,11:04:42"
,167.45,1346.12,"2022,05,31,11:04:43"
,167.19,1347.12,"2022,05,31,11:04:44"
,166.43,1348.12,"2022,05,31,11:04:45"
,166.94,1349.13,"2022,05,31,11:04:46"
,167.19,1350.13,"2022,05,31,11:04:47"
,167.96,1351.16,"2022,05,31,11:04:48"
,167.45,1352.16,"2022,05,31,11:04:49"
,167.45,1353.16,"2022,05,31,11:04:50"
,167.45,1354.16,"2022,05,31,11:04:51"
,167.7,1355.17,"2022,05,31,11:04:52"
,167.45,1356.2,"2022,05,31,11:04:53"
,167.96,1357.2,"2022,05,31,11:04:54"
,167.96,1358.2,"2022,05,31,11:04:55"
,167.96,1359.2,"2022,05,31,11:04:56"
,167.96,1360.21,"2022,05,31,11:04:57"
,168.21,1361.24,"2022,05,31,11:04:58"
,168.21,1362.24,"2022,05,31,11:04:59"
,168.72,1363.24,"2022,05,31,11:05:00"
,168.72,1364.24,"2022,05,31,11:05:01"
,169.23,1365.25,"2022,05,31,11:05:03"
,169.74,1366.28,"2022,05,31,11:05:04"
,169.23,1367.28,"2022,05,31,11:05:05"
,169.23,1368.28,"2022,05,31,11:05:06"
,169.23,1369.28,"2022,05,31,11:05:07"
,170,1370.29,"2022,05,31,11:05:08"
,169.49,1371.32,"2022,05,31,11:05:09"
,169.74,1372.32,"2022,05,31,11:05:10"
,170.51,1373.32,"2022,05,31,11:05:11"
,170.26,1374.32,"2022,05,31,11:05:12"
,170.51,1375.32,"2022,05,31,11:05:13"
,170.26,1376.36,"2022,05,31,11:05:14"
,170.51,1377.36,"2022,05,31,11:05:15"
,171.02,1378.36,"2022,05,31,11:05:16"
,171.28,1379.36,"2022,05,31,11:05:17"
,170.77,1380.36,"2022,05,31,11:05:18"
,171.53,1381.4,"2022,05,31,11:05:19"
,171.79,1382.4,"2022,05,31,11:05:20"
,171.79,1383.4,"2022,05,31,11:05:21"
,171.28,1384.4,"2022,05,31,11:05:22"
,172.04,1385.4,"2022,05,31,11:05:23"
,172.3,1386.44,"2022,05,31,11:05:24"
,171.79,1387.44,"2022,05,31,11:05:25"
,171.79,1388.44,"2022,05,31,11:05:26"
,172.04,1389.44,"2022,05,31,11:05:27"
,172.04,1390.44,"2022,05,31,11:05:28"
,172.3,1391.48,"2022,05,31,11:05:29"
,172.55,1392.48,"2022,05,31,11:05:30"
,173.06,1393.48,"2022,05,31,11:05:31"
,172.81,1394.48,"2022,05,31,11:05:32"
,172.3,1395.48,"2022,05,31,11:05:33"
,173.32,1396.52,"2022,05,31,11:05:34"
,172.55,1397.52,"2022,05,31,11:05:35"
,173.06,1398.52,"2022,05,31,11:05:36"
,173.83,1399.52,"2022,05,31,11:05:37"
,173.83,1400.52,"2022,05,31,11:05:38"
,173.06,1401.56,"2022,05,31,11:05:39"
,173.06,1402.56,"2022,05,31,11:05:40"
,173.83,1403.56,"2022,05,31,11:05:41"
,174.08,1404.56,"2022,05,31,11:05:42"
,174.08,1405.56,"2022,05,31,11:05:43"
,173.83,1406.59,"2022,05,31,11:05:44"
,174.08,1407.6,"2022,05,31,11:05:45"
,174.34,1408.6,"2022,05,31,11:05:46"
,174.34,1409.6,"2022,05,31,11:05:47"
,174.59,1410.6,"2022,05,31,11:05:48"
,174.85,1411.64,"2022,05,31,11:05:49"
,174.59,1412.64,"2022,05,31,11:05:50"
,174.34,1413.64,"2022,05,31,11:05:51"
,174.34,1414.64,"2022,05,31,11:05:52"
,174.59,1415.64,"2022,05,31,11:05:53"
,175.1,1416.68,"2022,05,31,11:05:54"
,175.61,1417.68,"2022,05,31,11:05:55"
,175.87,1418.68,"2022,05,31,11:05:56"
,174.85,1419.68,"2022,05,31,11:05:57"
,175.87,1420.68,"2022,05,31,11:05:58"
,175.61,1421.71,"2022,05,31,11:05:59"
,176.12,1422.72,"2022,05,31,11:06:00"
,175.36,1423.72,"2022,05,31,11:06:01"
,175.36,1424.72,"2022,05,31,11:06:02"
,175.87,1425.72,"2022,05,31,11:06:03"
,176.63,1426.75,"2022,05,31,11:06:04"
,176.89,1427.76,"2022,05,31,11:06:05"
,176.12,1428.76,"2022,05,31,11:06:06"
,176.38,1429.76,"2022,05,31,11:06:07"
,176.12,1430.76,"2022,05,31,11:06:08"
,176.63,1431.79,"2022,05,31,11:06:09"
,177.14,1432.8,"2022,05,31,11:06:10"
,177.4,1433.8,"2022,05,31,11:06:11"
,177.14,1434.8,"2022,05,31,11:06:12"
,177.4,1435.8,"2022,05,31,11:06:13"
,177.65,1436.83,"2022,05,31,11:06:14"
,176.89,1437.83,"2022,05,31,11:06:15"
,177.14,1438.84,"2022,05,31,11:06:16"
,177.91,1439.84,"2022,05,31,11:06:17"
,177.14,1440.84,"2022,05,31,11:06:18"
,178.16,1441.87,"2022,05,31,11:06:19"
,177.4,1442.88,"2022,05,31,11:06:20"
,178.16,1443.88,"2022,05,31,11:06:21"
,178.16,1444.88,"2022,05,31,11:06:22"
,178.67,1445.88,"2022,05,31,11:06:23"
,177.65,1446.91,"2022,05,31,11:06:24"
,178.16,1447.91,"2022,05,31,11:06:25"
,177.91,1448.92,"2022,05,31,11:06:26"
,178.16,1449.92,"2022,05,31,11:06:27"
,178.42,1450.92,"2022,05,31,11:06:28"
,179.18,1451.95,"2022,05,31,11:06:29"
,178.42,1452.95,"2022,05,31,11:06:30"
,178.93,1453.95,"2022,05,31,11:06:31"
,178.67,1454.96,"2022,05,31,11:06:32"
,178.93,1455.96,"2022,05,31,11:06:33"
,178.93,1456.99,"2022,05,31,11:06:34"
,179.18,1457.99,"2022,05,31,11:06:35"
,179.95,1459,"2022,05,31,11:06:36"
,179.44,1460,"2022,05,31,11:06:37"
,179.95,1461,"2022,05,31,11:06:38"
,179.95,1462.03,"2022,05,31,11:06:39"
,179.69,1463.03,"2022,05,31,11:06:40"
,180.2,1464.04,"2022,05,31,11:06:41"
,179.69,1465.04,"2022,05,31,11:06:42"
,179.69,1466.04,"2022,05,31,11:06:43"
,180.46,1467.07,"2022,05,31,11:06:44"
,180.46,1468.07,"2022,05,31,11:06:45"
,180.2,1469.07,"2022,05,31,11:06:46"
,180.71,1470.08,"2022,05,31,11:06:47"
,180.46,1471.08,"2022,05,31,11:06:48"
,180.46,1472.11,"2022,05,31,11:06:49"
,181.22,1473.11,"2022,05,31,11:06:50"
,180.71,1474.11,"2022,05,31,11:06:51"
,181.48,1475.11,"2022,05,31,11:06:52"
,180.97,1476.12,"2022,05,31,11:06:53"
,181.73,1477.15,"2022,05,31,11:06:54"
,180.97,1478.15,"2022,05,31,11:06:55"
,181.73,1479.15,"2022,05,31,11:06:56"
,181.73,1480.16,"2022,05,31,11:06:57"
,181.22,1481.16,"2022,05,31,11:06:58"
,181.48,1482.19,"2022,05,31,11:06:59"
,182.5,1483.19,"2022,05,31,11:07:00"
,181.99,1484.19,"2022,05,31,11:07:01"
,182.76,1485.19,"2022,05,31,11:07:02"
,182.5,1486.2,"2022,05,31,11:07:03"
,182.24,1487.23,"2022,05,31,11:07:04"
,183.01,1488.23,"2022,05,31,11:07:05"
,182.76,1489.23,"2022,05,31,11:07:06"
,183.27,1490.23,"2022,05,31,11:07:07"
,182.5,1491.24,"2022,05,31,11:07:08"
,182.76,1492.27,"2022,05,31,11:07:09"
,182.5,1493.27,"2022,05,31,11:07:10"
,182.76,1494.27,"2022,05,31,11:07:11"
,183.27,1495.27,"2022,05,31,11:07:12"
,183.52,1496.28,"2022,05,31,11:07:13"
,183.27,1497.31,"2022,05,31,11:07:14"
,183.27,1498.31,"2022,05,31,11:07:15"
,183.52,1499.31,"2022,05,31,11:07:16"
,183.52,1500.31,"2022,05,31,11:07:17"
,184.03,1501.31,"2022,05,31,11:07:18"
,184.29,1502.35,"2022,05,31,11:07:20"
,184.54,1503.35,"2022,05,31,11:07:21"
,184.54,1504.35,"2022,05,31,11:07:22"
,184.8,1505.35,"2022,05,31,11:07:23"
,183.78,1506.35,"2022,05,31,11:07:24"
,184.54,1507.39,"2022,05,31,11:07:25"
,184.29,1508.39,"2022,05,31,11:07:26"
,184.29,1509.39,"2022,05,31,11:07:27"
,184.29,1510.39,"2022,05,31,11:07:28"
,184.54,1511.4,"2022,05,31,11:07:29"
,185.31,1512.43,"2022,05,31,11:07:30"
,184.54,1513.43,"2022,05,31,11:07:31"
,185.31,1514.43,"2022,05,31,11:07:32"
,185.31,1515.43,"2022,05,31,11:07:33"
,184.8,1516.44,"2022,05,31,11:07:34"
,184.8,1517.47,"2022,05,31,11:07:35"
,185.56,1518.47,"2022,05,31,11:07:36"
,185.31,1519.47,"2022,05,31,11:07:37"
,185.56,1520.47,"2022,05,31,11:07:38"
,185.05,1521.47,"2022,05,31,11:07:39"
,185.82,1522.51,"2022,05,31,11:07:40"
,185.31,1523.51,"2022,05,31,11:07:41"
,186.07,1524.51,"2022,05,31,11:07:42"
,185.56,1525.51,"2022,05,31,11:07:43"
,185.56,1526.51,"2022,05,31,11:07:44"
,186.33,1527.55,"2022,05,31,11:07:45"
,185.82,1528.55,"2022,05,31,11:07:46"
,186.33,1529.55,"2022,05,31,11:07:47"
,185.82,1530.55,"2022,05,31,11:07:48"
,186.07,1531.55,"2022,05,31,11:07:49"
,186.58,1532.59,"2022,05,31,11:07:50"
,186.33,1533.59,"2022,05,31,11:07:51"
,187.09,1534.59,"2022,05,31,11:07:52"
,186.33,1535.59,"2022,05,31,11:07:53"
,187.09,1536.59,"2022,05,31,11:07:54"
,187.35,1537.63,"2022,05,31,11:07:55"
,187.35,1538.63,"2022,05,31,11:07:56"
,186.84,1539.63,"2022,05,31,11:07:57"
,187.09,1540.63,"2022,05,31,11:07:58"
,187.6,1541.63,"2022,05,31,11:07:59"
,187.35,1542.67,"2022,05,31,11:08:00"
,186.58,1543.67,"2022,05,31,11:08:01"
,187.6,1544.67,"2022,05,31,11:08:02"
,187.86,1545.67,"2022,05,31,11:08:03"
,187.86,1546.67,"2022,05,31,11:08:04"
,187.35,1547.71,"2022,05,31,11:08:05"
,187.86,1548.71,"2022,05,31,11:08:06"
,188.11,1549.71,"2022,05,31,11:08:07"
,187.86,1550.71,"2022,05,31,11:08:08"
,188.11,1551.71,"2022,05,31,11:08:09"
,188.11,1552.75,"2022,05,31,11:08:10"
,188.37,1553.75,"2022,05,31,11:08:11"
,188.88,1554.75,"2022,05,31,11:08:12"
,188.62,1555.75,"2022,05,31,11:08:13"
,189.39,1556.75,"2022,05,31,11:08:14"
,189.39,1557.79,"2022,05,31,11:08:15"
,189.39,1558.79,"2022,05,31,11:08:16"
,189.64,1559.79,"2022,05,31,11:08:17"
,189.64,1560.79,"2022,05,31,11:08:18"
,189.9,1561.79,"2022,05,31,11:08:19"
,189.13,1562.82,"2022,05,31,11:08:20"
,189.9,1563.82,"2022,05,31,11:08:21"
,189.9,1564.83,"2022,05,31,11:08:22"
,189.39,1565.83,"2022,05,31,11:08:23"
,189.39,1566.83,"2022,05,31,11:08:24"
,189.64,1567.86,"2022,05,31,11:08:25"
,190.41,1568.86,"2022,05,31,11:08:26"
,189.9,1569.87,"2022,05,31,11:08:27"
,189.64,1570.87,"2022,05,31,11:08:28"
,190.41,1571.87,"2022,05,31,11:08:29"
,190.92,1572.9,"2022,05,31,11:08:30"
,190.41,1573.91,"2022,05,31,11:08:31"
,191.17,1574.91,"2022,05,31,11:08:32"
,190.66,1575.91,"2022,05,31,11:08:33"
,190.41,1576.91,"2022,05,31,11:08:34"
,190.41,1577.94,"2022,05,31,11:08:35"
,190.66,1578.94,"2022,05,31,11:08:36"
,191.17,1579.95,"2022,05,31,11:08:37"
,190.66,1580.95,"2022,05,31,11:08:38"
,191.17,1581.95,"2022,05,31,11:08:39"
,190.66,1582.98,"2022,05,31,11:08:40"
,190.92,1583.98,"2022,05,31,11:08:41"
,190.66,1584.99,"2022,05,31,11:08:42"
,190.92,1585.99,"2022,05,31,11:08:43"
,190.92,1586.99,"2022,05,31,11:08:44"
,191.17,1588.02,"2022,05,31,11:08:45"
,191.17,1589.02,"2022,05,31,11:08:46"
,191.43,1590.03,"2022,05,31,11:08:47"
,192.19,1591.03,"2022,05,31,11:08:48"
,191.94,1592.03,"2022,05,31,11:08:49"
,191.17,1593.06,"2022,05,31,11:08:50"
,191.94,1594.06,"2022,05,31,11:08:51"
,191.94,1595.07,"2022,05,31,11:08:52"
,192.19,1596.07,"2022,05,31,11:08:53"
,191.68,1597.07,"2022,05,31,11:08:54"
,192.19,1598.1,"2022,05,31,11:08:55"
,192.7,1599.1,"2022,05,31,11:08:56"
,192.96,1600.1,"2022,05,31,11:08:57"
,192.7,1601.11,"2022,05,31,11:08:58"
,192.19,1602.11,"2022,05,31,11:08:59"
,192.19,1603.14,"2022,05,31,11:09:00"
,193.21,1604.14,"2022,05,31,11:09:01"
,192.96,1605.15,"2022,05,31,11:09:02"
,192.96,1606.15,"2022,05,31,11:09:03"
,192.45,1607.15,"2022,05,31,11:09:04"
,193.47,1608.18,"2022,05,31,11:09:05"
,192.96,1609.18,"2022,05,31,11:09:06"
,193.72,1610.18,"2022,05,31,11:09:07"
,193.72,1611.19,"2022,05,31,11:09:08"
,193.98,1612.19,"2022,05,31,11:09:09"
,193.72,1613.22,"2022,05,31,11:09:10"
,193.47,1614.22,"2022,05,31,11:09:11"
,193.72,1615.22,"2022,05,31,11:09:12"
,193.98,1616.22,"2022,05,31,11:09:13"
,193.72,1617.23,"2022,05,31,11:09:14"
,194.49,1618.26,"2022,05,31,11:09:15"
,194.49,1619.26,"2022,05,31,11:09:16"
,195,1620.26,"2022,05,31,11:09:17"
,195,1621.27,"2022,05,31,11:09:18"
,194.74,1622.27,"2022,05,31,11:09:19"
,195.26,1623.3,"2022,05,31,11:09:20"
,194.74,1624.3,"2022,05,31,11:09:21"
,195.51,1625.3,"2022,05,31,11:09:22"
,195.51,1626.31,"2022,05,31,11:09:23"
,195.51,1627.31,"2022,05,31,11:09:24"
,195.77,1628.34,"2022,05,31,11:09:25"
,196.02,1629.34,"2022,05,31,11:09:26"
,195.51,1630.34,"2022,05,31,11:09:27"
,195.51,1631.34,"2022,05,31,11:09:28"
,196.28,1632.35,"2022,05,31,11:09:29"
,195.51,1633.38,"2022,05,31,11:09:30"
,196.02,1634.38,"2022,05,31,11:09:31"
,196.02,1635.38,"2022,05,31,11:09:32"
,195.51,1636.38,"2022,05,31,11:09:33"
,195.77,1637.39,"2022,05,31,11:09:34"
,196.53,1638.42,"2022,05,31,11:09:36"
,196.28,1639.42,"2022,05,31,11:09:37"
,196.28,1640.42,"2022,05,31,11:09:38"
,196.02,1641.42,"2022,05,31,11:09:39"
,196.53,1642.43,"2022,05,31,11:09:40"
,196.79,1643.46,"2022,05,31,11:09:41"
,197.04,1644.46,"2022,05,31,11:09:42"
,196.28,1645.46,"2022,05,31,11:09:43"
,196.53,1646.46,"2022,05,31,11:09:44"
,196.53,1647.46,"2022,05,31,11:09:45"
,197.3,1648.5,"2022,05,31,11:09:46"
,196.79,1649.5,"2022,05,31,11:09:47"
,197.3,1650.5,"2022,05,31,11:09:48"
,197.55,1651.5,"2022,05,31,11:09:49"
,197.55,1652.51,"2022,05,31,11:09:50"
,197.81,1653.54,"2022,05,31,11:09:51"
,197.3,1654.54,"2022,05,31,11:09:52"
,197.04,1655.54,"2022,05,31,11:09:53"
,197.81,1656.54,"2022,05,31,11:09:54"
,197.81,1657.54,"2022,05,31,11:09:55"
,197.81,1658.58,"2022,05,31,11:09:56"
,197.3,1659.58,"2022,05,31,11:09:57"
,198.06,1660.58,"2022,05,31,11:09:58"
,197.81,1661.58,"2022,05,31,11:09:59"
,198.57,1662.58,"2022,05,31,11:10:00"
,198.83,1663.62,"2022,05,31,11:10:01"
,198.83,1664.62,"2022,05,31,11:10:02"
,199.08,1665.62,"2022,05,31,11:10:03"
,199.08,1666.62,"2022,05,31,11:10:04"
,198.32,1667.62,"2022,05,31,11:10:05"
,198.32,1668.66,"2022,05,31,11:10:06"
,198.32,1669.66,"2022,05,31,11:10:07"
,199.34,1670.66,"2022,05,31,11:10:08"
,199.08,1671.66,"2022,05,31,11:10:09"
,198.57,1672.66,"2022,05,31,11:10:10"
,199.34,1673.69,"2022,05,31,11:10:11"
,198.83,1674.7,"2022,05,31,11:10:12"
,198.83,1675.7,"2022,05,31,11:10:13"
,199.59,1676.7,"2022,05,31,11:10:14"
,199.85,1677.7,"2022,05,31,11:10:15"
,199.34,1678.74,"2022,05,31,11:10:16"
,199.34,1679.74,"2022,05,31,11:10:17"
,199.34,1680.74,"2022,05,31,11:10:18"
,199.59,1681.74,"2022,05,31,11:10:19"
,199.85,1682.74,"2022,05,31,11:10:20"
,200.36,1683.78,"2022,05,31,11:10:21"
,200.36,1684.78,"2022,05,31,11:10:22"
,200.61,1685.78,"2022,05,31,11:10:23"
,200.1,1686.78,"2022,05,31,11:10:24"
,200.36,1687.78,"2022,05,31,11:10:25"
,200.87,1688.82,"2022,05,31,11:10:26"
,200.87,1689.82,"2022,05,31,11:10:27"
,200.36,1690.82,"2022,05,31,11:10:28"
,200.61,1691.82,"2022,05,31,11:10:29"
,200.36,1692.82,"2022,05,31,11:10:30"
,200.87,1693.85,"2022,05,31,11:10:31"
,201.12,1694.86,"2022,05,31,11:10:32"
,201.38,1695.86,"2022,05,31,11:10:33"
,200.87,1696.86,"2022,05,31,11:10:34"
,200.87,1697.86,"2022,05,31,11:10:35"
,201.89,1698.9,"2022,05,31,11:10:36"
,201.38,1699.9,"2022,05,31,11:10:37"
,201.12,1700.9,"2022,05,31,11:10:38"
,201.12,1701.9,"2022,05,31,11:10:39"
,202.14,1702.9,"2022,05,31,11:10:40"
,201.89,1703.94,"2022,05,31,11:10:41"
,201.38,1704.94,"2022,05,31,11:10:42"
,201.63,1705.94,"2022,05,31,11:10:43"
,201.63,1706.94,"2022,05,31,11:10:44"
,202.14,1707.94,"2022,05,31,11:10:45"
,202.4,1708.97,"2022,05,31,11:10:46"
,202.4,1709.98,"2022,05,31,11:10:47"
,201.89,1710.98,"2022,05,31,11:10:48"
,202.65,1711.98,"2022,05,31,11:10:49"
,202.65,1712.98,"2022,05,31,11:10:50"
,202.14,1714.01,"2022,05,31,11:10:51"
,202.91,1715.02,"2022,05,31,11:10:52"
,202.91,1716.02,"2022,05,31,11:10:53"
,202.65,1717.02,"2022,05,31,11:10:54"
,203.16,1718.02,"2022,05,31,11:10:55"
,203.67,1719.06,"2022,05,31,11:10:56"
,202.91,1720.06,"2022,05,31,11:10:57"
,203.67,1721.06,"2022,05,31,11:10:58"
,203.16,1722.06,"2022,05,31,11:10:59"
,203.16,1723.06,"2022,05,31,11:11:00"
,203.42,1724.09,"2022,05,31,11:11:01"
,204.18,1725.09,"2022,05,31,11:11:02"
,203.42,1726.1,"2022,05,31,11:11:03"
,203.42,1727.1,"2022,05,31,11:11:04"
,204.44,1728.1,"2022,05,31,11:11:05"
,203.67,1729.13,"2022,05,31,11:11:06"
,204.44,1730.14,"2022,05,31,11:11:07"
,204.44,1731.14,"2022,05,31,11:11:08"
,203.67,1732.14,"2022,05,31,11:11:09"
,204.44,1733.14,"2022,05,31,11:11:10"
,204.44,1734.17,"2022,05,31,11:11:11"
,203.93,1735.18,"2022,05,31,11:11:12"
,203.93,1736.18,"2022,05,31,11:11:13"
,204.69,1737.18,"2022,05,31,11:11:14"
,204.69,1738.18,"2022,05,31,11:11:15"
,204.44,1739.21,"2022,05,31,11:11:16"
,205.2,1740.21,"2022,05,31,11:11:17"
,205.2,1741.22,"2022,05,31,11:11:18"
,205.2,1742.22,"2022,05,31,11:11:19"
,204.44,1743.22,"2022,05,31,11:11:20"
,205.46,1744.25,"2022,05,31,11:11:21"
,205.46,1745.26,"2022,05,31,11:11:22"
,205.2,1746.26,"2022,05,31,11:11:23"
,205.97,1747.26,"2022,05,31,11:11:24"
,205.97,1748.26,"2022,05,31,11:11:25"
,206.22,1749.29,"2022,05,31,11:11:26"
,205.97,1750.3,"2022,05,31,11:11:27"
,205.46,1751.3,"2022,05,31,11:11:28"
,205.97,1752.3,"2022,05,31,11:11:29"
,206.22,1753.3,"2022,05,31,11:11:30"
,205.46,1754.33,"2022,05,31,11:11:31"
,206.22,1755.33,"2022,05,31,11:11:32"
,206.48,1756.34,"2022,05,31,11:11:33"
,205.97,1757.34,"2022,05,31,11:11:34"
,206.73,1758.34,"2022,05,31,11:11:35"
,206.22,1759.37,"2022,05,31,11:11:36"
,206.22,1760.37,"2022,05,31,11:11:37"
,206.99,1761.38,"2022,05,31,11:11:38"
,206.99,1762.38,"2022,05,31,11:11:39"
,207.24,1763.38,"2022,05,31,11:11:40"
,206.48,1764.41,"2022,05,31,11:11:41"
,207.24,1765.41,"2022,05,31,11:11:42"
,206.48,1766.42,"2022,05,31,11:11:43"
,207.24,1767.42,"2022,05,31,11:11:44"
,207.5,1768.42,"2022,05,31,11:11:45"
,206.99,1769.45,"2022,05,31,11:11:46"
,207.5,1770.45,"2022,05,31,11:11:47"
,207.76,1771.46,"2022,05,31,11:11:48"
,207.76,1772.46,"2022,05,31,11:11:49"
,207.5,1773.46,"2022,05,31,11:11:50"
,208.01,1774.49,"2022,05,31,11:11:52"
,207.5,1775.49,"2022,05,31,11:11:52"
,207.24,1776.5,"2022,05,31,11:11:53"
,207.24,1777.5,"2022,05,31,11:11:54"
,208.01,1778.5,"2022,05,31,11:11:55"
,208.27,1779.53,"2022,05,31,11:11:57"
,208.01,1780.53,"2022,05,31,11:11:58"
,208.01,1781.54,"2022,05,31,11:11:59"
,207.5,1782.54,"2022,05,31,11:12:00"
,208.27,1783.54,"2022,05,31,11:12:01"
,208.27,1784.57,"2022,05,31,11:12:02"
,208.78,1785.57,"2022,05,31,11:12:03"
,208.01,1786.57,"2022,05,31,11:12:04"
,208.52,1787.58,"2022,05,31,11:12:05"
,208.01,1788.58,"2022,05,31,11:12:06"
,208.78,1789.61,"2022,05,31,11:12:07"
,208.52,1790.61,"2022,05,31,11:12:08"
,209.29,1791.61,"2022,05,31,11:12:09"
,208.78,1792.62,"2022,05,31,11:12:10"
,209.29,1793.62,"2022,05,31,11:12:11"
,209.03,1794.65,"2022,05,31,11:12:12"
,209.29,1795.65,"2022,05,31,11:12:13"
,209.03,1796.65,"2022,05,31,11:12:14"
,209.54,1797.66,"2022,05,31,11:12:15"
,209.29,1798.66,"2022,05,31,11:12:16"
,209.54,1799.69,"2022,05,31,11:12:17"
,209.29,1800.69,"2022,05,31,11:12:18"
,209.54,1801.69,"2022,05,31,11:12:19"
,209.54,1802.7,"2022,05,31,11:12:20"
,210.31,1803.7,"2022,05,31,11:12:21"
,210.05,1804.73,"2022,05,31,11:12:22"
,210.56,1805.73,"2022,05,31,11:12:23"
,210.05,1806.73,"2022,05,31,11:12:24"
,210.31,1807.73,"2022,05,31,11:12:25"
,210.05,1808.74,"2022,05,31,11:12:26"
,211.07,1809.77,"2022,05,31,11:12:27"
,210.82,1810.77,"2022,05,31,11:12:28"
,210.82,1811.77,"2022,05,31,11:12:29"
,210.05,1812.78,"2022,05,31,11:12:30"
,211.07,1813.78,"2022,05,31,11:12:31"
,210.56,1814.81,"2022,05,31,11:12:32"
,211.58,1815.81,"2022,05,31,11:12:33"
,210.56,1816.81,"2022,05,31,11:12:34"
,211.33,1817.81,"2022,05,31,11:12:35"
,210.56,1818.82,"2022,05,31,11:12:36"
,211.33,1819.85,"2022,05,31,11:12:37"
,211.58,1820.85,"2022,05,31,11:12:38"
,211.33,1821.85,"2022,05,31,11:12:39"
,211.84,1822.85,"2022,05,31,11:12:40"
,211.07,1823.86,"2022,05,31,11:12:41"
,211.33,1824.89,"2022,05,31,11:12:42"
,211.58,1825.89,"2022,05,31,11:12:43"
,211.84,1826.89,"2022,05,31,11:12:44"
,211.84,1827.89,"2022,05,31,11:12:45"
,211.58,1828.9,"2022,05,31,11:12:46"
,211.33,1829.93,"2022,05,31,11:12:47"
,211.58,1830.93,"2022,05,31,11:12:48"
,211.84,1831.93,"2022,05,31,11:12:49"
,211.58,1832.94,"2022,05,31,11:12:50"
,211.58,1833.94,"2022,05,31,11:12:51"
,211.84,1834.97,"2022,05,31,11:12:52"
,210.82,1835.97,"2022,05,31,11:12:53"
,211.58,1836.97,"2022,05,31,11:12:54"
,211.58,1837.97,"2022,05,31,11:12:55"
,211.58,1838.98,"2022,05,31,11:12:56"
,211.33,1840.01,"2022,05,31,11:12:57"
,210.56,1841.01,"2022,05,31,11:12:58"
,210.56,1842.01,"2022,05,31,11:12:59"
,210.56,1843.01,"2022,05,31,11:13:00"
,210.31,1844.02,"2022,05,31,11:13:01"
,210.31,1845.05,"2022,05,31,11:13:02"
,211.07,1846.05,"2022,05,31,11:13:03"
,210.56,1847.05,"2022,05,31,11:13:04"
,210.56,1848.05,"2022,05,31,11:13:05"
,209.8,1849.06,"2022,05,31,11:13:06"
,210.31,1850.09,"2022,05,31,11:13:07"
,210.31,1851.09,"2022,05,31,11:13:08"
,210.31,1852.09,"2022,05,31,11:13:09"
,209.54,1853.09,"2022,05,31,11:13:10"
,209.29,1854.1,"2022,05,31,11:13:11"
,209.29,1855.13,"2022,05,31,11:13:12"
,209.8,1856.13,"2022,05,31,11:13:13"
,209.29,1857.13,"2022,05,31,11:13:14"
,209.8,1858.13,"2022,05,31,11:13:15"
,209.54,1859.14,"2022,05,31,11:13:16"
,209.54,1860.17,"2022,05,31,11:13:17"
,208.78,1861.17,"2022,05,31,11:13:18"
,208.78,1862.17,"2022,05,31,11:13:19"
,208.78,1863.17,"2022,05,31,11:13:20"
,208.27,1864.18,"2022,05,31,11:13:21"
,208.01,1865.21,"2022,05,31,11:13:22"
,208.52,1866.23,"2022,05,31,11:13:23"
,208.52,1867.23,"2022,05,31,11:13:24"
,208.01,1868.23,"2022,05,31,11:13:25"
,208.27,1869.23,"2022,05,31,11:13:26"
,207.5,1870.27,"2022,05,31,11:13:27"
,207.5,1871.27,"2022,05,31,11:13:28"
,207.24,1872.27,"2022,05,31,11:13:29"
,207.24,1873.27,"2022,05,31,11:13:30"
,207.24,1874.28,"2022,05,31,11:13:31"
,207.5,1875.31,"2022,05,31,11:13:32"
,207.5,1876.31,"2022,05,31,11:13:33"
,206.73,1877.31,"2022,05,31,11:13:34"
,207.24,1878.31,"2022,05,31,11:13:35"
,206.73,1879.31,"2022,05,31,11:13:36"
,207.24,1880.34,"2022,05,31,11:13:37"
,206.73,1881.35,"2022,05,31,11:13:38"
,206.99,1882.35,"2022,05,31,11:13:39"
,206.99,1883.35,"2022,05,31,11:13:40"
,206.99,1884.35,"2022,05,31,11:13:41"
,206.22,1885.38,"2022,05,31,11:13:42"
,205.97,1886.39,"2022,05,31,11:13:43"
,206.22,1887.39,"2022,05,31,11:13:44"
,206.73,1888.39,"2022,05,31,11:13:45"
,205.97,1889.39,"2022,05,31,11:13:46"
,206.48,1890.42,"2022,05,31,11:13:47"
,206.48,1891.42,"2022,05,31,11:13:48"
,205.46,1892.43,"2022,05,31,11:13:49"
,205.97,1893.43,"2022,05,31,11:13:50"
,205.2,1894.43,"2022,05,31,11:13:51"
,206.22,1895.46,"2022,05,31,11:13:52"
,205.97,1896.46,"2022,05,31,11:13:53"
,205.46,1897.46,"2022,05,31,11:13:54"
,204.95,1898.47,"2022,05,31,11:13:55"
,205.71,1899.47,"2022,05,31,11:13:56"
,205.2,1900.5,"2022,05,31,11:13:57"
,204.95,1901.5,"2022,05,31,11:13:58"
,205.2,1902.5,"2022,05,31,11:13:59"
,204.44,1903.51,"2022,05,31,11:14:00"
,204.18,1904.51,"2022,05,31,11:14:01"
,204.95,1905.54,"2022,05,31,11:14:02"
,203.93,1906.54,"2022,05,31,11:14:03"
,203.67,1907.54,"2022,05,31,11:14:04"
,204.44,1908.54,"2022,05,31,11:14:05"
,203.93,1909.55,"2022,05,31,11:14:06"
,203.67,1910.58,"2022,05,31,11:14:07"
,204.18,1911.58,"2022,05,31,11:14:08"
,203.93,1912.58,"2022,05,31,11:14:10"
,203.93,1913.58,"2022,05,31,11:14:10"
,203.93,1914.58,"2022,05,31,11:14:12"
,203.42,1915.62,"2022,05,31,11:14:13"
,203.93,1916.62,"2022,05,31,11:14:14"
,202.91,1917.62,"2022,05,31,11:14:15"
,203.67,1918.62,"2022,05,31,11:14:16"
,203.42,1919.62,"2022,05,31,11:14:17"
,203.67,1920.66,"2022,05,31,11:14:18"
,203.16,1921.66,"2022,05,31,11:14:19"
,203.16,1922.66,"2022,05,31,11:14:20"
,202.91,1923.66,"2022,05,31,11:14:21"
,203.16,1924.66,"2022,05,31,11:14:22"
,203.16,1925.69,"2022,05,31,11:14:23"
,202.4,1926.69,"2022,05,31,11:14:24"
,202.14,1927.7,"2022,05,31,11:14:25"
,202.65,1928.7,"2022,05,31,11:14:26"
,201.89,1929.7,"2022,05,31,11:14:27"
,201.89,1930.73,"2022,05,31,11:14:28"
,202.4,1931.73,"2022,05,31,11:14:29"
,202.4,1932.74,"2022,05,31,11:14:30"
,201.63,1933.74,"2022,05,31,11:14:31"
,202.14,1934.74,"2022,05,31,11:14:32"
,201.38,1935.77,"2022,05,31,11:14:33"
,201.38,1936.77,"2022,05,31,11:14:34"
,201.63,1937.78,"2022,05,31,11:14:35"
,200.87,1938.78,"2022,05,31,11:14:36"
,201.38,1939.78,"2022,05,31,11:14:37"
,201.63,1940.81,"2022,05,31,11:14:38"
,201.38,1941.81,"2022,05,31,11:14:39"
,200.87,1942.81,"2022,05,31,11:14:40"
