"t","relay","T"
0,1,28.3952763694025
1,1,28.6501404636254
2,1,29.6695968405168
3,1,29.414732746294
4,1,29.9244609347397
5,1,30.6890532174082
6,1,30.9439173116311
7,1,31.4536455000768
8,1,30.9439173116311
9,1,31.7085095942997
10,1,32.4731018769682
11,1,31.9633736885225
12,1,32.7279659711911
13,1,32.9828300654139
14,1,32.4731018769682
15,1,33.2376941596368
16,1,33.7474223480825
17,1,33.4925582538597
18,1,33.4925582538597
19,1,34.5120146307511
20,1,34.2571505365282
21,1,34.5120146307511
22,1,35.0217428191968
23,1,34.5120146307511
24,0,34.5120146307511
25,1,35.5314710076425
26,1,34.7668787249739
27,0,35.2766069134196
28,0,35.7863351018654
29,0,36.0411991960882
30,0,35.5314710076425
31,0,35.7863351018654
32,0,35.7863351018654
33,0,36.0411991960882
34,0,36.2960632903111
35,0,37.0606555729796
36,0,36.8057914787568
37,0,36.5509273845339
38,0,37.3155196672025
39,0,37.0606555729796
40,0,36.8057914787568
41,0,37.3155196672025
42,0,37.3155196672025
43,0,37.5703837614253
44,0,37.5703837614253
45,0,37.5703837614253
46,0,36.8057914787568
47,0,36.8057914787568
48,0,37.0606555729796
49,0,36.8057914787568
50,0,37.5703837614253
51,0,36.8057914787568
52,0,37.3155196672025
53,0,37.3155196672025
54,0,36.5509273845339
55,0,36.8057914787568
56,0,37.0606555729796
57,0,37.3155196672025
58,0,37.3155196672025
59,0,37.5703837614253
60,0,37.3155196672025
61,0,36.8057914787568
62,0,36.8057914787568
63,0,36.5509273845339
64,0,37.0606555729796
65,0,37.3155196672025
66,0,36.5509273845339
67,0,36.2960632903111
68,0,36.2960632903111
69,0,36.5509273845339
70,0,37.3155196672025
71,0,36.5509273845339
72,0,36.8057914787568
73,0,37.0606555729796
74,0,36.5509273845339
75,0,36.0411991960882
76,0,36.5509273845339
77,0,36.8057914787568
78,0,36.5509273845339
79,0,36.8057914787568
80,0,36.8057914787568
81,0,36.8057914787568
82,0,36.2960632903111
83,0,36.8057914787568
84,0,36.2960632903111
85,0,36.2960632903111
86,0,35.7863351018654
87,0,36.2960632903111
88,0,35.7863351018654
89,0,36.0411991960882
90,0,36.5509273845339
91,0,36.2960632903111
92,0,36.2960632903111
93,0,35.5314710076425
94,0,36.0411991960882
95,0,35.7863351018654
96,0,36.2960632903111
97,0,35.2766069134196
98,0,35.5314710076425
99,0,35.2766069134196
100,0,36.0411991960882
101,0,36.0411991960882
102,0,36.0411991960882
103,0,36.0411991960882
104,0,35.5314710076425
105,0,35.2766069134196
106,0,36.0411991960882
107,0,36.0411991960882
108,0,35.7863351018654
109,0,36.0411991960882
110,0,35.7863351018654
111,0,35.5314710076425
112,0,35.5314710076425
113,0,35.0217428191968
114,0,35.5314710076425
115,0,35.0217428191968
116,0,35.0217428191968
117,0,35.5314710076425
118,0,35.7863351018654
119,0,35.0217428191968
120,0,35.0217428191968
121,0,35.7863351018654
122,0,35.2766069134196
123,0,35.5314710076425
124,0,35.0217428191968
125,0,35.2766069134196
126,0,34.7668787249739
127,0,35.2766069134196
128,0,35.5314710076425
129,0,35.5314710076425
130,0,35.2766069134196
131,0,35.5314710076425
132,0,35.2766069134196
133,0,35.2766069134196
134,0,34.7668787249739
135,0,34.5120146307511
136,0,35.5314710076425
137,1,35.2766069134196
138,0,35.0217428191968
139,0,35.0217428191968
140,0,35.0217428191968
141,0,34.5120146307511
142,0,35.5314710076425
143,1,35.2766069134196
144,0,34.5120146307511
145,0,35.5314710076425
146,1,35.2766069134196
147,0,35.2766069134196
148,0,35.2766069134196
149,0,34.7668787249739
150,0,34.7668787249739
151,0,34.5120146307511
152,0,35.0217428191968
153,1,35.2766069134196
154,0,35.0217428191968
155,0,35.2766069134196
156,0,35.2766069134196
157,0,35.5314710076425
158,0,35.2766069134196
159,0,35.0217428191968
160,0,35.0217428191968
161,0,35.2766069134196
162,0,35.2766069134196
163,0,35.5314710076425
164,0,35.2766069134196
165,0,35.0217428191968
166,0,35.7863351018654
167,0,35.5314710076425
168,0,35.5314710076425
169,0,34.7668787249739
170,0,35.0217428191968
171,0,35.0217428191968
172,0,35.0217428191968
173,0,35.5314710076425
174,0,35.0217428191968
175,0,35.0217428191968
176,0,35.2766069134196
177,0,35.0217428191968
178,0,35.0217428191968
179,0,35.0217428191968
180,0,35.5314710076425
181,0,35.0217428191968
182,0,35.5314710076425
183,0,35.7863351018654
184,0,35.2766069134196
185,0,35.5314710076425
186,0,35.0217428191968
187,0,34.7668787249739
188,0,35.0217428191968
189,0,35.5314710076425
190,0,35.0217428191968
191,0,35.0217428191968
192,0,34.7668787249739
193,0,35.5314710076425
194,0,34.7668787249739
195,0,35.0217428191968
196,0,34.7668787249739
197,0,34.7668787249739
198,0,35.5314710076425
199,0,34.7668787249739
200,0,35.5314710076425
201,0,35.5314710076425
202,0,34.7668787249739
203,0,34.7668787249739
204,0,35.5314710076425
205,1,35.0217428191968
206,1,35.2766069134196
207,1,35.5314710076425
208,1,35.5314710076425
209,1,34.7668787249739
210,1,35.0217428191968
211,1,35.2766069134196
212,1,35.5314710076425
213,1,35.7863351018654
214,1,35.7863351018654
215,1,36.2960632903111
216,1,35.5314710076425
217,1,36.0411991960882
218,1,36.5509273845339
219,1,36.5509273845339
220,1,36.5509273845339
221,1,36.2960632903111
222,1,36.5509273845339
223,1,37.0606555729796
224,1,36.5509273845339
225,1,37.5703837614253
226,1,38.080111949871
227,1,37.3155196672025
228,1,38.3349760440939
229,1,38.3349760440939
230,1,37.8252478556482
231,1,38.5898401383168
232,1,38.5898401383168
233,1,39.0995683267625
234,1,39.3544324209853
235,1,39.0995683267625
236,1,39.3544324209853
237,1,40.3738887978768
238,1,40.1190247036539
239,1,40.3738887978768
240,1,40.1190247036539
241,1,41.1384810805453
242,1,41.3933451747682
243,1,40.6287528920996
244,1,41.1384810805453
245,1,42.1579374574367
246,1,41.648209268991
247,1,41.648209268991
248,1,41.9030733632139
249,1,42.9225297401053
250,1,42.9225297401053
251,1,43.432257928551
252,1,43.432257928551
253,1,43.9419861169967
254,1,43.6871220227739
255,1,43.9419861169967
256,1,44.4517143054424
257,1,43.9419861169967
258,1,44.4517143054424
259,1,44.4517143054424
260,1,44.9614424938881
261,1,44.9614424938881
262,1,45.7260347765567
263,1,45.9808988707796
264,1,45.9808988707796
265,1,46.4906270592253
266,1,45.9808988707796
267,1,46.7454911534481
268,1,47.2552193418938
269,1,47.000355247671
270,1,47.5100834361167
271,1,47.000355247671
272,1,47.2552193418938
273,1,47.2552193418938
274,1,48.2746757187853
275,1,48.0198116245624
276,1,48.2746757187853
277,1,48.5295398130081
278,1,49.5489961898995
279,1,49.0392680014538
280,1,49.5489961898995
281,1,49.5489961898995
282,1,50.0587243783452
283,1,50.568452566791
284,1,50.0587243783452
285,1,50.3135884725681
286,1,51.0781807552367
287,1,51.3330448494595
288,1,51.3330448494595
289,1,51.8427730379052
290,1,51.5879089436824
291,1,51.3330448494595
292,1,51.8427730379052
293,1,52.352501226351
294,1,52.8622294147967
295,1,52.352501226351
296,1,52.352501226351
297,1,53.1170935090195
298,1,52.6073653205738
299,1,53.6268216974652
300,1,53.1170935090195
301,1,54.1365498859109
302,1,54.1365498859109
303,1,54.3914139801338
304,1,54.3914139801338
305,1,54.1365498859109
306,1,54.9011421685795
307,1,54.3914139801338
308,1,55.1560062628024
309,1,55.6657344512481
310,1,54.9011421685795
311,1,55.4108703570252
312,1,55.6657344512481
313,1,56.1754626396938
314,1,56.4303267339166
315,1,56.6851908281395
316,1,56.9400549223623
317,1,56.9400549223623
318,1,56.6851908281395
319,1,57.4497831108081
320,1,57.4497831108081
321,1,57.7046472050309
322,1,57.9595112992538
323,1,58.2143753934766
324,1,57.9595112992538
325,1,58.4692394876995
326,1,58.4692394876995
327,1,58.7241035819223
328,1,58.2143753934766
329,1,58.9789676761452
330,1,58.7241035819223
331,1,58.9789676761452
332,1,59.7435599588138
333,1,59.7435599588138
334,1,59.7435599588138
335,1,60.2532881472595
336,1,59.7435599588138
337,1,59.9984240530366
338,1,61.017880429928
339,1,61.017880429928
340,1,60.7630163357052
341,1,61.5276086183737
342,1,60.7630163357052
343,1,61.5276086183737
344,1,61.7824727125966
345,1,61.5276086183737
346,1,62.2922009010423
347,1,62.2922009010423
348,1,61.7824727125966
349,1,62.2922009010423
350,1,62.801929089488
351,1,63.0567931837109
352,1,62.801929089488
353,1,63.0567931837109
354,1,63.0567931837109
355,1,64.0762495606023
356,1,64.0762495606023
357,1,64.585977749048
358,1,64.0762495606023
359,1,64.0762495606023
360,1,64.0762495606023
361,1,64.3311136548252
362,1,65.3505700317166
363,1,65.3505700317166
364,1,65.6054341259394
365,1,65.3505700317166
366,1,65.6054341259394
367,1,65.3505700317166
368,1,65.3505700317166
369,1,66.370026408608
370,1,65.8602982201623
371,1,66.6248905028309
372,1,66.6248905028309
373,1,66.8797545970537
374,1,66.1151623143851
375,1,66.8797545970537
376,1,67.1346186912766
377,1,66.8797545970537
378,1,66.8797545970537
379,1,67.3894827854994
380,1,67.1346186912766
381,1,68.154075068168
382,1,67.8992109739451
383,1,67.8992109739451
384,1,68.9186673508365
385,1,68.6638032566137
386,1,68.4089391623908
387,1,68.9186673508365
388,1,68.9186673508365
389,1,69.1735314450594
390,1,69.1735314450594
391,1,69.4283955392823
392,1,69.6832596335051
393,1,69.6832596335051
394,1,70.4478519161737
395,1,70.4478519161737
396,1,70.1929878219508
397,1,70.7027160103965
398,1,70.9575801046194
399,1,71.2124441988422
400,1,70.7027160103965
401,1,71.722172387288
402,1,71.722172387288
403,1,72.2319005757337
404,1,71.9770364815108
405,1,72.4867646699565
406,1,71.9770364815108
407,1,72.7416287641794
408,1,72.2319005757337
409,1,72.7416287641794
410,1,73.2513569526251
411,1,73.2513569526251
412,1,73.2513569526251
413,1,73.7610851410708
414,1,73.5062210468479
415,1,73.2513569526251
416,1,73.5062210468479
417,1,73.5062210468479
418,1,73.7610851410708
419,1,74.5256774237394
420,1,74.2708133295165
421,1,74.0159492352936
422,1,74.5256774237394
423,1,74.5256774237394
424,1,74.5256774237394
425,1,75.0354056121851
426,1,75.0354056121851
427,1,75.2902697064079
428,1,75.7999978948536
429,1,75.2902697064079
430,0,75.5451338006308
431,1,76.0548619890765
432,0,75.7999978948536
433,0,75.7999978948536
434,0,76.3097260832994
435,0,75.7999978948536
436,0,76.0548619890765
437,0,76.3097260832994
438,0,76.8194542717451
439,0,76.8194542717451
440,0,76.0548619890765
441,0,76.0548619890765
442,0,77.0743183659679
443,0,76.8194542717451
444,0,76.3097260832994
445,0,76.8194542717451
446,0,76.3097260832994
447,0,76.0548619890765
448,0,77.0743183659679
449,0,77.0743183659679
450,0,76.5645901775222
451,0,76.5645901775222
452,0,76.8194542717451
453,0,76.0548619890765
454,0,76.3097260832994
455,0,76.3097260832994
456,0,75.5451338006308
457,0,76.3097260832994
458,0,75.5451338006308
459,0,76.3097260832994
460,0,76.0548619890765
461,0,75.2902697064079
462,0,76.0548619890765
463,1,75.2902697064079
464,0,75.5451338006308
465,1,75.5451338006308
466,0,75.2902697064079
467,0,75.5451338006308
468,1,74.7805415179622
469,0,75.2902697064079
470,1,74.7805415179622
471,1,75.5451338006308
472,1,75.0354056121851
473,0,75.7999978948536
474,1,75.5451338006308
475,0,75.2902697064079
476,0,75.0354056121851
477,1,74.7805415179622
478,1,75.5451338006308
479,1,74.7805415179622
480,0,74.7805415179622
481,1,75.2902697064079
482,1,75.2902697064079
483,1,74.7805415179622
484,1,75.0354056121851
485,1,75.0354056121851
486,1,75.5451338006308
487,1,74.7805415179622
488,0,75.2902697064079
489,1,75.5451338006308
490,1,74.7805415179622
491,0,75.5451338006308
492,1,75.5451338006308
493,0,75.7999978948536
494,0,75.7999978948536
495,0,75.7999978948536
496,0,75.0354056121851
497,0,75.7999978948536
498,1,75.7999978948536
499,0,75.2902697064079
500,0,76.0548619890765
501,1,76.0548619890765
502,0,76.0548619890765
503,0,75.2902697064079
504,0,76.0548619890765
505,1,75.7999978948536
506,0,75.2902697064079
507,0,75.5451338006308
508,1,76.0548619890765
509,0,75.2902697064079
510,0,76.0548619890765
511,1,76.0548619890765
512,0,75.7999978948536
513,0,76.3097260832994
514,0,76.0548619890765
515,0,75.2902697064079
516,0,76.0548619890765
517,1,75.2902697064079
518,0,75.5451338006308
519,1,75.7999978948536
520,0,76.0548619890765
521,0,75.7999978948536
522,0,76.3097260832994
523,0,76.0548619890765
524,0,75.7999978948536
525,0,75.7999978948536
526,0,76.0548619890765
527,0,75.0354056121851
528,0,75.2902697064079
529,1,75.5451338006308
530,1,75.2902697064079
531,0,75.2902697064079
532,1,75.7999978948536
533,1,75.5451338006308
534,0,75.5451338006308
535,0,75.7999978948536
536,0,75.0354056121851
537,0,75.2902697064079
538,1,75.5451338006308
539,1,75.2902697064079
540,0,75.2902697064079
541,1,74.7805415179622
542,1,75.0354056121851
543,1,74.7805415179622
544,1,75.5451338006308
545,1,75.2902697064079
546,0,74.7805415179622
547,1,75.7999978948536
548,1,75.5451338006308
549,0,75.5451338006308
550,0,75.5451338006308
551,0,75.5451338006308
552,0,75.2902697064079
553,0,76.0548619890765
554,1,75.0354056121851
555,0,75.2902697064079
556,1,75.7999978948536
557,1,75.2902697064079
558,0,75.2902697064079
559,1,75.2902697064079
560,1,76.0548619890765
561,1,75.7999978948536
562,0,75.0354056121851
563,0,75.7999978948536
564,1,75.7999978948536
565,0,75.7999978948536
566,0,76.0548619890765
567,0,75.2902697064079
568,0,76.0548619890765
569,1,75.5451338006308
570,0,76.0548619890765
571,0,75.7999978948536
572,0,76.0548619890765
573,0,75.7999978948536
574,0,75.5451338006308
575,0,76.0548619890765
576,0,76.3097260832994
577,0,75.5451338006308
578,0,75.5451338006308
579,0,75.2902697064079
580,0,75.7999978948536
581,1,75.2902697064079
582,0,75.5451338006308
583,1,75.2902697064079
584,0,76.0548619890765
585,1,75.0354056121851
586,0,76.0548619890765
587,1,75.2902697064079
588,0,75.5451338006308
589,1,76.0548619890765
590,0,76.3097260832994
591,0,75.5451338006308
592,0,76.0548619890765
593,0,76.0548619890765
594,0,75.5451338006308
595,0,76.0548619890765
596,0,76.0548619890765
597,0,75.5451338006308
598,0,75.2902697064079
599,0,75.5451338006308
600,1,75.2902697064079
601,0,76.0548619890765
602,1,75.7999978948536
603,0,75.5451338006308
604,0,75.7999978948536
605,0,75.2902697064079
606,0,75.2902697064079
607,1,75.7999978948536
608,1,75.5451338006308
609,0,76.0548619890765
610,0,76.0548619890765
611,1,75.2902697064079
612,1,76.0548619890765
613,1,75.5451338006308
614,1,75.2902697064079
615,1,75.2902697064079
616,1,76.3097260832994
617,1,75.5451338006308
618,1,75.7999978948536
619,1,75.7999978948536
620,1,76.5645901775222
621,1,76.0548619890765
622,1,76.3097260832994
623,1,76.8194542717451
624,1,76.3097260832994
625,1,76.5645901775222
626,1,76.8194542717451
627,1,77.3291824601908
628,1,76.8194542717451
629,1,76.8194542717451
630,1,76.8194542717451
631,1,77.8389106486365
632,1,78.0937747428593
633,1,77.3291824601908
634,1,78.3486388370822
635,1,77.5840465544136
636,1,78.603502931305
637,1,78.603502931305
638,1,78.3486388370822
639,1,79.1132311197508
640,1,78.603502931305
641,1,78.603502931305
642,1,79.3680952139736
643,1,79.6229593081965
644,1,79.6229593081965
645,1,79.1132311197508
646,1,79.3680952139736
647,1,80.1326874966422
648,1,79.8778234024193
649,1,80.8972797793107
650,1,80.6424156850879
651,1,80.387551590865
652,1,81.4070079677565
653,1,80.6424156850879
654,1,80.8972797793107
655,1,81.6618720619793
656,1,82.171600250425
657,1,82.171600250425
658,1,81.6618720619793
659,1,81.6618720619793
660,1,82.4264643446479
661,1,82.6813284388707
662,1,82.171600250425
663,1,83.1910566273164
664,1,83.1910566273164
665,1,83.4459207215393
666,1,83.4459207215393
667,1,83.7007848157622
668,1,83.1910566273164
669,1,84.2105130042079
670,1,83.7007848157622
671,1,84.2105130042079
672,1,84.4653770984307
673,1,84.9751052868764
674,1,85.2299693810993
675,1,84.9751052868764
676,1,85.739697569545
677,1,85.2299693810993
678,1,85.2299693810993
679,1,85.9945616637678
680,1,86.5042898522136
681,1,85.9945616637678
682,1,86.5042898522136
683,1,86.7591539464364
684,1,86.2494257579907
685,1,86.7591539464364
686,1,87.0140180406593
687,1,87.0140180406593
688,1,87.523746229105
689,1,87.7786103233278
690,1,87.7786103233278
691,1,87.523746229105
692,1,87.523746229105
693,1,87.523746229105
694,1,88.5432026059964
695,1,88.7980667002192
696,1,88.2883385117735
697,1,89.0529307944421
698,1,88.5432026059964
699,1,88.7980667002192
700,1,89.0529307944421
701,1,89.8175230771107
702,1,89.8175230771107
703,1,89.307794888665
704,1,89.8175230771107
705,1,89.8175230771107
706,1,89.8175230771107
707,1,90.0723871713335
708,1,90.5821153597792
709,1,90.5821153597792
710,1,91.091843548225
711,1,90.8369794540021
712,1,90.8369794540021
713,1,90.8369794540021
714,1,91.6015717366707
715,1,92.1112999251164
716,1,91.6015717366707
717,1,92.1112999251164
718,1,91.6015717366707
719,1,92.1112999251164
720,1,92.6210281135621
721,1,92.875892207785
722,1,92.3661640193392
723,1,92.6210281135621
724,1,93.3856203962307
725,1,92.6210281135621
726,1,93.1307563020078
727,1,93.6404844904535
728,1,93.8953485846764
729,1,94.1502126788992
730,1,94.4050767731221
731,1,94.4050767731221
732,1,94.4050767731221
733,1,94.6599408673449
734,1,94.1502126788992
735,1,95.1696690557906
736,1,95.1696690557906
737,1,94.6599408673449
738,1,95.1696690557906
739,1,94.9148049615678
740,1,95.9342613384592
741,1,96.4439895269049
742,1,95.6793972442364
743,1,95.6793972442364
744,1,95.9342613384592
745,1,96.6988536211278
746,1,96.6988536211278
747,1,96.6988536211278
748,1,96.6988536211278
749,1,97.2085818095735
750,1,96.9537177153506
751,1,97.4634459037963
752,1,97.4634459037963
753,1,97.2085818095735
754,1,97.4634459037963
755,1,97.4634459037963
756,1,97.7183099980192
757,1,97.7183099980192
758,1,98.4829022806878
759,1,98.4829022806878
760,1,98.4829022806878
761,1,98.9926304691335
762,1,98.4829022806878
763,1,98.7377663749106
764,1,99.2474945633563
765,1,99.757222751802
766,1,99.2474945633563
767,1,100.012086846025
768,1,99.5023586575792
769,1,99.757222751802
770,1,99.757222751802
771,1,99.757222751802
772,1,100.521815034471
773,1,100.266950940248
774,1,100.266950940248
775,1,100.266950940248
776,1,100.649247081582
777,1,100.521815034471
778,1,100.649247081582
779,1,101.286407317139
780,1,101.413839364251
781,1,101.541271411362
782,1,101.541271411362
783,1,101.286407317139
784,1,101.541271411362
785,1,101.541271411362
786,1,101.541271411362
787,1,101.796135505585
788,1,102.560727788253
789,1,102.050999599808
790,1,102.050999599808
791,1,102.815591882476
792,1,103.070455976699
793,1,102.815591882476
794,1,102.815591882476
795,1,103.580184165145
796,1,103.325320070922
797,1,103.070455976699
798,1,103.325320070922
799,1,104.089912353591
800,1,103.580184165145
801,1,104.089912353591
802,1,104.599640542036
803,1,104.089912353591
804,1,104.089912353591
805,1,104.599640542036
806,1,104.344776447813
807,1,104.599640542036
808,1,104.854504636259
809,1,105.364232824705
810,1,105.109368730482
811,1,105.873961013151
812,1,105.873961013151
813,1,105.619096918928
814,1,105.873961013151
815,1,106.383689201596
816,1,106.383689201596
817,1,106.638553295819
818,1,106.128825107373
819,1,106.383689201596
820,1,106.893417390042
821,1,106.638553295819
822,1,106.893417390042
823,1,106.893417390042
824,1,107.148281484265
825,1,107.658009672711
826,1,107.148281484265
827,1,107.658009672711
828,1,107.912873766933
829,1,108.167737861156
830,1,107.912873766933
831,1,108.422601955379
832,1,108.167737861156
833,1,108.422601955379
834,1,108.422601955379
835,1,108.932330143825
836,1,108.677466049602
837,1,109.442058332271
838,1,108.677466049602
839,1,109.696922426493
840,1,109.696922426493
841,1,109.187194238048
842,1,109.951786520716
843,1,109.442058332271
844,1,110.461514709162
845,1,110.461514709162
846,1,109.696922426493
847,1,110.461514709162
848,1,110.461514709162
849,1,110.971242897608
850,1,110.206650614939
851,1,110.971242897608
852,1,110.716378803385
853,1,111.480971086053
854,1,111.226106991831
855,1,111.226106991831
856,1,111.735835180276
857,1,111.990699274499
858,1,111.480971086053
859,1,112.245563368722
860,1,111.735835180276
861,1,112.500427462945
862,1,111.990699274499
863,1,112.500427462945
864,1,112.245563368722
865,1,113.010155651391
866,1,113.010155651391
867,1,113.265019745613
868,1,113.010155651391
869,1,113.010155651391
870,1,113.519883839836
871,1,113.265019745613
872,1,113.265019745613
873,1,113.519883839836
874,1,114.029612028282
875,1,113.519883839836
876,1,113.519883839836
877,1,114.029612028282
878,1,114.539340216728
879,1,114.539340216728
880,1,114.029612028282
881,1,114.79420431095
882,1,114.284476122505
883,1,114.79420431095
884,1,114.79420431095
885,1,114.79420431095
886,1,115.558796593619
887,1,114.79420431095
888,1,115.813660687842
889,1,115.558796593619
890,1,115.303932499396
891,1,115.813660687842
892,1,115.558796593619
893,1,116.323388876288
894,0,115.813660687842
895,1,115.558796593619
896,1,115.813660687842
897,1,116.068524782065
898,1,115.813660687842
899,1,117.087981158956
900,0,116.833117064733
901,0,116.833117064733
902,0,117.087981158956
903,0,116.57825297051
904,0,116.833117064733
905,0,116.833117064733
906,0,117.597709347402
907,0,116.833117064733
908,0,117.087981158956
909,0,117.087981158956
910,0,117.597709347402
911,0,117.597709347402
912,0,117.087981158956
913,0,117.597709347402
914,0,117.087981158956
915,0,117.597709347402
916,0,116.833117064733
917,0,117.597709347402
918,0,117.597709347402
919,0,116.57825297051
920,0,117.087981158956
921,0,116.57825297051
922,0,116.323388876288
923,0,116.57825297051
924,0,116.068524782065
925,1,117.087981158956
926,0,116.57825297051
927,0,116.833117064733
928,0,116.068524782065
929,1,116.833117064733
930,0,116.323388876288
931,0,115.813660687842
932,1,116.57825297051
933,0,115.558796593619
934,1,115.558796593619
935,1,115.558796593619
936,1,115.303932499396
937,1,115.813660687842
938,1,116.068524782065
939,1,115.303932499396
940,1,115.303932499396
941,1,115.813660687842
942,1,115.813660687842
943,1,115.813660687842
944,1,115.303932499396
945,1,115.049068405173
946,1,115.813660687842
947,1,116.068524782065
948,1,115.558796593619
949,1,116.068524782065
950,1,115.303932499396
951,1,116.068524782065
952,1,115.303932499396
953,1,116.323388876288
954,0,115.813660687842
955,1,116.068524782065
956,1,115.303932499396
957,1,116.068524782065
958,1,116.323388876288
959,0,115.813660687842
960,1,115.813660687842
961,1,116.57825297051
962,0,116.068524782065
963,1,116.323388876288
964,0,115.558796593619
965,1,116.068524782065
966,1,116.323388876288
967,0,116.068524782065
968,1,115.813660687842
969,1,116.068524782065
970,1,116.323388876288
971,0,116.323388876288
972,0,116.323388876288
973,0,116.833117064733
974,0,116.068524782065
975,1,116.068524782065
976,1,116.068524782065
977,1,116.57825297051
978,0,115.813660687842
979,1,116.323388876288
980,0,116.833117064733
981,0,116.068524782065
982,1,116.833117064733
983,0,116.068524782065
984,1,116.068524782065
985,1,115.813660687842
986,1,116.57825297051
987,0,116.57825297051
988,0,115.813660687842
989,1,116.323388876288
990,0,116.323388876288
991,0,115.813660687842
992,1,116.068524782065
993,1,116.323388876288
994,0,116.833117064733
995,0,115.813660687842
996,1,116.068524782065
997,1,116.068524782065
998,1,116.833117064733
999,0,115.813660687842
1000,1,116.57825297051
1001,0,116.57825297051
1002,0,116.068524782065
1003,1,116.068524782065
1004,1,115.558796593619
1005,1,115.813660687842
1006,1,116.833117064733
1007,0,116.068524782065
1008,1,116.57825297051
1009,0,115.813660687842
1010,1,116.068524782065
1011,1,115.558796593619
1012,1,116.57825297051
1013,0,115.813660687842
1014,1,116.323388876288
1015,0,115.813660687842
1016,1,116.57825297051
1017,0,116.57825297051
1018,0,116.068524782065
1019,1,116.57825297051
1020,0,116.323388876288
1021,0,115.813660687842
1022,1,116.068524782065
1023,1,116.068524782065
1024,1,116.57825297051
1025,0,115.813660687842
1026,1,116.068524782065
1027,1,116.068524782065
1028,1,117.087981158956
1029,0,116.57825297051
1030,0,116.57825297051
1031,0,116.068524782065
1032,1,116.323388876288
1033,0,116.833117064733
1034,0,116.833117064733
1035,0,116.57825297051
1036,0,116.323388876288
1037,0,115.813660687842
1038,1,116.323388876288
1039,0,116.068524782065
1040,1,116.833117064733
1041,0,116.57825297051
1042,0,116.068524782065
1043,1,116.323388876288
1044,0,116.57825297051
1045,0,116.068524782065
1046,1,116.833117064733
1047,0,116.068524782065
1048,1,116.57825297051
1049,0,116.833117064733
1050,0,116.323388876288
1051,0,116.57825297051
1052,0,116.57825297051
1053,0,116.068524782065
1054,1,116.068524782065
1055,1,116.57825297051
1056,0,115.813660687842
1057,1,116.57825297051
1058,0,115.813660687842
1059,1,115.813660687842
1060,1,115.813660687842
1061,1,116.068524782065
1062,1,116.323388876288
1063,0,115.558796593619
1064,1,116.323388876288
1065,0,116.323388876288
1066,0,116.068524782065
1067,1,116.57825297051
1068,0,116.323388876288
1069,0,115.813660687842
1070,1,115.813660687842
1071,1,116.068524782065
1072,1,115.813660687842
1073,1,116.323388876288
1074,0,116.57825297051
1075,1,116.57825297051
1076,1,116.323388876288
1077,1,116.068524782065
1078,1,116.068524782065
1079,1,116.068524782065
1080,1,116.833117064733
1081,1,116.323388876288
1082,1,116.833117064733
1083,1,116.068524782065
1084,1,116.57825297051
1085,1,117.342845253179
1086,1,116.833117064733
1087,1,116.833117064733
1088,1,116.57825297051
1089,1,117.597709347402
1090,1,116.833117064733
1091,1,117.852573441625
1092,1,117.087981158956
1093,1,117.342845253179
1094,1,117.852573441625
1095,1,117.342845253179
1096,1,118.107437535848
1097,1,117.852573441625
1098,1,118.36230163007
1099,1,118.36230163007
1100,1,118.617165724293
1101,1,118.617165724293
1102,1,118.872029818516
1103,1,118.872029818516
1104,1,118.36230163007
1105,1,119.381758006962
1106,1,118.872029818516
1107,1,118.872029818516
1108,1,118.872029818516
1109,1,119.891486195408
1110,1,119.126893912739
1111,1,119.636622101185
1112,1,119.381758006962
1113,1,120.401214383853
1114,1,120.656078478076
1115,1,120.401214383853
1116,1,119.891486195408
1117,1,120.656078478076
1118,1,120.401214383853
1119,1,120.401214383853
1120,1,121.420670760745
1121,1,120.910942572299
1122,1,121.165806666522
1123,1,121.165806666522
1124,1,121.165806666522
1125,1,122.185263043413
1126,1,121.675534854968
1127,1,121.675534854968
1128,1,121.675534854968
1129,1,122.185263043413
1130,1,122.185263043413
1131,1,123.204719420305
1132,1,122.694991231859
1133,1,123.459583514528
1134,1,122.949855326082
1135,1,123.204719420305
1136,1,122.949855326082
1137,1,123.459583514528
1138,1,123.459583514528
1139,1,124.224175797196
1140,1,123.969311702973
1141,1,123.71444760875
1142,1,123.969311702973
1143,1,124.733903985642
1144,1,124.224175797196
1145,1,124.479039891419
1146,1,125.243632174088
1147,1,124.733903985642
1148,1,125.243632174088
1149,1,125.49849626831
1150,1,125.243632174088
1151,1,125.243632174088
1152,1,125.49849626831
1153,1,126.263088550979
1154,1,125.753360362533
1155,1,126.517952645202
1156,1,126.772816739425
1157,1,126.263088550979
1158,1,126.517952645202
1159,1,126.263088550979
1160,1,126.772816739425
1161,1,126.772816739425
1162,1,126.772816739425
1163,1,127.537409022093
1164,1,127.792273116316
1165,1,127.28254492787
1166,1,128.047137210539
1167,1,127.537409022093
1168,1,127.28254492787
1169,1,128.302001304762
1170,1,127.537409022093
1171,1,128.556865398985
1172,1,128.556865398985
1173,1,128.811729493208
1174,1,128.811729493208
1175,1,128.302001304762
1176,1,128.556865398985
1177,1,128.556865398985
1178,1,128.556865398985
1179,1,129.321457681653
1180,1,129.321457681653
1181,1,129.576321775876
1182,1,129.321457681653
1183,1,129.321457681653
1184,1,130.086049964322
1185,1,130.340914058545
1186,1,130.340914058545
1187,1,130.086049964322
1188,1,130.340914058545
1189,1,131.105506341213
1190,1,131.105506341213
1191,1,131.360370435436
1192,1,130.85064224699
1193,1,131.105506341213
1194,1,131.870098623882
1195,1,131.360370435436
1196,1,131.870098623882
1197,1,132.124962718105
1198,1,131.360370435436
1199,1,132.379826812327
1200,1,132.63469090655
1201,1,132.379826812327
1202,1,131.870098623882
1203,1,132.63469090655
1204,1,132.889555000773
1205,1,132.889555000773
1206,1,132.124962718105
1207,1,132.63469090655
1208,1,133.399283189219
1209,1,133.399283189219
1210,1,133.654147283442
1211,1,133.144419094996
1212,1,133.399283189219
1213,1,133.909011377665
1214,1,134.41873956611
1215,1,133.654147283442
1216,1,133.909011377665
1217,1,133.909011377665
1218,1,134.41873956611
1219,1,134.928467754556
1220,1,134.163875471887
1221,1,134.163875471887
1222,1,135.183331848779
1223,1,134.928467754556
1224,1,134.673603660333
1225,1,134.928467754556
1226,1,135.947924131447
1227,1,135.438195943002
1228,1,135.947924131447
1229,1,135.438195943002
1230,1,135.947924131447
1231,1,135.693060037225
1232,1,136.457652319893
1233,1,136.20278822567
1234,1,136.457652319893
1235,1,136.712516414116
1236,1,136.20278822567
1237,1,136.20278822567
1238,1,136.712516414116
1239,1,136.712516414116
1240,1,137.222244602562
1241,1,136.457652319893
1242,1,136.967380508339
1243,1,136.712516414116
1244,1,137.731972791007
1245,1,137.222244602562
1246,1,137.98683688523
1247,1,137.222244602562
1248,1,137.731972791007
1249,1,137.731972791007
1250,1,137.731972791007
1251,1,138.241700979453
1252,1,138.496565073676
1253,1,138.751429167899
1254,1,138.496565073676
1255,1,138.496565073676
1256,1,138.496565073676
1257,1,139.261157356345
1258,1,139.516021450567
1259,1,139.006293262122
1260,1,139.516021450567
1261,1,139.006293262122
1262,1,139.261157356345
1263,1,140.025749639013
1264,1,139.516021450567
1265,1,139.77088554479
1266,1,140.025749639013
1267,1,140.025749639013
1268,1,140.025749639013
1269,1,140.025749639013
1270,1,140.280613733236
1271,1,140.535477827459
1272,1,141.300070110127
1273,1,140.790341921682
1274,1,140.535477827459
1275,1,141.55493420435
1276,1,141.045206015905
1277,1,141.045206015905
1278,1,141.809798298573
1279,1,141.55493420435
1280,1,141.55493420435
1281,1,141.55493420435
1282,1,141.55493420435
1283,1,141.55493420435
1284,1,141.809798298573
1285,1,142.319526487019
1286,1,142.829254675465
1287,1,142.574390581242
1288,1,142.574390581242
1289,1,142.319526487019
1290,1,142.064662392796
1291,1,142.829254675465
1292,1,142.319526487019
1293,1,143.084118769687
1294,1,142.829254675465
1295,1,143.33898286391
1296,1,143.33898286391
1297,1,142.829254675465
1298,1,143.593846958133
1299,1,143.33898286391
1300,1,144.103575146579
1301,1,143.593846958133
1302,1,144.103575146579
1303,1,143.848711052356
1304,1,144.613303335025
1305,1,144.103575146579
1306,1,144.358439240802
1307,1,144.868167429247
1308,1,145.12303152347
1309,1,144.358439240802
1310,1,144.358439240802
1311,1,144.358439240802
1312,1,144.868167429247
1313,1,145.377895617693
1314,1,144.868167429247
1315,1,145.12303152347
1316,1,145.377895617693
1317,1,145.887623806139
1318,1,146.142487900362
1319,1,145.887623806139
1320,1,146.397351994585
1321,1,145.632759711916
1322,1,145.887623806139
1323,1,146.397351994585
1324,1,146.652216088807
1325,1,146.142487900362
1326,1,146.397351994585
1327,1,146.142487900362
1328,1,146.652216088807
1329,1,146.397351994585
1330,1,146.652216088807
1331,1,147.416808371476
1332,1,147.416808371476
1333,1,147.671672465699
1334,1,147.161944277253
1335,1,147.926536559922
1336,1,147.671672465699
1337,1,147.161944277253
1338,1,147.416808371476
1339,1,147.671672465699
1340,1,147.671672465699
1341,1,147.671672465699
1342,1,147.926536559922
1343,1,148.181400654145
1344,1,148.69112884259
1345,1,148.436264748367
1346,1,148.436264748367
1347,1,148.181400654145
1348,1,148.945992936813
1349,1,149.200857031036
1350,1,149.200857031036
1351,1,149.200857031036
1352,1,148.945992936813
1353,1,149.200857031036
1354,1,149.200857031036
1355,1,149.965449313705
1356,1,149.965449313705
1357,1,149.455721125259
1358,1,149.710585219482
1359,1,149.965449313705
1360,1,150.47517750215
1361,1,149.710585219482
1362,1,149.965449313705
1363,1,150.730041596373
1364,1,150.730041596373
1365,1,150.730041596373
1366,1,150.984905690596
1367,1,150.47517750215
1368,1,150.730041596373
1369,1,151.239769784819
1370,1,150.984905690596
1371,1,151.494633879042
1372,1,151.239769784819
1373,1,150.984905690596
1374,1,151.239769784819
1375,1,151.749497973264
1376,1,152.004362067487
1377,1,152.004362067487
1378,1,152.004362067487
1379,1,152.25922616171
1380,1,151.749497973264
1381,1,152.514090255933
1382,1,152.768954350156
1383,1,152.004362067487
1384,1,152.768954350156
1385,1,153.023818444379
1386,1,153.023818444379
1387,1,152.514090255933
1388,1,152.514090255933
1389,1,152.514090255933
1390,1,153.278682538602
1391,1,153.023818444379
1392,1,153.278682538602
1393,1,153.278682538602
1394,1,153.533546632824
1395,1,153.788410727047
1396,1,153.278682538602
1397,1,153.788410727047
1398,1,154.298138915493
1399,1,153.788410727047
1400,1,154.298138915493
1401,1,154.298138915493
1402,1,154.04327482127
1403,1,153.788410727047
1404,1,154.553003009716
1405,1,154.807867103939
1406,1,155.062731198162
1407,1,154.298138915493
1408,1,154.807867103939
1409,1,154.553003009716
1410,1,154.807867103939
1411,1,155.317595292384
1412,1,154.807867103939
1413,1,155.062731198162
1414,1,155.572459386607
1415,1,155.317595292384
1416,1,155.317595292384
1417,1,155.82732348083
1418,1,156.082187575053
1419,1,155.572459386607
1420,1,156.337051669276
1421,1,155.82732348083
1422,1,156.337051669276
1423,1,156.591915763499
1424,1,156.591915763499
1425,1,156.082187575053
1426,1,157.101643951944
1427,0,156.591915763499
1428,1,156.846779857722
1429,1,156.591915763499
1430,1,157.356508046167
1431,0,156.846779857722
1432,1,156.846779857722
1433,1,157.101643951944
1434,0,157.356508046167
1435,0,157.101643951944
1436,0,157.356508046167
1437,0,157.866236234613
1438,0,157.101643951944
1439,0,157.866236234613
1440,0,157.866236234613
1441,0,157.61137214039
1442,0,157.61137214039
1443,0,157.356508046167
1444,0,157.101643951944
1445,0,156.846779857722
1446,1,157.101643951944
1447,0,156.846779857722
1448,1,157.356508046167
1449,0,157.101643951944
1450,0,157.101643951944
1451,0,156.591915763499
1452,1,157.101643951944
1453,0,156.337051669276
1454,1,157.101643951944
1455,0,156.337051669276
1456,1,156.846779857722
1457,1,156.846779857722
1458,1,157.101643951944
1459,0,156.082187575053
1460,1,156.591915763499
1461,1,156.591915763499
1462,1,156.846779857722
1463,1,156.337051669276
1464,1,156.846779857722
1465,1,155.82732348083
1466,1,156.082187575053
1467,1,156.082187575053
1468,1,156.591915763499
1469,1,156.082187575053
1470,1,155.82732348083
1471,1,156.591915763499
1472,1,155.82732348083
1473,1,156.082187575053
1474,1,156.591915763499
1475,1,156.082187575053
1476,1,156.591915763499
1477,1,156.591915763499
1478,1,156.846779857722
1479,1,155.82732348083
1480,1,156.337051669276
1481,1,156.846779857722
1482,1,156.337051669276
1483,1,156.591915763499
1484,1,156.846779857722
1485,1,156.846779857722
1486,1,157.356508046167
1487,0,156.846779857722
1488,1,156.591915763499
1489,1,157.101643951944
1490,0,156.846779857722
1491,1,157.61137214039
1492,0,157.101643951944
1493,0,157.356508046167
1494,0,156.846779857722
1495,1,157.101643951944
1496,0,157.356508046167
1497,0,157.356508046167
1498,0,157.356508046167
1499,0,157.101643951944
1500,0,157.356508046167
1501,0,156.846779857722
1502,1,156.846779857722
1503,1,156.846779857722
1504,1,157.356508046167
1505,0,156.846779857722
1506,1,157.356508046167
1507,0,157.356508046167
1508,0,157.101643951944
1509,0,156.591915763499
1510,1,157.101643951944
1511,0,156.337051669276
1512,1,157.356508046167
1513,0,156.337051669276
1514,1,157.101643951944
1515,0,156.846779857722
1516,1,156.846779857722
1517,1,156.846779857722
1518,1,156.846779857722
1519,1,156.082187575053
1520,1,156.846779857722
1521,1,156.082187575053
1522,1,156.846779857722
1523,1,156.082187575053
1524,1,156.846779857722
1525,1,156.082187575053
1526,1,156.846779857722
1527,1,156.846779857722
1528,1,156.846779857722
1529,1,156.082187575053
1530,1,157.101643951944
1531,0,156.337051669276
1532,1,157.101643951944
1533,0,156.846779857722
1534,1,156.082187575053
1535,1,156.591915763499
1536,1,156.082187575053
1537,1,156.591915763499
1538,1,156.591915763499
1539,1,157.101643951944
1540,0,156.846779857722
1541,1,156.337051669276
1542,1,156.846779857722
1543,1,156.846779857722
1544,1,156.337051669276
1545,1,156.337051669276
1546,1,156.846779857722
1547,1,156.591915763499
1548,1,156.591915763499
1549,1,156.846779857722
1550,1,157.101643951944
1551,0,156.337051669276
1552,1,156.846779857722
1553,1,156.846779857722
1554,1,156.591915763499
1555,1,156.591915763499
1556,1,157.101643951944
1557,0,156.591915763499
1558,1,157.356508046167
1559,0,157.101643951944
1560,0,156.591915763499
1561,1,157.356508046167
1562,0,156.591915763499
1563,1,156.846779857722
1564,1,157.101643951944
1565,0,157.61137214039
1566,0,156.846779857722
1567,1,156.846779857722
1568,1,156.846779857722
1569,1,157.356508046167
1570,0,157.356508046167
1571,0,156.846779857722
1572,1,157.101643951944
1573,0,157.101643951944
1574,0,156.846779857722
1575,1,157.356508046167
1576,0,156.846779857722
1577,1,157.101643951944
1578,0,156.846779857722
1579,1,157.61137214039
1580,0,157.101643951944
1581,0,156.591915763499
1582,1,157.61137214039
1583,0,157.101643951944
1584,0,156.591915763499
1585,1,157.101643951944
1586,0,156.591915763499
1587,1,157.356508046167
1588,0,157.356508046167
1589,0,157.356508046167
1590,0,157.101643951944
1591,0,156.591915763499
1592,1,156.846779857722
1593,1,156.591915763499
1594,1,157.356508046167
1595,0,156.591915763499
1596,1,156.591915763499
1597,1,157.101643951944
1598,0,156.337051669276
1599,1,156.337051669276
1600,1,156.846779857722
1601,1,156.337051669276
1602,1,156.591915763499
1603,1,157.101643951944
1604,0,156.846779857722
1605,1,156.591915763499
1606,1,156.337051669276
1607,1,156.337051669276
1608,1,156.591915763499
1609,1,156.846779857722
1610,1,156.591915763499
1611,1,157.101643951944
1612,1,156.846779857722
1613,1,156.591915763499
1614,1,157.101643951944
1615,1,157.356508046167
1616,1,157.101643951944
1617,1,157.101643951944
1618,1,156.846779857722
1619,1,157.101643951944
1620,1,157.356508046167
1621,1,157.61137214039
1622,1,157.866236234613
1623,1,157.61137214039
1624,1,157.356508046167
1625,1,158.121100328836
1626,1,158.121100328836
1627,1,158.375964423059
1628,1,157.61137214039
1629,1,158.375964423059
1630,1,157.866236234613
1631,1,157.866236234613
1632,1,158.375964423059
1633,1,158.630828517282
1634,1,158.630828517282
1635,1,159.140556705727
1636,1,159.140556705727
1637,1,158.630828517282
1638,1,158.885692611504
1639,1,159.650284894173
1640,1,159.650284894173
1641,1,159.650284894173
1642,1,159.650284894173
1643,1,159.650284894173
1644,1,159.39542079995
1645,1,159.39542079995
1646,1,160.160013082619
1647,1,159.650284894173
1648,1,159.650284894173
1649,1,159.905148988396
1650,1,160.160013082619
1651,1,160.414877176842
1652,1,160.414877176842
1653,1,160.414877176842
1654,1,160.414877176842
1655,1,160.669741271064
1656,1,161.434333553733
1657,1,161.434333553733
1658,1,161.689197647956
1659,1,161.434333553733
1660,1,161.434333553733
1661,1,161.434333553733
1662,1,162.198925836402
1663,1,162.198925836402
1664,1,161.944061742179
1665,1,162.453789930624
1666,1,162.198925836402
1667,1,162.708654024847
1668,1,162.708654024847
1669,1,162.708654024847
1670,1,163.218382213293
1671,1,162.96351811907
1672,1,162.96351811907
1673,1,163.218382213293
1674,1,162.96351811907
1675,1,162.96351811907
1676,1,163.728110401739
1677,1,163.218382213293
1678,1,163.473246307516
1679,1,163.473246307516
1680,1,163.982974495962
1681,1,163.728110401739
1682,1,164.492702684407
1683,1,164.74756677863
1684,1,163.982974495962
1685,1,164.492702684407
1686,1,164.492702684407
1687,1,164.492702684407
1688,1,164.74756677863
1689,1,164.74756677863
1690,1,165.512159061299
1691,1,165.257294967076
1692,1,165.002430872853
1693,1,165.002430872853
1694,1,165.767023155522
1695,1,165.257294967076
1696,1,165.257294967076
1697,1,165.257294967076
1698,1,165.512159061299
1699,1,166.021887249744
1700,1,166.53161543819
1701,1,166.53161543819
1702,1,166.021887249744
1703,1,166.53161543819
1704,1,166.021887249744
1705,1,166.786479532413
1706,1,166.786479532413
1707,1,166.276751343967
1708,1,166.786479532413
1709,1,166.786479532413
1710,1,167.551071815082
1711,1,167.551071815082
1712,1,167.041343626636
1713,1,167.805935909304
1714,1,167.296207720859
1715,1,168.060800003527
1716,1,167.551071815082
1717,1,167.551071815082
1718,1,167.805935909304
1719,1,167.805935909304
1720,1,168.060800003527
1721,1,168.570528191973
1722,1,168.570528191973
1723,1,168.570528191973
1724,1,168.060800003527
1725,1,168.31566409775
1726,1,168.570528191973
1727,1,169.080256380419
1728,1,169.080256380419
1729,1,168.570528191973
1730,1,168.825392286196
1731,1,169.335120474642
1732,1,169.589984568864
1733,1,169.080256380419
1734,1,169.335120474642
1735,1,170.09971275731
1736,1,169.589984568864
1737,1,169.589984568864
1738,1,169.589984568864
1739,1,170.09971275731
1740,1,170.354576851533
1741,1,169.844848663087
1742,1,170.864305039979
1743,1,170.482008898644
1744,1,170.09971275731
1745,1,170.354576851533
1746,1,170.609440945756
1747,1,170.609440945756
1748,1,170.736872992867
1749,1,170.864305039979
1750,1,170.609440945756
1751,1,171.119169134201
1752,1,170.864305039979
1753,1,170.864305039979
1754,1,171.628897322647
1755,1,171.501465275536
1756,1,171.374033228424
1757,1,172.138625511093
1758,1,172.138625511093
1759,1,172.138625511093
1760,1,172.138625511093
1761,1,172.393489605316
1762,1,172.138625511093
1763,1,172.393489605316
1764,1,171.88376141687
1765,1,172.648353699539
1766,1,172.903217793761
1767,1,172.648353699539
1768,1,172.648353699539
1769,1,172.903217793761
1770,1,172.648353699539
1771,1,172.648353699539
1772,1,173.412945982207
1773,1,173.158081887984
1774,1,172.903217793761
1775,1,173.66781007643
1776,1,173.922674170653
1777,1,173.922674170653
1778,1,174.177538264876
1779,1,173.66781007643
1780,1,173.922674170653
1781,1,174.432402359099
1782,1,173.922674170653
1783,1,174.432402359099
1784,1,173.922674170653
1785,1,173.922674170653
1786,1,174.687266453321
1787,1,174.432402359099
1788,1,174.942130547544
1789,1,174.432402359099
1790,1,175.196994641767
1791,1,175.196994641767
1792,1,175.196994641767
1793,1,175.196994641767
1794,1,174.687266453321
1795,1,175.706722830213
1796,1,175.196994641767
1797,1,175.706722830213
1798,1,175.961586924436
1799,1,175.706722830213
1800,1,175.706722830213
1801,1,175.961586924436
1802,1,175.961586924436
1803,1,175.961586924436
1804,1,175.706722830213
1805,1,176.471315112881
1806,1,175.961586924436
1807,1,176.471315112881
1808,1,176.726179207104
1809,1,175.961586924436
1810,1,176.981043301327
1811,1,176.471315112881
1812,1,176.471315112881
1813,1,176.726179207104
1814,1,176.726179207104
1815,1,177.23590739555
1816,1,176.981043301327
1817,1,177.23590739555
1818,1,177.490771489773
1819,1,177.490771489773
1820,1,177.745635583996
1821,1,177.745635583996
1822,1,178.000499678219
1823,1,178.255363772441
1824,1,177.490771489773
1825,1,177.490771489773
1826,1,177.490771489773
1827,1,177.490771489773
1828,1,177.490771489773
1829,1,178.510227866664
1830,1,177.745635583996
1831,1,178.255363772441
1832,1,178.765091960887
1833,1,178.765091960887
1834,1,178.510227866664
1835,1,178.765091960887
1836,1,179.274820149333
1837,1,179.274820149333
1838,1,178.765091960887
1839,1,178.765091960887
1840,1,179.274820149333
1841,1,179.01995605511
1842,1,179.784548337779
1843,1,179.274820149333
1844,1,179.529684243556
1845,1,179.529684243556
1846,1,180.039412432001
1847,1,179.784548337779
1848,1,179.784548337779
1849,1,180.039412432001
1850,1,179.529684243556
1851,1,180.039412432001
1852,1,180.549140620447
1853,1,180.039412432001
1854,1,180.549140620447
1855,1,179.784548337779
1856,1,180.549140620447
1857,1,180.80400471467
1858,1,180.294276526224
1859,1,180.80400471467
1860,1,180.80400471467
1861,1,180.549140620447
1862,1,180.549140620447
1863,1,180.294276526224
1864,1,180.80400471467
1865,1,181.058868808893
1866,1,181.058868808893
1867,1,181.058868808893
1868,1,180.549140620447
1869,1,181.313732903116
1870,1,181.058868808893
1871,1,181.568596997339
1872,1,181.058868808893
1873,1,181.313732903116
1874,1,181.313732903116
1875,1,181.823461091561
1876,1,181.568596997339
1877,1,181.568596997339
1878,1,181.823461091561
1879,1,182.333189280007
1880,1,181.823461091561
1881,1,181.823461091561
1882,1,182.58805337423
1883,1,182.58805337423
1884,1,182.58805337423
1885,1,182.333189280007
1886,1,182.58805337423
1887,1,182.842917468453
1888,1,182.58805337423
1889,1,182.842917468453
1890,1,183.352645656899
1891,1,183.607509751121
1892,1,183.607509751121
1893,1,183.862373845344
1894,1,183.862373845344
1895,1,183.862373845344
1896,1,183.352645656899
1897,1,183.607509751121
1898,1,183.352645656899
1899,1,183.607509751121
1900,1,183.352645656899
1901,1,183.607509751121
1902,1,184.37210203379
1903,1,183.862373845344
1904,1,183.862373845344
1905,1,184.626966128013
1906,1,184.117237939567
1907,1,184.626966128013
1908,1,184.117237939567
1909,1,184.881830222236
1910,1,184.117237939567
1911,1,185.136694316459
1912,1,184.881830222236
1913,1,184.881830222236
1914,1,185.391558410681
1915,1,185.391558410681
1916,1,185.391558410681
1917,1,185.391558410681
1918,1,185.646422504904
1919,1,185.136694316459
1920,1,184.881830222236
1921,1,185.136694316459
1922,1,185.901286599127
1923,1,185.901286599127
1924,1,185.391558410681
1925,1,186.15615069335
1926,1,185.646422504904
1927,1,186.411014787573
1928,1,185.901286599127
1929,1,186.665878881796
1930,1,186.15615069335
1931,1,186.15615069335
1932,1,186.411014787573
1933,1,186.411014787573
1934,1,186.15615069335
1935,1,186.920742976019
1936,1,187.175607070241
1937,1,186.920742976019
1938,1,186.920742976019
1939,1,186.920742976019
1940,1,186.920742976019
1941,1,187.175607070241
1942,1,187.430471164464
1943,1,187.175607070241
1944,1,187.685335258687
1945,1,187.94019935291
1946,1,187.94019935291
1947,1,187.430471164464
1948,1,187.94019935291
1949,1,187.685335258687
1950,1,188.195063447133
1951,1,188.195063447133
1952,1,188.195063447133
1953,1,188.449927541356
1954,1,188.449927541356
1955,1,188.195063447133
1956,1,188.449927541356
1957,1,188.704791635579
1958,1,188.195063447133
1959,1,188.449927541356
1960,1,188.449927541356
1961,1,188.704791635579
1962,1,188.449927541356
1963,1,188.959655729801
1964,1,188.704791635579
1965,1,188.959655729801
1966,1,189.469383918247
1967,1,189.72424801247
1968,1,188.959655729801
1969,1,189.214519824024
1970,1,189.214519824024
1971,1,189.72424801247
1972,1,189.72424801247
1973,1,189.469383918247
1974,1,189.72424801247
1975,1,189.469383918247
1976,1,189.979112106693
1977,1,189.469383918247
1978,1,189.72424801247
1979,1,189.72424801247
1980,1,189.72424801247
1981,1,190.233976200916
1982,1,189.72424801247
1983,1,190.488840295138
1984,1,190.488840295138
1985,1,189.979112106693
1986,1,190.233976200916
1987,1,190.488840295138
1988,1,190.488840295138
1989,1,190.488840295138
1990,1,190.743704389361
1991,1,191.253432577807
1992,1,191.253432577807
1993,1,191.50829667203
1994,1,191.253432577807
1995,1,191.50829667203
1996,1,190.998568483584
1997,1,191.50829667203
1998,1,191.763160766253
1999,1,191.763160766253
2000,1,191.253432577807
2001,1,192.018024860476
2002,1,191.50829667203
2003,1,191.50829667203
2004,1,192.018024860476
2005,1,192.272888954699
2006,1,191.763160766253
2007,1,192.527753048921
2008,1,192.272888954699
2009,1,192.782617143144
2010,1,192.782617143144
2011,1,193.037481237367
2012,1,193.037481237367
2013,1,192.527753048921
2014,1,192.782617143144
2015,1,192.527753048921
2016,1,193.037481237367
2017,1,193.29234533159
2018,1,192.782617143144
2019,1,193.037481237367
2020,1,192.782617143144
2021,1,193.29234533159
2022,1,192.782617143144
2023,1,193.037481237367
2024,1,193.802073520036
2025,1,193.29234533159
2026,1,193.29234533159
2027,1,193.29234533159
2028,1,194.056937614258
2029,1,194.056937614258
2030,1,194.311801708481
2031,1,194.311801708481
2032,1,194.311801708481
2033,1,194.311801708481
2034,1,194.056937614258
2035,1,194.566665802704
2036,1,194.821529896927
2037,1,194.821529896927
2038,1,194.821529896927
2039,1,194.056937614258
2040,1,194.821529896927
2041,1,194.566665802704
2042,1,194.566665802704
2043,1,194.311801708481
2044,1,194.566665802704
2045,1,195.07639399115
2046,1,194.821529896927
2047,1,195.331258085373
2048,1,194.821529896927
2049,1,195.07639399115
2050,1,194.821529896927
2051,1,195.07639399115
2052,1,195.840986273818
2053,1,195.331258085373
2054,1,195.586122179596
2055,1,195.840986273818
2056,1,195.331258085373
2057,1,196.095850368041
2058,1,195.586122179596
2059,1,196.095850368041
2060,1,196.095850368041
2061,1,196.095850368041
2062,1,196.095850368041
2063,1,195.840986273818
2064,1,196.350714462264
2065,1,196.86044265071
2066,1,196.350714462264
2067,1,196.605578556487
2068,1,196.350714462264
2069,1,196.86044265071
2070,1,196.605578556487
2071,1,197.115306744933
2072,1,197.115306744933
2073,1,197.115306744933
2074,1,197.115306744933
2075,1,197.115306744933
2076,0,197.879899027601
2077,1,197.625034933378
2078,1,197.370170839156
2079,1,197.115306744933
2080,1,197.370170839156
2081,1,197.370170839156
2082,0,197.879899027601
2083,1,197.370170839156
2084,0,198.134763121824
2085,0,198.134763121824
2086,0,198.134763121824
2087,0,197.879899027601
2088,0,197.879899027601
2089,0,198.389627216047
2090,0,197.879899027601
2091,0,198.389627216047
2092,1,197.625034933378
2093,0,198.389627216047
2094,0,198.64449131027
2095,0,198.64449131027
2096,0,197.879899027601
2097,0,197.879899027601
2098,1,197.625034933378
2099,0,198.389627216047
2100,0,198.134763121824
2101,0,198.134763121824
2102,0,197.879899027601
2103,1,197.625034933378
2104,0,198.134763121824
2105,0,197.879899027601
2106,1,197.370170839156
2107,1,197.370170839156
2108,0,197.879899027601
2109,1,197.370170839156
2110,1,197.625034933378
2111,1,196.605578556487
2112,1,197.625034933378
2113,1,196.86044265071
2114,1,196.86044265071
2115,1,196.605578556487
2116,1,197.115306744933
2117,1,196.605578556487
2118,1,196.605578556487
2119,1,197.115306744933
2120,1,196.350714462264
2121,1,197.370170839156
2122,1,196.605578556487
2123,1,197.370170839156
2124,1,197.115306744933
2125,1,196.86044265071
2126,1,196.86044265071
2127,1,196.86044265071
2128,1,197.115306744933
2129,1,197.370170839156
2130,1,196.86044265071
2131,1,197.370170839156
2132,1,196.86044265071
2133,1,196.605578556487
2134,1,197.115306744933
2135,1,197.370170839156
2136,1,196.86044265071
2137,1,197.625034933378
2138,1,197.370170839156
2139,1,197.115306744933
2140,1,197.370170839156
2141,1,197.370170839156
2142,1,197.370170839156
2143,1,197.115306744933
2144,0,197.879899027601
2145,1,197.625034933378
2146,1,197.625034933378
2147,1,197.625034933378
2148,1,197.625034933378
2149,0,197.879899027601
2150,0,197.879899027601
2151,1,197.370170839156
2152,0,198.389627216047
2153,0,197.879899027601
2154,0,197.879899027601
2155,1,197.625034933378
2156,1,197.625034933378
2157,0,198.134763121824
2158,1,197.625034933378
2159,1,197.625034933378
2160,1,197.370170839156
2161,0,198.389627216047
2162,0,197.879899027601
2163,0,198.134763121824
2164,0,198.389627216047
2165,1,197.625034933378
2166,0,198.134763121824
2167,1,197.370170839156
2168,0,197.879899027601
2169,0,198.134763121824
2170,1,197.370170839156
2171,0,197.879899027601
2172,1,197.625034933378
2173,1,197.625034933378
2174,0,197.879899027601
2175,1,197.115306744933
2176,1,197.370170839156
2177,1,197.115306744933
2178,1,197.115306744933
2179,1,197.370170839156
2180,1,197.115306744933
2181,0,197.879899027601
2182,1,197.370170839156
2183,1,196.86044265071
2184,1,197.115306744933
2185,1,197.115306744933
2186,1,197.115306744933
2187,1,197.115306744933
2188,1,197.115306744933
2189,1,196.86044265071
2190,1,197.115306744933
2191,1,197.625034933378
2192,1,197.370170839156
2193,1,197.115306744933
2194,1,197.115306744933
2195,0,197.879899027601
2196,1,197.625034933378
2197,1,197.115306744933
2198,1,197.115306744933
2199,1,197.370170839156
2200,1,197.115306744933
2201,1,197.370170839156
2202,1,197.625034933378
2203,1,197.115306744933
2204,0,197.879899027601
2205,1,197.370170839156
2206,0,197.879899027601
2207,0,198.134763121824
2208,1,197.370170839156
2209,0,197.879899027601
2210,0,198.134763121824
2211,1,197.625034933378
2212,1,197.625034933378
2213,1,197.625034933378
2214,0,197.879899027601
2215,0,198.134763121824
2216,1,197.625034933378
2217,0,198.389627216047
2218,1,197.625034933378
2219,0,197.879899027601
2220,0,198.134763121824
2221,1,197.370170839156
2222,0,198.389627216047
2223,1,197.625034933378
2224,0,198.389627216047
2225,0,198.134763121824
2226,1,197.625034933378
2227,0,198.389627216047
2228,0,198.134763121824
2229,1,197.370170839156
2230,0,198.134763121824
2231,1,197.625034933378
2232,0,197.879899027601
2233,1,197.625034933378
2234,1,197.370170839156
2235,0,198.134763121824
2236,1,197.370170839156
2237,1,197.370170839156
2238,0,198.134763121824
2239,1,197.625034933378
2240,1,197.370170839156
2241,1,197.115306744933
2242,0,198.134763121824
2243,1,197.115306744933
2244,0,197.879899027601
2245,0,197.879899027601
2246,1,197.625034933378
2247,1,197.115306744933
2248,1,197.625034933378
2249,1,197.625034933378
2250,1,197.625034933378
2251,1,197.370170839156
2252,0,197.879899027601
2253,1,196.86044265071
2254,1,197.370170839156
2255,0,197.879899027601
2256,1,197.115306744933
2257,0,197.625034933378
2258,0,197.115306744933
2259,0,196.86044265071
2260,0,197.625034933378
2261,0,197.115306744933
2262,0,197.115306744933
2263,0,196.86044265071
2264,0,196.86044265071
2265,0,197.370170839156
2266,0,197.625034933378
2267,0,197.370170839156
2268,0,196.86044265071
2269,0,196.605578556487
2270,0,196.86044265071
2271,0,197.115306744933
2272,0,197.370170839156
2273,0,196.605578556487
2274,0,197.115306744933
2275,0,196.605578556487
2276,0,196.605578556487
2277,0,196.350714462264
2278,0,196.605578556487
2279,0,196.350714462264
2280,0,196.095850368041
2281,0,196.350714462264
2282,0,196.605578556487
2283,0,195.840986273818
2284,0,196.350714462264
2285,0,195.840986273818
2286,0,195.586122179596
2287,0,195.586122179596
2288,0,195.586122179596
2289,0,195.331258085373
2290,0,195.07639399115
2291,0,194.821529896927
2292,0,195.331258085373
2293,0,195.07639399115
2294,0,195.331258085373
2295,0,195.07639399115
2296,0,194.821529896927
2297,0,194.821529896927
2298,0,194.566665802704
2299,0,194.821529896927
2300,0,194.311801708481
2301,0,194.056937614258
2302,0,193.547209425813
2303,0,194.056937614258
2304,0,193.802073520036
2305,0,193.29234533159
2306,0,193.29234533159
2307,0,193.547209425813
2308,0,193.547209425813
2309,0,192.782617143144
2310,0,193.29234533159
2311,0,192.782617143144
2312,0,192.782617143144
2313,0,193.29234533159
2314,0,193.037481237367
2315,0,192.272888954699
2316,0,193.037481237367
2317,0,192.527753048921
2318,0,192.782617143144
2319,0,192.018024860476
2320,0,192.018024860476
2321,0,191.50829667203
2322,0,191.763160766253
2323,0,191.50829667203
2324,0,192.018024860476
2325,0,191.253432577807
2326,0,191.253432577807
2327,0,190.998568483584
2328,0,190.998568483584
2329,0,191.50829667203
2330,0,191.50829667203
2331,0,190.743704389361
2332,0,190.488840295138
2333,0,190.233976200916
2334,0,190.743704389361
2335,0,190.743704389361
2336,0,189.979112106693
2337,0,190.743704389361
2338,0,190.488840295138
2339,0,190.233976200916
2340,0,190.233976200916
2341,0,189.979112106693
2342,0,189.979112106693
2343,0,190.233976200916
2344,0,189.469383918247
2345,0,189.214519824024
2346,0,189.469383918247
2347,0,189.72424801247
2348,0,189.469383918247
2349,0,189.214519824024
2350,0,188.449927541356
2351,0,188.959655729801
2352,0,188.959655729801
2353,0,188.959655729801
2354,0,187.94019935291
2355,0,188.449927541356
2356,0,188.449927541356
2357,0,187.94019935291
2358,0,187.685335258687
2359,0,188.195063447133
2360,0,187.94019935291
2361,0,187.685335258687
2362,0,187.94019935291
2363,0,187.175607070241
2364,0,187.685335258687
2365,0,186.920742976019
2366,0,186.920742976019
2367,0,187.430471164464
2368,0,186.920742976019
2369,0,186.665878881796
2370,0,186.920742976019
2371,0,186.665878881796
2372,0,186.15615069335
2373,0,186.665878881796
2374,0,186.665878881796
2375,0,186.411014787573
2376,0,185.901286599127
2377,0,186.665878881796
2378,0,186.15615069335
2379,0,186.411014787573
2380,0,185.646422504904
2381,0,185.646422504904
2382,0,186.15615069335
2383,0,185.391558410681
2384,0,185.646422504904
2385,0,185.136694316459
2386,0,185.136694316459
2387,0,184.881830222236
2388,0,184.881830222236
2389,0,184.881830222236
2390,0,185.391558410681
2391,0,184.626966128013
2392,0,184.626966128013
2393,0,184.626966128013
2394,0,184.881830222236
2395,0,184.881830222236
2396,0,184.626966128013
2397,0,184.117237939567
2398,0,184.117237939567
2399,0,184.881830222236
2400,0,184.37210203379
2401,0,184.626966128013
2402,0,183.607509751121
2403,0,183.607509751121
2404,0,184.117237939567
2405,0,183.352645656899
2406,0,184.117237939567
2407,0,183.862373845344
2408,0,183.097781562676
2409,0,183.607509751121
2410,0,183.097781562676
2411,0,183.352645656899
2412,0,183.097781562676
2413,0,183.352645656899
2414,0,183.352645656899
2415,0,183.097781562676
2416,0,183.097781562676
2417,0,182.333189280007
2418,0,182.58805337423
2419,0,183.097781562676
2420,0,182.078325185784
2421,0,182.58805337423
2422,0,182.078325185784
2423,0,181.823461091561
2424,0,181.823461091561
2425,0,182.333189280007
2426,0,182.078325185784
2427,0,182.333189280007
2428,0,182.333189280007
2429,0,182.078325185784
2430,0,181.313732903116
2431,0,181.823461091561
2432,0,181.568596997339
2433,0,181.568596997339
2434,0,181.568596997339
2435,0,181.568596997339
2436,0,181.568596997339
2437,0,180.549140620447
2438,0,181.313732903116
2439,0,181.058868808893
2440,0,181.313732903116
2441,0,180.80400471467
2442,0,180.549140620447
2443,0,180.294276526224
2444,0,180.80400471467
2445,0,180.039412432001
2446,0,179.784548337779
2447,0,180.294276526224
2448,0,180.294276526224
2449,0,179.784548337779
2450,0,179.529684243556
2451,0,180.294276526224
2452,0,179.784548337779
2453,0,179.529684243556
2454,0,179.529684243556
2455,0,180.039412432001
2456,0,179.274820149333
2457,0,179.01995605511
2458,0,179.01995605511
2459,0,178.765091960887
2460,0,179.01995605511
2461,0,178.765091960887
2462,0,179.274820149333
2463,0,178.510227866664
2464,0,179.01995605511
2465,0,179.274820149333
2466,0,178.510227866664
2467,0,179.01995605511
2468,0,178.510227866664
2469,0,178.255363772441
2470,0,178.255363772441
2471,0,178.255363772441
2472,0,177.745635583996
2473,0,178.255363772441
2474,0,177.745635583996
2475,0,178.000499678219
2476,0,178.255363772441
2477,0,177.490771489773
2478,0,177.490771489773
2479,0,177.490771489773
2480,0,177.23590739555
2481,0,177.490771489773
2482,0,177.23590739555
2483,0,177.745635583996
2484,0,176.981043301327
2485,0,177.490771489773
2486,0,177.490771489773
2487,0,176.726179207104
2488,0,176.471315112881
2489,0,176.216451018659
2490,0,176.981043301327
2491,0,176.981043301327
2492,0,176.216451018659
2493,0,176.216451018659
2494,0,175.961586924436
2495,0,175.961586924436
2496,0,176.471315112881
2497,0,176.471315112881
2498,0,176.216451018659
2499,0,176.216451018659
2500,0,175.45185873599
2501,0,175.961586924436
2502,0,175.961586924436
2503,0,175.961586924436
2504,0,175.196994641767
2505,0,175.45185873599
2506,0,175.196994641767
2507,0,175.45185873599
2508,0,175.45185873599
2509,0,175.196994641767
2510,0,175.196994641767
2511,0,174.687266453321
2512,0,175.196994641767
2513,0,175.196994641767
2514,0,174.942130547544
2515,0,174.432402359099
2516,0,174.942130547544
2517,0,174.432402359099
2518,0,174.687266453321
2519,0,174.687266453321
2520,0,174.432402359099
2521,0,174.687266453321
2522,0,173.66781007643
2523,0,173.66781007643
2524,0,173.66781007643
2525,0,173.922674170653
2526,0,174.432402359099
2527,0,174.177538264876
2528,0,174.177538264876
2529,0,173.66781007643
2530,0,173.922674170653
2531,0,173.66781007643
2532,0,173.922674170653
2533,0,173.158081887984
2534,0,173.158081887984
2535,0,172.648353699539
2536,0,172.903217793761
2537,0,173.158081887984
2538,0,173.412945982207
2539,0,172.648353699539
2540,0,172.393489605316
2541,0,172.648353699539
2542,0,172.648353699539
2543,0,172.648353699539
2544,0,172.138625511093
2545,0,172.648353699539
2546,0,172.648353699539
2547,0,171.88376141687
2548,0,171.88376141687
2549,0,172.393489605316
2550,0,172.138625511093
2551,0,171.88376141687
2552,0,171.628897322647
2553,0,171.88376141687
2554,0,172.138625511093
2555,0,171.628897322647
2556,0,171.628897322647
2557,0,171.628897322647
2558,0,171.88376141687
2559,0,171.88376141687
2560,0,171.119169134201
2561,0,171.374033228424
2562,0,171.628897322647
2563,0,170.609440945756
2564,0,170.864305039979
2565,0,170.354576851533
2566,0,171.119169134201
2567,0,170.609440945756
2568,0,171.119169134201
2569,0,170.354576851533
2570,0,170.09971275731
2571,0,170.09971275731
2572,0,170.09971275731
2573,0,169.844848663087
2574,0,169.844848663087
2575,0,169.844848663087
2576,0,170.354576851533
2577,0,170.09971275731
2578,0,170.09971275731
2579,0,170.09971275731
2580,0,169.844848663087
2581,0,170.09971275731
2582,0,169.844848663087
2583,0,169.335120474642
2584,0,169.080256380419
2585,0,169.335120474642
2586,0,169.589984568864
2587,0,169.080256380419
2588,0,168.825392286196
2589,0,169.335120474642
2590,0,169.589984568864
2591,0,168.825392286196
2592,0,168.570528191973
2593,0,168.825392286196
2594,0,169.080256380419
2595,0,169.080256380419
2596,0,169.080256380419
2597,0,169.080256380419
2598,0,169.080256380419
2599,0,168.31566409775
2600,0,168.825392286196
2601,0,168.060800003527
2602,0,168.31566409775
2603,0,168.570528191973
2604,0,168.31566409775
2605,0,167.551071815082
2606,0,168.060800003527
2607,0,167.551071815082
2608,0,168.060800003527
2609,0,168.060800003527
2610,0,168.060800003527
2611,0,168.060800003527
2612,0,167.296207720859
2613,0,167.041343626636
2614,0,167.041343626636
2615,0,166.786479532413
2616,0,167.551071815082
2617,0,167.168775673747
2618,0,166.786479532413
2619,0,166.786479532413
2620,0,166.786479532413
2621,0,167.296207720859
2622,0,167.296207720859
2623,0,166.276751343967
2624,0,166.276751343967
2625,0,167.041343626636
2626,0,166.53161543819
2627,0,166.786479532413
2628,0,166.276751343967
2629,0,166.53161543819
2630,0,166.021887249744
2631,0,166.021887249744
2632,0,166.021887249744
2633,0,166.149319296856
2634,0,166.53161543819
2635,0,166.276751343967
2636,0,165.767023155522
2637,0,166.276751343967
2638,0,166.021887249744
2639,0,165.767023155522
2640,0,165.257294967076
2641,0,165.512159061299
2642,0,165.767023155522
2643,0,166.021887249744
2644,0,165.767023155522
2645,0,165.512159061299
2646,0,165.512159061299
2647,0,165.512159061299
2648,0,165.512159061299
2649,0,165.257294967076
2650,0,165.512159061299
2651,0,164.74756677863
2652,0,165.257294967076
2653,0,164.492702684407
2654,0,164.492702684407
2655,0,164.492702684407
2656,0,164.237838590184
2657,0,164.492702684407
2658,0,164.237838590184
2659,0,164.74756677863
2660,0,164.74756677863
2661,0,164.237838590184
2662,0,164.74756677863
2663,0,163.728110401739
2664,0,164.492702684407
2665,0,164.492702684407
2666,0,164.492702684407
2667,0,164.237838590184
2668,0,163.473246307516
2669,0,163.473246307516
2670,0,163.982974495962
2671,0,163.473246307516
2672,0,163.218382213293
2673,0,163.473246307516
2674,0,162.96351811907
2675,0,163.728110401739
2676,0,163.473246307516
2677,0,162.96351811907
2678,0,163.473246307516
2679,0,162.708654024847
2680,0,163.473246307516
2681,0,163.473246307516
2682,0,162.708654024847
2683,0,163.218382213293
2684,0,162.198925836402
2685,0,162.453789930624
2686,0,162.708654024847
2687,0,162.96351811907
2688,0,162.198925836402
2689,0,161.944061742179
2690,0,162.708654024847
2691,0,162.453789930624
2692,0,161.689197647956
2693,0,161.689197647956
2694,0,161.434333553733
2695,0,162.198925836402
2696,0,161.944061742179
2697,0,162.198925836402
2698,0,161.434333553733
2699,0,161.434333553733
2700,0,161.689197647956
2701,0,160.924605365287
2702,0,161.689197647956
2703,0,161.17946945951
2704,0,161.434333553733
2705,0,160.924605365287
2706,0,161.17946945951
2707,0,160.924605365287
2708,0,160.414877176842
2709,0,160.669741271064
2710,0,160.669741271064
2711,0,160.414877176842
2712,0,160.924605365287
2713,0,160.160013082619
2714,0,160.414877176842
2715,0,160.924605365287
2716,0,160.669741271064
2717,0,159.905148988396
2718,0,160.160013082619
2719,0,160.414877176842
2720,0,160.669741271064
2721,0,159.905148988396
2722,0,159.905148988396
2723,0,159.650284894173
2724,0,159.650284894173
2725,0,160.160013082619
2726,0,159.905148988396
2727,0,159.39542079995
2728,0,159.39542079995
2729,0,159.140556705727
2730,0,159.39542079995
2731,0,159.905148988396
2732,0,159.39542079995
2733,0,159.140556705727
2734,0,159.650284894173
2735,0,158.885692611504
2736,0,158.885692611504
2737,0,158.885692611504
2738,0,159.140556705727
2739,0,158.885692611504
2740,0,159.140556705727
2741,0,158.630828517282
2742,0,159.140556705727
2743,0,158.630828517282
2744,0,158.885692611504
2745,0,158.375964423059
2746,0,158.630828517282
2747,0,158.375964423059
2748,0,158.121100328836
2749,0,158.121100328836
2750,0,158.121100328836
2751,0,158.121100328836
2752,0,157.866236234613
2753,0,157.61137214039
2754,0,157.61137214039
2755,0,157.356508046167
2756,0,157.61137214039
2757,0,158.121100328836
2758,0,157.356508046167
2759,0,157.866236234613
2760,0,157.61137214039
2761,0,157.61137214039
2762,0,157.61137214039
2763,0,157.866236234613
2764,0,157.356508046167
2765,0,156.591915763499
2766,0,157.356508046167
2767,0,157.101643951944
2768,0,157.356508046167
2769,0,157.101643951944
2770,0,156.337051669276
2771,0,156.591915763499
2772,0,157.101643951944
2773,0,156.591915763499
2774,0,157.101643951944
2775,0,156.846779857722
2776,0,157.101643951944
2777,0,156.337051669276
2778,0,156.082187575053
2779,0,155.82732348083
2780,0,155.82732348083
2781,0,155.82732348083
2782,0,156.082187575053
2783,0,156.337051669276
2784,0,155.82732348083
2785,0,156.082187575053
2786,0,156.082187575053
2787,0,155.82732348083
2788,0,155.317595292384
2789,0,156.082187575053
2790,0,155.572459386607
2791,0,156.082187575053
2792,0,155.062731198162
2793,0,155.317595292384
2794,0,155.062731198162
2795,0,155.572459386607
2796,0,155.82732348083
2797,0,155.572459386607
2798,0,155.062731198162
2799,0,155.062731198162
2800,0,155.82732348083
2801,0,155.317595292384
2802,0,155.572459386607
2803,0,154.807867103939
2804,0,154.807867103939
2805,0,155.317595292384
2806,0,155.572459386607
2807,0,154.807867103939
2808,0,154.807867103939
2809,0,155.572459386607
2810,0,155.317595292384
2811,0,155.317595292384
2812,0,154.807867103939
2813,0,155.572459386607
2814,0,155.572459386607
2815,0,155.317595292384
2816,0,155.82732348083
2817,0,155.572459386607
2818,0,155.572459386607
2819,0,156.337051669276
2820,0,156.337051669276
2821,0,156.337051669276
2822,0,156.082187575053
2823,0,156.591915763499
2824,0,156.591915763499
2825,0,156.337051669276
2826,0,156.082187575053
2827,0,156.591915763499
2828,0,157.101643951944
2829,0,157.101643951944
2830,0,156.591915763499
2831,0,157.101643951944
2832,0,157.61137214039
2833,0,157.356508046167
2834,0,157.101643951944
2835,0,157.101643951944
2836,0,157.356508046167
2837,0,158.121100328836
2838,0,158.375964423059
2839,0,158.121100328836
2840,0,157.61137214039
2841,0,158.630828517282
2842,0,158.121100328836
2843,0,157.866236234613
2844,0,158.375964423059
2845,0,157.61137214039
2846,0,157.866236234613
2847,0,157.866236234613
2848,0,157.866236234613
2849,0,158.375964423059
2850,0,158.630828517282
2851,0,158.375964423059
2852,0,158.375964423059
2853,0,158.375964423059
2854,0,157.866236234613
2855,0,157.61137214039
2856,0,158.375964423059
2857,0,158.375964423059
2858,0,158.121100328836
2859,0,158.375964423059
2860,0,157.356508046167
2861,0,157.356508046167
2862,0,158.121100328836
2863,0,158.121100328836
2864,0,157.866236234613
2865,0,157.866236234613
2866,0,157.356508046167
2867,0,157.101643951944
2868,0,157.866236234613
2869,0,157.101643951944
2870,0,157.61137214039
2871,0,156.846779857722
2872,0,157.61137214039
2873,0,157.101643951944
2874,0,157.101643951944
2875,0,156.591915763499
2876,0,157.101643951944
2877,0,156.846779857722
2878,0,156.846779857722
2879,0,156.846779857722
2880,0,157.101643951944
2881,0,157.101643951944
2882,0,156.337051669276
2883,0,156.591915763499
2884,0,157.101643951944
2885,0,157.101643951944
2886,0,156.082187575053
2887,0,157.101643951944
2888,0,156.591915763499
2889,0,156.846779857722
2890,0,156.591915763499
2891,0,157.101643951944
2892,0,156.082187575053
2893,0,156.846779857722
2894,0,156.591915763499
2895,0,157.101643951944
2896,0,156.082187575053
2897,0,156.846779857722
2898,0,156.591915763499
2899,0,156.082187575053
2900,0,156.846779857722
2901,0,156.082187575053
2902,0,156.337051669276
2903,0,156.591915763499
2904,0,156.591915763499
2905,0,157.101643951944
2906,0,157.101643951944
2907,0,156.337051669276
2908,0,156.591915763499
2909,0,156.846779857722
2910,0,157.101643951944
2911,0,157.101643951944
2912,0,156.591915763499
2913,0,156.846779857722
2914,0,156.846779857722
2915,0,157.866236234613
2916,0,157.356508046167
2917,0,157.101643951944
2918,0,157.61137214039
2919,0,157.866236234613
2920,0,157.61137214039
2921,0,157.61137214039
2922,0,156.846779857722
2923,0,157.866236234613
2924,0,157.61137214039
2925,0,157.101643951944
2926,0,156.846779857722
2927,0,157.101643951944
2928,0,156.846779857722
2929,0,157.61137214039
2930,0,156.846779857722
2931,0,157.101643951944
2932,0,156.846779857722
2933,0,157.356508046167
2934,0,157.61137214039
2935,0,157.61137214039
2936,0,157.356508046167
2937,0,157.356508046167
2938,0,157.101643951944
2939,0,157.101643951944
2940,0,156.846779857722
2941,0,157.61137214039
2942,0,157.866236234613
2943,0,156.846779857722
2944,0,157.101643951944
2945,0,157.61137214039
2946,0,156.846779857722
2947,0,157.866236234613
2948,0,156.846779857722
2949,0,157.866236234613
2950,0,156.846779857722
2951,0,157.101643951944
2952,0,156.591915763499
2953,0,157.101643951944
2954,0,157.61137214039
2955,0,157.61137214039
2956,0,156.846779857722
2957,0,157.101643951944
2958,0,157.356508046167
2959,0,156.591915763499
2960,0,157.61137214039
2961,0,157.356508046167
2962,0,157.101643951944
2963,0,156.846779857722
2964,0,157.866236234613
2965,0,157.101643951944
2966,0,156.846779857722
2967,0,157.356508046167
2968,0,156.591915763499
2969,0,157.356508046167
2970,0,156.591915763499
2971,0,157.61137214039
2972,0,156.846779857722
2973,0,157.356508046167
2974,0,156.591915763499
2975,0,157.356508046167
2976,0,156.591915763499
2977,0,157.101643951944
2978,0,157.356508046167
2979,0,157.101643951944
2980,0,157.356508046167
2981,0,157.101643951944
2982,0,157.61137214039
2983,0,156.846779857722
2984,0,157.61137214039
2985,0,157.356508046167
2986,0,156.846779857722
2987,0,157.356508046167
2988,0,156.591915763499
2989,0,157.356508046167
2990,0,156.337051669276
2991,0,157.61137214039
2992,0,156.591915763499
2993,0,157.356508046167
2994,0,156.591915763499
2995,0,156.846779857722
2996,0,157.101643951944
2997,0,157.356508046167
2998,0,157.101643951944
2999,0,157.356508046167
3000,0,157.101643951944
3001,0,156.591915763499
3002,0,157.61137214039
3003,0,156.337051669276
3004,0,157.61137214039
3005,0,156.591915763499
3006,0,157.61137214039
3007,0,156.337051669276
3008,0,157.356508046167
3009,0,156.591915763499
3010,0,156.846779857722
3011,0,156.846779857722
3012,0,156.591915763499
3013,0,156.846779857722
3014,0,157.356508046167
3015,0,157.356508046167
3016,0,157.356508046167
3017,0,157.61137214039
3018,0,157.101643951944
3019,0,157.866236234613
3020,0,157.866236234613
3021,0,157.356508046167
3022,0,157.866236234613
3023,0,157.866236234613
3024,0,158.121100328836
3025,0,157.356508046167
3026,0,157.866236234613
3027,0,158.121100328836
3028,0,157.866236234613
3029,0,157.866236234613
3030,0,158.121100328836
3031,0,157.866236234613
3032,0,158.885692611504
3033,0,158.375964423059
3034,0,158.121100328836
3035,0,159.140556705727
3036,0,158.630828517282
3037,0,158.630828517282
3038,0,158.885692611504
3039,0,159.140556705727
3040,0,159.650284894173
3041,0,159.39542079995
3042,0,159.650284894173
3043,0,160.160013082619
3044,0,160.414877176842
3045,0,159.905148988396
3046,0,160.414877176842
3047,0,160.414877176842
3048,0,160.669741271064
3049,0,160.414877176842
3050,0,160.414877176842
3051,0,160.669741271064
3052,0,161.434333553733
3053,0,160.669741271064
3054,0,161.689197647956
3055,0,161.944061742179
3056,0,161.434333553733
3057,0,161.944061742179
3058,0,161.689197647956
3059,0,161.689197647956
3060,0,162.198925836402
3061,0,161.944061742179
3062,0,161.689197647956
3063,0,162.453789930624
3064,0,162.198925836402
3065,0,162.198925836402
3066,0,163.218382213293
3067,0,163.218382213293
3068,0,162.96351811907
3069,0,163.728110401739
3070,0,163.728110401739
3071,0,163.473246307516
3072,0,163.473246307516
3073,0,163.982974495962
3074,0,163.728110401739
3075,0,163.982974495962
3076,0,163.982974495962
3077,0,164.237838590184
3078,0,165.002430872853
3079,0,164.492702684407
3080,0,164.74756677863
3081,0,165.257294967076
3082,0,165.002430872853
3083,0,164.74756677863
3084,0,165.002430872853
3085,0,165.002430872853
3086,0,165.257294967076
3087,0,165.257294967076
3088,0,165.767023155522
3089,0,165.512159061299
3090,0,165.512159061299
3091,0,165.767023155522
3092,0,165.767023155522
3093,0,166.53161543819
3094,0,166.786479532413
3095,0,166.786479532413
3096,0,166.786479532413
3097,0,167.041343626636
3098,0,167.296207720859
3099,0,166.53161543819
3100,0,167.551071815082
3101,0,167.551071815082
3102,0,167.551071815082
3103,0,168.060800003527
3104,0,168.060800003527
3105,0,168.060800003527
3106,0,168.31566409775
3107,0,168.31566409775
3108,0,167.805935909304
3109,0,168.060800003527
3110,0,168.825392286196
3111,0,168.825392286196
3112,0,168.825392286196
3113,0,168.570528191973
3114,0,168.570528191973
3115,0,168.825392286196
3116,0,169.589984568864
3117,0,169.335120474642
3118,0,169.589984568864
3119,0,169.589984568864
3120,0,169.335120474642
3121,0,169.589984568864
3122,0,169.844848663087
3123,0,169.589984568864
3124,0,170.09971275731
3125,0,169.589984568864
3126,0,169.589984568864
3127,0,170.09971275731
3128,0,169.589984568864
3129,0,170.609440945756
3130,0,169.844848663087
3131,0,170.609440945756
3132,0,170.864305039979
3133,0,171.119169134201
3134,0,170.609440945756
3135,0,170.609440945756
3136,0,171.119169134201
3137,0,171.628897322647
3138,0,171.119169134201
3139,0,171.88376141687
3140,0,171.628897322647
3141,0,171.374033228424
3142,0,171.88376141687
3143,0,172.393489605316
3144,0,171.88376141687
3145,0,172.138625511093
3146,0,172.138625511093
3147,0,172.138625511093
3148,0,172.903217793761
3149,0,172.903217793761
3150,0,173.158081887984
3151,0,173.158081887984
3152,0,173.412945982207
3153,0,172.903217793761
3154,0,172.648353699539
3155,0,172.903217793761
3156,0,173.158081887984
3157,0,173.922674170653
3158,0,173.158081887984
3159,0,173.922674170653
3160,0,173.66781007643
3161,0,174.177538264876
3162,0,173.922674170653
3163,0,174.687266453321
3164,0,174.177538264876
3165,0,174.687266453321
3166,0,174.942130547544
3167,0,174.177538264876
3168,0,174.942130547544
3169,0,174.432402359099
3170,0,175.196994641767
3171,0,174.687266453321
3172,0,175.196994641767
3173,0,175.45185873599
3174,0,175.196994641767
3175,0,175.706722830213
3176,0,175.961586924436
3177,0,175.961586924436
3178,0,175.45185873599
3179,0,175.706722830213
3180,0,175.706722830213
3181,0,176.471315112881
3182,0,175.706722830213
3183,0,176.471315112881
3184,0,175.961586924436
3185,0,176.216451018659
3186,0,176.216451018659
3187,0,176.981043301327
3188,0,176.471315112881
3189,0,176.471315112881
3190,0,176.981043301327
3191,0,176.981043301327
3192,0,176.726179207104
3193,0,176.981043301327
3194,0,177.23590739555
3195,0,177.23590739555
3196,0,177.23590739555
3197,0,178.000499678219
3198,0,177.490771489773
3199,0,178.255363772441
3200,0,178.255363772441
3201,0,178.000499678219
3202,0,178.255363772441
3203,0,177.745635583996
3204,0,178.255363772441
3205,0,177.745635583996
3206,0,178.765091960887
3207,0,179.01995605511
3208,0,178.255363772441
3209,0,178.255363772441
3210,0,178.255363772441
3211,0,178.510227866664
3212,0,179.274820149333
3213,0,178.765091960887
3214,0,179.529684243556
3215,0,179.529684243556
3216,0,179.01995605511
3217,0,179.529684243556
3218,0,179.784548337779
3219,0,179.274820149333
3220,0,179.274820149333
3221,0,180.294276526224
3222,0,180.294276526224
3223,0,180.294276526224
3224,0,179.784548337779
3225,0,180.039412432001
3226,0,180.294276526224
3227,0,180.039412432001
3228,0,180.294276526224
3229,0,180.549140620447
3230,0,180.549140620447
3231,0,180.80400471467
3232,0,180.80400471467
3233,0,180.549140620447
3234,0,180.549140620447
3235,0,181.568596997339
3236,0,181.058868808893
3237,0,181.313732903116
3238,0,181.058868808893
3239,0,181.313732903116
3240,0,181.823461091561
3241,0,182.078325185784
3242,0,181.823461091561
3243,0,181.313732903116
3244,0,181.313732903116
3245,0,182.078325185784
3246,0,181.823461091561
3247,0,182.333189280007
3248,0,181.823461091561
3249,0,182.078325185784
3250,0,182.333189280007
3251,0,182.078325185784
3252,0,183.097781562676
3253,0,182.842917468453
3254,0,183.352645656899
3255,0,182.58805337423
3256,0,183.097781562676
3257,0,182.58805337423
3258,0,182.842917468453
3259,0,183.352645656899
3260,0,182.842917468453
3261,0,183.607509751121
3262,0,183.607509751121
3263,0,183.352645656899
3264,0,183.607509751121
3265,0,183.607509751121
3266,0,183.607509751121
3267,0,184.117237939567
3268,0,184.117237939567
3269,0,183.862373845344
3270,0,183.862373845344
3271,0,183.862373845344
3272,0,184.626966128013
3273,0,184.117237939567
3274,0,184.37210203379
3275,0,185.136694316459
3276,0,184.626966128013
3277,0,184.881830222236
3278,0,184.881830222236
3279,0,185.136694316459
3280,0,185.391558410681
3281,0,185.136694316459
3282,0,185.391558410681
3283,0,185.646422504904
3284,0,185.901286599127
3285,0,185.901286599127
3286,0,185.391558410681
3287,0,185.391558410681
3288,0,185.646422504904
3289,0,185.646422504904
3290,0,186.15615069335
3291,0,185.901286599127
3292,0,186.15615069335
3293,0,185.901286599127
3294,0,186.411014787573
3295,0,185.901286599127
3296,0,186.665878881796
3297,0,186.15615069335
3298,0,186.15615069335
3299,0,186.15615069335
3300,0,186.920742976019
3301,0,187.175607070241
3302,0,187.430471164464
3303,0,186.665878881796
3304,,187.685335258687
