T,t,relay
31.25,0.0,1.0
33.25,0.0,1.0
34.0,0.0,1.0
34.25,1.0,1.0
35.25,2.0,1.0
35.0,3.0,1.0
35.5,4.0,1.0
36.25,5.0,1.0
36.5,6.0,1.0
37.0,7.0,1.0
36.5,8.0,1.0
37.25,9.0,1.0
38.0,10.0,1.0
37.5,11.0,1.0
38.25,12.0,1.0
38.5,13.0,1.0
38.0,14.0,1.0
38.75,15.0,1.0
39.25,16.0,1.0
39.0,17.0,1.0
39.0,18.0,1.0
40.0,19.0,1.0
39.75,20.0,1.0
40.0,21.0,1.0
40.5,22.0,0.0
40.0,23.0,1.0
40.0,24.0,1.0
41.0,25.0,0.0
40.25,26.0,0.0
40.75,27.0,0.0
41.25,28.0,0.0
41.5,29.0,0.0
41.0,30.0,0.0
41.25,31.0,0.0
41.25,32.0,0.0
41.5,33.0,0.0
41.75,34.0,0.0
42.5,35.0,0.0
42.25,36.0,0.0
42.0,37.0,0.0
42.75,38.0,0.0
42.5,39.0,0.0
42.25,40.0,0.0
42.75,41.0,0.0
42.75,42.0,0.0
43.0,43.0,0.0
43.0,44.0,0.0
43.0,45.0,0.0
42.25,46.0,0.0
42.25,47.0,0.0
42.5,48.0,0.0
42.25,49.0,0.0
43.0,50.0,0.0
42.25,51.0,0.0
42.75,52.0,0.0
42.75,53.0,0.0
42.0,54.0,0.0
42.25,55.0,0.0
42.5,56.0,0.0
42.75,57.0,0.0
42.75,58.0,0.0
43.0,59.0,0.0
42.75,60.0,0.0
42.25,61.0,0.0
42.25,62.0,0.0
42.0,63.0,0.0
42.5,64.0,0.0
42.75,65.0,0.0
42.0,66.0,0.0
41.75,67.0,0.0
41.75,68.0,0.0
42.0,69.0,0.0
42.75,70.0,0.0
42.0,71.0,0.0
42.25,72.0,0.0
42.5,73.0,0.0
42.0,74.0,0.0
41.5,75.0,0.0
42.0,76.0,0.0
42.25,77.0,0.0
42.0,78.0,0.0
42.25,79.0,0.0
42.25,80.0,0.0
42.25,81.0,0.0
41.75,82.0,0.0
42.25,83.0,0.0
41.75,84.0,0.0
41.75,85.0,0.0
41.25,86.0,0.0
41.75,87.0,0.0
41.25,88.0,0.0
41.5,89.0,0.0
42.0,90.0,0.0
41.75,91.0,0.0
41.75,92.0,0.0
41.0,93.0,0.0
41.5,94.0,0.0
41.25,95.0,0.0
41.75,96.0,0.0
40.75,97.0,0.0
41.0,98.0,0.0
40.75,99.0,0.0
41.5,100.0,0.0
41.5,101.0,0.0
41.5,102.0,0.0
41.5,103.0,0.0
41.0,104.0,0.0
40.75,105.0,0.0
41.5,106.0,0.0
41.5,107.0,0.0
41.25,108.0,0.0
41.5,109.0,0.0
41.25,110.0,0.0
41.0,111.0,0.0
41.0,112.0,0.0
40.5,113.0,0.0
41.0,114.0,0.0
40.5,115.0,0.0
40.5,116.0,0.0
41.0,117.0,0.0
41.25,118.0,0.0
40.5,119.0,0.0
40.5,120.0,0.0
41.25,121.0,0.0
40.75,122.0,0.0
41.0,123.0,0.0
40.5,124.0,0.0
40.75,125.0,0.0
40.25,126.0,0.0
40.75,127.0,0.0
41.0,128.0,0.0
41.0,129.0,0.0
40.75,130.0,0.0
41.0,131.0,0.0
40.75,132.0,0.0
40.75,133.0,0.0
40.25,134.0,0.0
40.0,135.0,1.0
41.0,136.0,0.0
40.75,137.0,0.0
40.5,138.0,0.0
40.5,139.0,0.0
40.5,140.0,0.0
40.0,141.0,1.0
41.0,142.0,0.0
40.75,143.0,0.0
40.0,144.0,1.0
41.0,145.0,0.0
40.75,146.0,0.0
40.75,147.0,0.0
40.75,148.0,0.0
40.25,149.0,0.0
40.25,150.0,0.0
40.0,151.0,1.0
40.5,152.0,0.0
40.75,153.0,0.0
40.5,154.0,0.0
40.75,155.0,0.0
40.75,156.0,0.0
41.0,157.0,0.0
40.75,158.0,0.0
40.5,159.0,0.0
40.5,160.0,0.0
40.75,161.0,0.0
40.75,162.0,0.0
41.0,163.0,0.0
40.75,164.0,0.0
40.5,165.0,0.0
41.25,166.0,0.0
41.0,167.0,0.0
41.0,168.0,0.0
40.25,169.0,0.0
40.5,170.0,0.0
40.5,171.0,0.0
40.5,172.0,0.0
41.0,173.0,0.0
40.5,174.0,0.0
40.5,175.0,0.0
40.75,176.0,0.0
40.5,177.0,0.0
40.5,178.0,0.0
40.5,179.0,0.0
41.0,180.0,0.0
40.5,181.0,0.0
41.0,182.0,0.0
41.25,183.0,0.0
40.75,184.0,0.0
41.0,185.0,0.0
40.5,186.0,0.0
40.25,187.0,0.0
40.5,188.0,0.0
41.0,189.0,0.0
40.5,190.0,0.0
40.5,191.0,0.0
40.25,192.0,0.0
41.0,193.0,0.0
40.25,194.0,0.0
40.5,195.0,0.0
40.25,196.0,0.0
40.25,197.0,0.0
41.0,198.0,0.0
40.25,199.0,0.0
41.0,200.0,0.0
41.0,201.0,0.0
40.25,202.0,0.0
40.25,203.0,1.0
41.0,204.0,1.0
40.5,205.0,1.0
40.75,206.0,1.0
41.0,207.0,1.0
41.0,208.0,1.0
40.25,209.0,1.0
40.5,210.0,1.0
40.75,211.0,1.0
41.0,212.0,1.0
41.25,213.0,1.0
41.25,214.0,1.0
41.75,215.0,1.0
41.0,216.0,1.0
41.5,217.0,1.0
42.0,218.0,1.0
42.0,219.0,1.0
42.0,220.0,1.0
41.75,221.0,1.0
42.0,222.0,1.0
42.5,223.0,1.0
42.0,224.0,1.0
43.0,225.0,1.0
43.5,226.0,1.0
42.75,227.0,1.0
43.75,228.0,1.0
43.75,229.0,1.0
43.25,230.0,1.0
44.0,231.0,1.0
44.0,232.0,1.0
44.5,233.0,1.0
44.75,234.0,1.0
44.5,235.0,1.0
44.75,236.0,1.0
45.75,237.0,1.0
45.5,238.0,1.0
45.75,239.0,1.0
45.5,240.0,1.0
46.5,241.0,1.0
46.75,242.0,1.0
46.0,243.0,1.0
46.5,244.0,1.0
47.5,245.0,1.0
47.0,246.0,1.0
47.0,247.0,1.0
47.25,248.0,1.0
48.25,249.0,1.0
48.25,250.0,1.0
48.75,251.0,1.0
48.75,252.0,1.0
49.25,253.0,1.0
49.0,254.0,1.0
49.25,255.0,1.0
49.75,256.0,1.0
49.25,257.0,1.0
49.75,258.0,1.0
49.75,259.0,1.0
50.25,260.0,1.0
50.25,261.0,1.0
51.0,262.0,1.0
51.25,263.0,1.0
51.25,264.0,1.0
51.75,265.0,1.0
51.25,266.0,1.0
52.0,267.0,1.0
52.5,268.0,1.0
52.25,269.0,1.0
52.75,270.0,1.0
52.25,271.0,1.0
52.5,272.0,1.0
52.5,273.0,1.0
53.5,274.0,1.0
53.25,275.0,1.0
53.5,276.0,1.0
53.75,277.0,1.0
54.75,278.0,1.0
54.25,279.0,1.0
54.75,280.0,1.0
54.75,281.0,1.0
55.25,282.0,1.0
55.75,283.0,1.0
55.25,284.0,1.0
55.5,285.0,1.0
56.25,286.0,1.0
56.5,287.0,1.0
56.5,288.0,1.0
57.0,289.0,1.0
56.75,290.0,1.0
56.5,291.0,1.0
57.0,292.0,1.0
57.5,293.0,1.0
58.0,294.0,1.0
57.5,295.0,1.0
57.5,296.0,1.0
58.25,297.0,1.0
57.75,298.0,1.0
58.75,299.0,1.0
58.25,300.0,1.0
59.25,301.0,1.0
59.25,302.0,1.0
59.5,303.0,1.0
59.5,304.0,1.0
59.25,305.0,1.0
60.0,306.0,1.0
59.5,307.0,1.0
60.25,308.0,1.0
60.75,309.0,1.0
60.0,310.0,1.0
60.5,311.0,1.0
60.75,312.0,1.0
61.25,313.0,1.0
61.5,314.0,1.0
61.75,315.0,1.0
62.0,316.0,1.0
62.0,317.0,1.0
61.75,318.0,1.0
62.5,319.0,1.0
62.5,320.0,1.0
62.75,321.0,1.0
63.0,322.0,1.0
63.25,323.0,1.0
63.0,324.0,1.0
63.5,325.0,1.0
63.5,326.0,1.0
63.75,327.0,1.0
63.25,328.0,1.0
64.0,329.0,1.0
63.75,330.0,1.0
64.0,331.0,1.0
64.75,332.0,1.0
64.75,333.0,1.0
64.75,334.0,1.0
65.25,335.0,1.0
64.75,336.0,1.0
65.0,337.0,1.0
66.0,338.0,1.0
66.0,339.0,1.0
65.75,340.0,1.0
66.5,341.0,1.0
65.75,342.0,1.0
66.5,343.0,1.0
66.75,344.0,1.0
66.5,345.0,1.0
67.25,346.0,1.0
67.25,347.0,1.0
66.75,348.0,1.0
67.25,349.0,1.0
67.75,350.0,1.0
68.0,351.0,1.0
67.75,352.0,1.0
68.0,353.0,1.0
68.0,354.0,1.0
69.0,355.0,1.0
69.0,356.0,1.0
69.5,357.0,1.0
69.0,358.0,1.0
69.0,359.0,1.0
69.0,360.0,1.0
69.25,361.0,1.0
70.25,362.0,1.0
70.25,363.0,1.0
70.5,364.0,1.0
70.25,365.0,1.0
70.5,366.0,1.0
70.25,367.0,1.0
70.25,368.0,1.0
71.25,369.0,1.0
70.75,370.0,1.0
71.5,371.0,1.0
71.5,372.0,1.0
71.75,373.0,1.0
71.0,374.0,1.0
71.75,375.0,1.0
72.0,376.0,1.0
71.75,377.0,1.0
71.75,378.0,1.0
72.25,379.0,1.0
72.0,380.0,1.0
73.0,381.0,1.0
72.75,382.0,1.0
72.75,383.0,1.0
73.75,384.0,1.0
73.5,385.0,1.0
73.25,386.0,1.0
73.75,387.0,1.0
73.75,388.0,1.0
74.0,389.0,1.0
74.0,390.0,1.0
74.25,391.0,1.0
74.5,392.0,1.0
74.5,393.0,1.0
75.25,394.0,1.0
75.25,395.0,1.0
75.0,396.0,1.0
75.5,397.0,1.0
75.75,398.0,1.0
76.0,399.0,1.0
75.5,400.0,1.0
76.5,401.0,1.0
76.5,402.0,1.0
77.0,403.0,1.0
76.75,404.0,1.0
77.25,405.0,1.0
76.75,406.0,1.0
77.5,407.0,1.0
77.0,408.0,1.0
77.5,409.0,1.0
78.0,410.0,1.0
78.0,411.0,1.0
78.0,412.0,1.0
78.5,413.0,1.0
78.25,414.0,1.0
78.0,415.0,1.0
78.25,416.0,1.0
78.25,417.0,1.0
78.5,418.0,1.0
79.25,419.0,1.0
79.0,420.0,1.0
78.75,421.0,1.0
79.25,422.0,1.0
79.25,423.0,1.0
79.25,424.0,1.0
79.75,425.0,1.0
79.75,426.0,1.0
80.0,427.0,1.0
80.5,428.0,0.0
80.0,429.0,1.0
80.25,430.0,0.0
80.75,431.0,0.0
80.5,432.0,0.0
80.5,433.0,0.0
81.0,434.0,0.0
80.5,435.0,0.0
80.75,436.0,0.0
81.0,437.0,0.0
81.5,438.0,0.0
81.5,439.0,0.0
80.75,440.0,0.0
80.75,441.0,0.0
81.75,442.0,0.0
81.5,443.0,0.0
81.0,444.0,0.0
81.5,445.0,0.0
81.0,446.0,0.0
80.75,447.0,0.0
81.75,448.0,0.0
81.75,449.0,0.0
81.25,450.0,0.0
81.25,451.0,0.0
81.5,452.0,0.0
80.75,453.0,0.0
81.0,454.0,0.0
81.0,455.0,0.0
80.25,456.0,0.0
81.0,457.0,0.0
80.25,458.0,0.0
81.0,459.0,0.0
80.75,460.0,0.0
80.0,461.0,1.0
80.75,462.0,0.0
80.0,463.0,1.0
80.25,464.0,0.0
80.25,465.0,0.0
80.0,466.0,1.0
80.25,467.0,0.0
79.5,468.0,1.0
80.0,469.0,1.0
79.5,470.0,1.0
80.25,471.0,0.0
79.75,472.0,1.0
80.5,473.0,0.0
80.25,474.0,0.0
80.0,475.0,1.0
79.75,476.0,1.0
79.5,477.0,1.0
80.25,478.0,0.0
79.5,479.0,1.0
79.5,480.0,1.0
80.0,481.0,1.0
80.0,482.0,1.0
79.5,483.0,1.0
79.75,484.0,1.0
79.75,485.0,1.0
80.25,486.0,0.0
79.5,487.0,1.0
80.0,488.0,1.0
80.25,489.0,0.0
79.5,490.0,1.0
80.25,491.0,0.0
80.25,492.0,0.0
80.5,493.0,0.0
80.5,494.0,0.0
80.5,495.0,0.0
79.75,496.0,1.0
80.5,497.0,0.0
80.5,498.0,0.0
80.0,499.0,1.0
80.75,500.0,0.0
80.75,501.0,0.0
80.75,502.0,0.0
80.0,503.0,1.0
80.75,504.0,0.0
80.5,505.0,0.0
80.0,506.0,1.0
80.25,507.0,0.0
80.75,508.0,0.0
80.0,509.0,1.0
80.75,510.0,0.0
80.75,511.0,0.0
80.5,512.0,0.0
81.0,513.0,0.0
80.75,514.0,0.0
80.0,515.0,1.0
80.75,516.0,0.0
80.0,517.0,1.0
80.25,518.0,0.0
80.5,519.0,0.0
80.75,520.0,0.0
80.5,521.0,0.0
81.0,522.0,0.0
80.75,523.0,0.0
80.5,524.0,0.0
80.5,525.0,0.0
80.75,526.0,0.0
79.75,527.0,1.0
80.0,528.0,1.0
80.25,529.0,0.0
80.0,530.0,1.0
80.0,531.0,1.0
80.5,532.0,0.0
80.25,533.0,0.0
80.25,534.0,0.0
80.5,535.0,0.0
79.75,536.0,1.0
80.0,537.0,1.0
80.25,538.0,0.0
80.0,539.0,1.0
80.0,540.0,1.0
79.5,541.0,1.0
79.75,542.0,1.0
79.5,543.0,1.0
80.25,544.0,0.0
80.0,545.0,1.0
79.5,546.0,1.0
80.5,547.0,0.0
80.25,548.0,0.0
80.25,549.0,0.0
80.25,550.0,0.0
80.25,551.0,0.0
80.0,552.0,1.0
80.75,553.0,0.0
79.75,554.0,1.0
80.0,555.0,1.0
80.5,556.0,0.0
80.0,557.0,1.0
80.0,558.0,1.0
80.0,559.0,1.0
80.75,560.0,0.0
80.5,561.0,0.0
79.75,562.0,1.0
80.5,563.0,0.0
80.5,564.0,0.0
80.5,565.0,0.0
80.75,566.0,0.0
80.0,567.0,1.0
80.75,568.0,0.0
80.25,569.0,0.0
80.75,570.0,0.0
80.5,571.0,0.0
80.75,572.0,0.0
80.5,573.0,0.0
80.25,574.0,0.0
80.75,575.0,0.0
81.0,576.0,0.0
80.25,577.0,0.0
80.25,578.0,0.0
80.0,579.0,1.0
80.5,580.0,0.0
80.0,581.0,1.0
80.25,582.0,0.0
80.0,583.0,1.0
80.75,584.0,0.0
79.75,585.0,1.0
80.75,586.0,0.0
80.0,587.0,1.0
80.25,588.0,0.0
80.75,589.0,0.0
81.0,590.0,0.0
80.25,591.0,0.0
80.75,592.0,0.0
80.75,593.0,0.0
80.25,594.0,0.0
80.75,595.0,0.0
80.75,596.0,0.0
80.25,597.0,0.0
80.0,598.0,1.0
80.25,599.0,0.0
80.0,600.0,1.0
80.75,601.0,0.0
80.5,602.0,0.0
80.25,603.0,0.0
80.5,604.0,0.0
80.0,605.0,1.0
80.0,606.0,1.0
80.5,607.0,0.0
80.25,608.0,0.0
80.75,609.0,1.0
80.75,610.0,1.0
80.0,611.0,1.0
80.75,612.0,1.0
80.25,613.0,1.0
80.0,614.0,1.0
80.0,615.0,1.0
81.0,616.0,1.0
80.25,617.0,1.0
80.5,618.0,1.0
80.5,619.0,1.0
81.25,620.0,1.0
80.75,621.0,1.0
81.0,622.0,1.0
81.5,623.0,1.0
81.0,624.0,1.0
81.25,625.0,1.0
81.5,626.0,1.0
82.0,627.0,1.0
81.5,628.0,1.0
81.5,629.0,1.0
81.5,630.0,1.0
82.5,631.0,1.0
82.75,632.0,1.0
82.0,633.0,1.0
83.0,634.0,1.0
82.25,635.0,1.0
83.25,636.0,1.0
83.25,637.0,1.0
83.0,638.0,1.0
83.75,639.0,1.0
83.25,640.0,1.0
83.25,641.0,1.0
84.0,642.0,1.0
84.25,643.0,1.0
84.25,644.0,1.0
83.75,645.0,1.0
84.0,646.0,1.0
84.75,647.0,1.0
84.5,648.0,1.0
85.5,649.0,1.0
85.25,650.0,1.0
85.0,651.0,1.0
86.0,652.0,1.0
85.25,653.0,1.0
85.5,654.0,1.0
86.25,655.0,1.0
86.75,656.0,1.0
86.75,657.0,1.0
86.25,658.0,1.0
86.25,659.0,1.0
87.0,660.0,1.0
87.25,661.0,1.0
86.75,662.0,1.0
87.75,663.0,1.0
87.75,664.0,1.0
88.0,665.0,1.0
88.0,666.0,1.0
88.25,667.0,1.0
87.75,668.0,1.0
88.75,669.0,1.0
88.25,670.0,1.0
88.75,671.0,1.0
89.0,672.0,1.0
89.5,673.0,1.0
89.75,674.0,1.0
89.5,675.0,1.0
90.25,676.0,1.0
89.75,677.0,1.0
89.75,678.0,1.0
90.5,679.0,1.0
91.0,680.0,1.0
90.5,681.0,1.0
91.0,682.0,1.0
91.25,683.0,1.0
90.75,684.0,1.0
91.25,685.0,1.0
91.5,686.0,1.0
91.5,687.0,1.0
92.0,688.0,1.0
92.25,689.0,1.0
92.25,690.0,1.0
92.0,691.0,1.0
92.0,692.0,1.0
92.0,693.0,1.0
93.0,694.0,1.0
93.25,695.0,1.0
92.75,696.0,1.0
93.5,697.0,1.0
93.0,698.0,1.0
93.25,699.0,1.0
93.5,700.0,1.0
94.25,701.0,1.0
94.25,702.0,1.0
93.75,703.0,1.0
94.25,704.0,1.0
94.25,705.0,1.0
94.25,706.0,1.0
94.5,707.0,1.0
95.0,708.0,1.0
95.0,709.0,1.0
95.5,710.0,1.0
95.25,711.0,1.0
95.25,712.0,1.0
95.25,713.0,1.0
96.0,714.0,1.0
96.5,715.0,1.0
96.0,716.0,1.0
96.5,717.0,1.0
96.0,718.0,1.0
96.5,719.0,1.0
97.0,720.0,1.0
97.25,721.0,1.0
96.75,722.0,1.0
97.0,723.0,1.0
97.75,724.0,1.0
97.0,725.0,1.0
97.5,726.0,1.0
98.0,727.0,1.0
98.25,728.0,1.0
98.5,729.0,1.0
98.75,730.0,1.0
98.75,731.0,1.0
98.75,732.0,1.0
99.0,733.0,1.0
98.5,734.0,1.0
99.5,735.0,1.0
99.5,736.0,1.0
99.0,737.0,1.0
99.5,738.0,1.0
99.25,739.0,1.0
100.25,740.0,1.0
100.75,741.0,1.0
100.0,742.0,1.0
100.0,743.0,1.0
100.25,744.0,1.0
101.0,745.0,1.0
101.0,746.0,1.0
101.0,747.0,1.0
101.0,748.0,1.0
101.5,749.0,1.0
101.25,750.0,1.0
101.75,751.0,1.0
101.75,752.0,1.0
101.5,753.0,1.0
101.75,754.0,1.0
101.75,755.0,1.0
102.0,756.0,1.0
102.0,757.0,1.0
102.75,758.0,1.0
102.75,759.0,1.0
102.75,760.0,1.0
103.25,761.0,1.0
102.75,762.0,1.0
103.0,763.0,1.0
103.5,764.0,1.0
104.0,765.0,1.0
103.5,766.0,1.0
104.25,767.0,1.0
103.75,768.0,1.0
104.0,769.0,1.0
104.0,770.0,1.0
104.0,771.0,1.0
104.75,772.0,1.0
104.5,773.0,1.0
104.5,775.0,1.0
104.5,775.0,1.0
105.25,777.0,1.0
104.75,777.0,1.0
105.0,779.0,1.0
105.5,779.0,1.0
105.75,781.0,1.0
105.75,782.0,1.0
105.5,783.0,1.0
105.75,784.0,1.0
105.75,785.0,1.0
105.75,786.0,1.0
106.0,787.0,1.0
106.75,788.0,1.0
106.25,789.0,1.0
106.25,790.0,1.0
107.0,791.0,1.0
107.25,792.0,1.0
107.0,793.0,1.0
107.0,794.0,1.0
107.75,795.0,1.0
107.5,796.0,1.0
107.25,797.0,1.0
107.5,798.0,1.0
108.25,799.0,1.0
107.75,800.0,1.0
108.25,801.0,1.0
108.75,802.0,1.0
108.25,803.0,1.0
108.25,804.0,1.0
108.75,805.0,1.0
108.5,806.0,1.0
108.75,807.0,1.0
109.0,808.0,1.0
109.5,809.0,1.0
109.25,810.0,1.0
110.0,811.0,1.0
110.0,812.0,1.0
109.75,813.0,1.0
110.0,814.0,1.0
110.5,815.0,1.0
110.5,816.0,1.0
110.75,817.0,1.0
110.25,818.0,1.0
110.5,819.0,1.0
111.0,820.0,1.0
110.75,821.0,1.0
111.0,822.0,1.0
111.0,823.0,1.0
111.25,824.0,1.0
111.75,825.0,1.0
111.25,826.0,1.0
111.75,827.0,1.0
112.0,828.0,1.0
112.25,829.0,1.0
112.0,830.0,1.0
112.5,831.0,1.0
112.25,832.0,1.0
112.5,833.0,1.0
112.5,834.0,1.0
113.0,835.0,1.0
112.75,836.0,1.0
113.5,837.0,1.0
112.75,838.0,1.0
113.75,839.0,1.0
113.75,840.0,1.0
113.25,841.0,1.0
114.0,842.0,1.0
113.5,843.0,1.0
114.5,844.0,1.0
114.5,845.0,1.0
113.75,846.0,1.0
114.5,847.0,1.0
114.5,848.0,1.0
115.0,849.0,1.0
114.25,850.0,1.0
115.0,851.0,1.0
114.75,852.0,1.0
115.5,853.0,1.0
115.25,854.0,1.0
115.25,855.0,1.0
115.75,856.0,1.0
116.0,857.0,1.0
115.5,858.0,1.0
116.25,859.0,1.0
115.75,860.0,1.0
116.5,861.0,1.0
116.0,862.0,1.0
116.5,863.0,1.0
116.25,864.0,1.0
117.0,865.0,1.0
117.0,866.0,1.0
117.25,867.0,1.0
117.0,868.0,1.0
117.0,869.0,1.0
117.5,870.0,1.0
117.25,871.0,1.0
117.25,872.0,1.0
117.5,873.0,1.0
118.0,874.0,1.0
117.5,875.0,1.0
117.5,876.0,1.0
118.0,877.0,1.0
118.5,878.0,1.0
118.5,879.0,1.0
118.0,880.0,1.0
118.75,881.0,1.0
118.25,882.0,1.0
118.75,883.0,1.0
118.75,884.0,1.0
118.75,885.0,1.0
119.5,886.0,1.0
118.75,887.0,1.0
119.75,888.0,1.0
119.5,889.0,1.0
119.25,890.0,1.0
119.75,891.0,1.0
119.5,892.0,1.0
120.25,893.0,0.0
119.75,894.0,1.0
119.5,895.0,1.0
119.75,896.0,1.0
120.0,897.0,1.0
119.75,898.0,1.0
121.0,899.0,0.0
120.75,900.0,0.0
120.75,901.0,0.0
121.0,902.0,0.0
120.5,903.0,0.0
120.75,904.0,0.0
120.75,905.0,0.0
121.5,906.0,0.0
120.75,907.0,0.0
121.0,908.0,0.0
121.0,909.0,0.0
121.5,910.0,0.0
121.5,911.0,0.0
121.0,912.0,0.0
121.5,913.0,0.0
121.0,914.0,0.0
121.5,915.0,0.0
120.75,916.0,0.0
121.5,917.0,0.0
121.5,918.0,0.0
120.5,919.0,0.0
121.0,920.0,0.0
120.5,921.0,0.0
120.25,922.0,0.0
120.5,923.0,0.0
120.0,924.0,1.0
121.0,925.0,0.0
120.5,926.0,0.0
120.75,927.0,0.0
120.0,928.0,1.0
120.75,929.0,0.0
120.25,930.0,0.0
119.75,931.0,1.0
120.5,932.0,0.0
119.5,933.0,1.0
119.5,934.0,1.0
119.5,935.0,1.0
119.25,936.0,1.0
119.75,937.0,1.0
120.0,938.0,1.0
119.25,939.0,1.0
119.25,940.0,1.0
119.75,941.0,1.0
119.75,942.0,1.0
119.75,943.0,1.0
119.25,944.0,1.0
119.0,945.0,1.0
119.75,946.0,1.0
120.0,947.0,1.0
119.5,948.0,1.0
120.0,949.0,1.0
119.25,950.0,1.0
120.0,951.0,1.0
119.25,952.0,1.0
120.25,953.0,0.0
119.75,954.0,1.0
120.0,955.0,1.0
119.25,956.0,1.0
120.0,957.0,1.0
120.25,958.0,0.0
119.75,959.0,1.0
119.75,960.0,1.0
120.5,961.0,0.0
120.0,962.0,1.0
120.25,963.0,0.0
119.5,964.0,1.0
120.0,965.0,1.0
120.25,966.0,0.0
120.0,967.0,1.0
119.75,968.0,1.0
120.0,969.0,1.0
120.25,970.0,0.0
120.25,971.0,0.0
120.25,972.0,0.0
120.75,973.0,0.0
120.0,974.0,1.0
120.0,975.0,1.0
120.0,976.0,1.0
120.5,977.0,0.0
119.75,978.0,1.0
120.25,979.0,0.0
120.75,980.0,0.0
120.0,981.0,1.0
120.75,982.0,0.0
120.0,983.0,1.0
120.0,984.0,1.0
119.75,985.0,1.0
120.5,986.0,0.0
120.5,987.0,0.0
119.75,988.0,1.0
120.25,989.0,0.0
120.25,990.0,0.0
119.75,991.0,1.0
120.0,992.0,1.0
120.25,993.0,0.0
120.75,994.0,0.0
119.75,995.0,1.0
120.0,996.0,1.0
120.0,997.0,1.0
120.75,998.0,0.0
119.75,999.0,1.0
120.5,1000.0,0.0
120.5,1001.0,0.0
120.0,1002.0,1.0
120.0,1003.0,1.0
119.5,1004.0,1.0
119.75,1005.0,1.0
120.75,1006.0,0.0
120.0,1007.0,1.0
120.5,1008.0,0.0
119.75,1009.0,1.0
120.0,1010.0,1.0
119.5,1011.0,1.0
120.5,1012.0,0.0
119.75,1013.0,1.0
120.25,1014.0,0.0
119.75,1015.0,1.0
120.5,1016.0,0.0
120.5,1017.0,0.0
120.0,1018.0,1.0
120.5,1019.0,0.0
120.25,1020.0,0.0
119.75,1021.0,1.0
120.0,1022.0,1.0
120.0,1023.0,1.0
120.5,1024.0,0.0
119.75,1025.0,1.0
120.0,1026.0,1.0
120.0,1027.0,1.0
121.0,1028.0,0.0
120.5,1029.0,0.0
120.5,1030.0,0.0
120.0,1031.0,1.0
120.25,1032.0,0.0
120.75,1033.0,0.0
120.75,1034.0,0.0
120.5,1035.0,0.0
120.25,1036.0,0.0
119.75,1037.0,1.0
120.25,1038.0,0.0
120.0,1039.0,1.0
120.75,1040.0,0.0
120.5,1041.0,0.0
120.0,1042.0,1.0
120.25,1043.0,0.0
120.5,1044.0,0.0
120.0,1045.0,1.0
120.75,1046.0,0.0
120.0,1047.0,1.0
120.5,1048.0,0.0
120.75,1049.0,0.0
120.25,1050.0,0.0
120.5,1051.0,0.0
120.5,1052.0,0.0
120.0,1053.0,1.0
120.0,1054.0,1.0
120.5,1055.0,0.0
119.75,1056.0,1.0
120.5,1057.0,0.0
119.75,1058.0,1.0
119.75,1059.0,1.0
119.75,1060.0,1.0
120.0,1061.0,1.0
120.25,1062.0,0.0
119.5,1063.0,1.0
120.25,1064.0,0.0
120.25,1065.0,0.0
120.0,1066.0,1.0
120.5,1067.0,0.0
120.25,1068.0,0.0
119.75,1069.0,1.0
119.75,1070.0,1.0
120.0,1071.0,1.0
119.75,1072.0,1.0
120.25,1073.0,0.0
120.5,1074.0,1.0
120.5,1075.0,1.0
120.25,1076.0,1.0
120.0,1077.0,1.0
120.0,1078.0,1.0
120.0,1079.0,1.0
120.75,1080.0,1.0
120.25,1081.0,1.0
120.75,1082.0,1.0
120.0,1083.0,1.0
120.5,1084.0,1.0
121.25,1085.0,1.0
120.75,1086.0,1.0
120.75,1087.0,1.0
120.5,1088.0,1.0
121.5,1089.0,1.0
120.75,1090.0,1.0
121.75,1091.0,1.0
121.0,1092.0,1.0
121.25,1093.0,1.0
121.75,1094.0,1.0
121.25,1095.0,1.0
122.0,1096.0,1.0
121.75,1097.0,1.0
122.25,1098.0,1.0
122.25,1099.0,1.0
122.5,1100.0,1.0
122.5,1101.0,1.0
122.75,1102.0,1.0
122.75,1103.0,1.0
122.25,1104.0,1.0
123.25,1105.0,1.0
122.75,1106.0,1.0
122.75,1107.0,1.0
122.75,1108.0,1.0
123.75,1109.0,1.0
123.0,1110.0,1.0
123.5,1111.0,1.0
123.25,1112.0,1.0
124.25,1113.0,1.0
124.5,1114.0,1.0
124.25,1115.0,1.0
123.75,1116.0,1.0
124.5,1117.0,1.0
124.25,1118.0,1.0
124.25,1119.0,1.0
125.25,1120.0,1.0
124.75,1121.0,1.0
125.0,1122.0,1.0
125.0,1123.0,1.0
125.0,1124.0,1.0
126.0,1125.0,1.0
125.5,1126.0,1.0
125.5,1127.0,1.0
125.5,1128.0,1.0
126.0,1129.0,1.0
126.0,1130.0,1.0
127.0,1131.0,1.0
126.5,1132.0,1.0
127.25,1133.0,1.0
126.75,1134.0,1.0
127.0,1135.0,1.0
126.75,1136.0,1.0
127.25,1137.0,1.0
127.25,1138.0,1.0
128.0,1139.0,1.0
127.75,1140.0,1.0
127.5,1141.0,1.0
127.75,1142.0,1.0
128.5,1143.0,1.0
128.0,1144.0,1.0
128.25,1145.0,1.0
129.0,1146.0,1.0
128.5,1147.0,1.0
129.0,1148.0,1.0
129.25,1149.0,1.0
129.0,1150.0,1.0
129.0,1151.0,1.0
129.25,1152.0,1.0
130.0,1153.0,1.0
129.5,1154.0,1.0
130.25,1155.0,1.0
130.5,1156.0,1.0
130.0,1157.0,1.0
130.25,1158.0,1.0
130.0,1159.0,1.0
130.5,1160.0,1.0
130.5,1161.0,1.0
130.5,1162.0,1.0
131.25,1163.0,1.0
131.5,1164.0,1.0
131.0,1165.0,1.0
131.75,1166.0,1.0
131.25,1167.0,1.0
131.0,1168.0,1.0
132.0,1169.0,1.0
131.25,1170.0,1.0
132.25,1171.0,1.0
132.25,1172.0,1.0
132.5,1173.0,1.0
132.5,1174.0,1.0
132.0,1175.0,1.0
132.25,1176.0,1.0
132.25,1177.0,1.0
132.25,1178.0,1.0
133.0,1179.0,1.0
133.0,1180.0,1.0
133.25,1181.0,1.0
133.0,1182.0,1.0
133.0,1183.0,1.0
133.75,1184.0,1.0
134.0,1185.0,1.0
134.0,1186.0,1.0
133.75,1187.0,1.0
134.0,1188.0,1.0
134.75,1189.0,1.0
134.75,1190.0,1.0
135.0,1191.0,1.0
134.5,1192.0,1.0
134.75,1193.0,1.0
135.5,1194.0,1.0
135.0,1195.0,1.0
135.5,1196.0,1.0
135.75,1197.0,1.0
135.0,1198.0,1.0
136.0,1199.0,1.0
136.25,1200.0,1.0
136.0,1201.0,1.0
135.5,1202.0,1.0
136.25,1203.0,1.0
136.5,1204.0,1.0
136.5,1205.0,1.0
135.75,1206.0,1.0
136.25,1207.0,1.0
137.0,1208.0,1.0
137.0,1209.0,1.0
137.25,1210.0,1.0
136.75,1211.0,1.0
137.0,1212.0,1.0
137.5,1213.0,1.0
138.0,1214.0,1.0
137.25,1215.0,1.0
137.5,1216.0,1.0
137.5,1217.0,1.0
138.0,1218.0,1.0
138.5,1219.0,1.0
137.75,1220.0,1.0
137.75,1221.0,1.0
138.75,1222.0,1.0
138.5,1223.0,1.0
138.25,1224.0,1.0
138.5,1225.0,1.0
139.5,1226.0,1.0
139.0,1227.0,1.0
139.5,1228.0,1.0
139.0,1229.0,1.0
139.5,1230.0,1.0
139.25,1231.0,1.0
140.0,1232.0,1.0
139.75,1233.0,1.0
140.0,1234.0,1.0
140.25,1235.0,1.0
139.75,1236.0,1.0
139.75,1237.0,1.0
140.25,1238.0,1.0
140.25,1239.0,1.0
140.75,1240.0,1.0
140.0,1241.0,1.0
140.5,1242.0,1.0
140.25,1243.0,1.0
141.25,1244.0,1.0
140.75,1245.0,1.0
141.5,1246.0,1.0
140.75,1247.0,1.0
141.25,1248.0,1.0
141.25,1249.0,1.0
141.25,1250.0,1.0
141.75,1251.0,1.0
142.0,1252.0,1.0
142.25,1253.0,1.0
142.0,1254.0,1.0
142.0,1255.0,1.0
142.0,1256.0,1.0
142.75,1257.0,1.0
143.0,1258.0,1.0
142.5,1259.0,1.0
143.0,1260.0,1.0
142.5,1261.0,1.0
142.75,1262.0,1.0
143.5,1263.0,1.0
143.0,1264.0,1.0
143.25,1265.0,1.0
143.5,1266.0,1.0
143.5,1267.0,1.0
143.5,1268.0,1.0
143.5,1269.0,1.0
143.75,1270.0,1.0
144.0,1271.0,1.0
144.75,1272.0,1.0
144.25,1273.0,1.0
144.0,1274.0,1.0
145.0,1275.0,1.0
144.5,1276.0,1.0
144.5,1277.0,1.0
145.25,1278.0,1.0
145.0,1279.0,1.0
145.0,1280.0,1.0
145.0,1281.0,1.0
145.0,1282.0,1.0
145.0,1283.0,1.0
145.25,1284.0,1.0
145.75,1285.0,1.0
146.25,1286.0,1.0
146.0,1287.0,1.0
146.0,1288.0,1.0
145.75,1289.0,1.0
145.5,1290.0,1.0
146.25,1291.0,1.0
145.75,1292.0,1.0
146.5,1293.0,1.0
146.25,1294.0,1.0
146.75,1295.0,1.0
146.75,1296.0,1.0
146.25,1297.0,1.0
147.0,1298.0,1.0
146.75,1299.0,1.0
147.5,1300.0,1.0
147.0,1301.0,1.0
147.5,1302.0,1.0
147.25,1303.0,1.0
148.0,1304.0,1.0
147.5,1305.0,1.0
147.75,1306.0,1.0
148.25,1307.0,1.0
148.5,1308.0,1.0
147.75,1309.0,1.0
147.75,1310.0,1.0
147.75,1311.0,1.0
148.25,1312.0,1.0
148.75,1313.0,1.0
148.25,1314.0,1.0
148.5,1315.0,1.0
148.75,1316.0,1.0
149.25,1317.0,1.0
149.5,1318.0,1.0
149.25,1319.0,1.0
149.75,1320.0,1.0
149.0,1321.0,1.0
149.25,1322.0,1.0
149.75,1323.0,1.0
150.0,1324.0,1.0
149.5,1325.0,1.0
149.75,1326.0,1.0
149.5,1327.0,1.0
150.0,1328.0,1.0
149.75,1329.0,1.0
150.0,1330.0,1.0
150.75,1331.0,1.0
150.75,1332.0,1.0
151.0,1333.0,1.0
150.5,1334.0,1.0
151.25,1335.0,1.0
151.0,1336.0,1.0
150.5,1337.0,1.0
150.75,1338.0,1.0
151.0,1339.0,1.0
151.0,1340.0,1.0
151.0,1341.0,1.0
151.25,1342.0,1.0
151.5,1343.0,1.0
152.0,1344.0,1.0
151.75,1345.0,1.0
151.75,1346.0,1.0
151.5,1347.0,1.0
152.25,1348.0,1.0
152.5,1349.0,1.0
152.5,1350.0,1.0
152.5,1351.0,1.0
152.25,1352.0,1.0
152.5,1353.0,1.0
152.5,1354.0,1.0
153.25,1355.0,1.0
153.25,1356.0,1.0
152.75,1357.0,1.0
153.0,1358.0,1.0
153.25,1359.0,1.0
153.75,1360.0,1.0
153.0,1361.0,1.0
153.25,1362.0,1.0
154.0,1363.0,1.0
154.0,1364.0,1.0
154.0,1365.0,1.0
154.25,1366.0,1.0
153.75,1367.0,1.0
154.0,1368.0,1.0
154.5,1369.0,1.0
154.25,1370.0,1.0
154.75,1371.0,1.0
154.5,1372.0,1.0
154.25,1373.0,1.0
154.5,1374.0,1.0
155.0,1375.0,1.0
155.25,1376.0,1.0
155.25,1377.0,1.0
155.25,1378.0,1.0
155.5,1379.0,1.0
155.0,1380.0,1.0
155.75,1381.0,1.0
156.0,1382.0,1.0
155.25,1383.0,1.0
156.0,1384.0,1.0
156.25,1385.0,1.0
156.25,1386.0,1.0
155.75,1387.0,1.0
155.75,1388.0,1.0
155.75,1389.0,1.0
156.5,1390.0,1.0
156.25,1391.0,1.0
156.5,1392.0,1.0
156.5,1393.0,1.0
156.75,1394.0,1.0
157.0,1395.0,1.0
156.5,1396.0,1.0
157.0,1397.0,1.0
157.5,1398.0,1.0
157.0,1399.0,1.0
157.5,1400.0,1.0
157.5,1401.0,1.0
157.25,1402.0,1.0
157.0,1403.0,1.0
157.75,1404.0,1.0
158.0,1405.0,1.0
158.25,1406.0,1.0
157.5,1407.0,1.0
158.0,1408.0,1.0
157.75,1409.0,1.0
158.0,1410.0,1.0
158.5,1411.0,1.0
158.0,1412.0,1.0
158.25,1413.0,1.0
158.75,1414.0,1.0
158.5,1415.0,1.0
158.5,1416.0,1.0
159.0,1417.0,1.0
159.25,1418.0,1.0
158.75,1419.0,1.0
159.5,1420.0,1.0
159.0,1421.0,1.0
159.5,1422.0,1.0
159.75,1423.0,1.0
159.75,1424.0,1.0
159.25,1425.0,1.0
160.25,1426.0,0.0
159.75,1427.0,1.0
160.0,1428.0,1.0
159.75,1429.0,1.0
160.5,1430.0,0.0
160.0,1431.0,1.0
160.0,1432.0,1.0
160.25,1433.0,0.0
160.5,1434.0,0.0
160.25,1435.0,0.0
160.5,1436.0,0.0
161.0,1437.0,0.0
160.25,1438.0,0.0
161.0,1439.0,0.0
161.0,1440.0,0.0
160.75,1441.0,0.0
160.75,1442.0,0.0
160.5,1443.0,0.0
160.25,1444.0,0.0
160.0,1445.0,1.0
160.25,1446.0,0.0
160.0,1447.0,1.0
160.5,1448.0,0.0
160.25,1449.0,0.0
160.25,1450.0,0.0
159.75,1451.0,1.0
160.25,1452.0,0.0
159.5,1453.0,1.0
160.25,1454.0,0.0
159.5,1455.0,1.0
160.0,1456.0,1.0
160.0,1457.0,1.0
160.25,1458.0,0.0
159.25,1459.0,1.0
159.75,1460.0,1.0
159.75,1461.0,1.0
160.0,1462.0,1.0
159.5,1463.0,1.0
160.0,1464.0,1.0
159.0,1465.0,1.0
159.25,1466.0,1.0
159.25,1467.0,1.0
159.75,1468.0,1.0
159.25,1469.0,1.0
159.0,1470.0,1.0
159.75,1471.0,1.0
159.0,1472.0,1.0
159.25,1473.0,1.0
159.75,1474.0,1.0
159.25,1475.0,1.0
159.75,1476.0,1.0
159.75,1477.0,1.0
160.0,1478.0,1.0
159.0,1479.0,1.0
159.5,1480.0,1.0
160.0,1481.0,1.0
159.5,1482.0,1.0
159.75,1483.0,1.0
160.0,1484.0,1.0
160.0,1485.0,1.0
160.5,1486.0,0.0
160.0,1487.0,1.0
159.75,1488.0,1.0
160.25,1489.0,0.0
160.0,1490.0,1.0
160.75,1491.0,0.0
160.25,1492.0,0.0
160.5,1493.0,0.0
160.0,1494.0,1.0
160.25,1495.0,0.0
160.5,1496.0,0.0
160.5,1497.0,0.0
160.5,1498.0,0.0
160.25,1499.0,0.0
160.5,1500.0,0.0
160.0,1501.0,1.0
160.0,1502.0,1.0
160.0,1503.0,1.0
160.5,1504.0,0.0
160.0,1505.0,1.0
160.5,1506.0,0.0
160.5,1507.0,0.0
160.25,1508.0,0.0
159.75,1509.0,1.0
160.25,1510.0,0.0
159.5,1511.0,1.0
160.5,1512.0,0.0
159.5,1513.0,1.0
160.25,1514.0,0.0
160.0,1515.0,1.0
160.0,1516.0,1.0
160.0,1517.0,1.0
160.0,1518.0,1.0
159.25,1519.0,1.0
160.0,1520.0,1.0
159.25,1521.0,1.0
160.0,1522.0,1.0
159.25,1523.0,1.0
160.0,1524.0,1.0
159.25,1525.0,1.0
160.0,1526.0,1.0
160.0,1527.0,1.0
160.0,1528.0,1.0
159.25,1529.0,1.0
160.25,1530.0,0.0
159.5,1531.0,1.0
160.25,1532.0,0.0
160.0,1533.0,1.0
159.25,1534.0,1.0
159.75,1535.0,1.0
159.25,1536.0,1.0
159.75,1537.0,1.0
159.75,1538.0,1.0
160.25,1539.0,0.0
160.0,1540.0,1.0
159.5,1541.0,1.0
160.0,1542.0,1.0
160.0,1543.0,1.0
159.5,1544.0,1.0
159.5,1545.0,1.0
160.0,1546.0,1.0
159.75,1547.0,1.0
159.75,1548.0,1.0
160.0,1549.0,1.0
160.25,1550.0,0.0
159.5,1551.0,1.0
160.0,1552.0,1.0
160.0,1553.0,1.0
159.75,1554.0,1.0
159.75,1555.0,1.0
160.25,1556.0,0.0
159.75,1557.0,1.0
160.5,1558.0,0.0
160.25,1559.0,0.0
159.75,1560.0,1.0
160.5,1561.0,0.0
159.75,1562.0,1.0
160.0,1563.0,1.0
160.25,1564.0,0.0
160.75,1565.0,0.0
160.0,1566.0,1.0
160.0,1567.0,1.0
160.0,1568.0,1.0
160.5,1569.0,0.0
160.5,1570.0,0.0
160.0,1571.0,1.0
160.25,1572.0,0.0
160.25,1573.0,0.0
160.0,1574.0,1.0
160.5,1575.0,0.0
160.0,1576.0,1.0
160.25,1577.0,0.0
160.0,1578.0,1.0
160.75,1579.0,0.0
160.25,1580.0,0.0
159.75,1581.0,1.0
160.75,1582.0,0.0
160.25,1583.0,0.0
159.75,1584.0,1.0
160.25,1585.0,0.0
159.75,1586.0,1.0
160.5,1587.0,0.0
160.5,1588.0,0.0
160.5,1589.0,0.0
160.25,1590.0,0.0
159.75,1591.0,1.0
160.0,1592.0,1.0
159.75,1593.0,1.0
160.5,1594.0,0.0
159.75,1595.0,1.0
159.75,1596.0,1.0
160.25,1597.0,0.0
159.5,1598.0,1.0
159.5,1599.0,1.0
160.0,1600.0,1.0
159.5,1601.0,1.0
159.75,1602.0,1.0
160.25,1603.0,0.0
160.0,1604.0,1.0
159.75,1605.0,1.0
159.5,1606.0,1.0
159.5,1607.0,1.0
159.75,1608.0,1.0
160.0,1609.0,1.0
159.75,1610.0,1.0
160.25,1611.0,1.0
160.0,1612.0,1.0
159.75,1613.0,1.0
160.25,1614.0,1.0
160.5,1615.0,1.0
160.25,1616.0,1.0
160.25,1617.0,1.0
160.0,1618.0,1.0
160.25,1619.0,1.0
160.5,1620.0,1.0
160.75,1621.0,1.0
161.0,1622.0,1.0
160.75,1623.0,1.0
160.5,1624.0,1.0
161.25,1625.0,1.0
161.25,1626.0,1.0
161.5,1627.0,1.0
160.75,1628.0,1.0
161.5,1629.0,1.0
161.0,1630.0,1.0
161.0,1631.0,1.0
161.5,1632.0,1.0
161.75,1633.0,1.0
161.75,1634.0,1.0
162.25,1635.0,1.0
162.25,1636.0,1.0
161.75,1637.0,1.0
162.0,1638.0,1.0
162.75,1639.0,1.0
162.75,1640.0,1.0
162.75,1641.0,1.0
162.75,1642.0,1.0
162.75,1643.0,1.0
162.5,1644.0,1.0
162.5,1645.0,1.0
163.25,1646.0,1.0
162.75,1647.0,1.0
162.75,1648.0,1.0
163.0,1649.0,1.0
163.25,1650.0,1.0
163.5,1651.0,1.0
163.5,1652.0,1.0
163.5,1653.0,1.0
163.5,1654.0,1.0
163.75,1655.0,1.0
164.5,1656.0,1.0
164.5,1657.0,1.0
164.75,1658.0,1.0
164.5,1659.0,1.0
164.5,1660.0,1.0
164.5,1661.0,1.0
165.25,1662.0,1.0
165.25,1663.0,1.0
165.0,1664.0,1.0
165.5,1665.0,1.0
165.25,1666.0,1.0
165.75,1667.0,1.0
165.75,1668.0,1.0
165.75,1669.0,1.0
166.25,1670.0,1.0
166.0,1671.0,1.0
166.0,1672.0,1.0
166.25,1673.0,1.0
166.0,1674.0,1.0
166.0,1675.0,1.0
166.75,1676.0,1.0
166.25,1677.0,1.0
166.5,1678.0,1.0
166.5,1679.0,1.0
167.0,1680.0,1.0
166.75,1681.0,1.0
167.5,1682.0,1.0
167.75,1683.0,1.0
167.0,1684.0,1.0
167.5,1685.0,1.0
167.5,1686.0,1.0
167.5,1687.0,1.0
167.75,1688.0,1.0
167.75,1689.0,1.0
168.5,1690.0,1.0
168.25,1691.0,1.0
168.0,1692.0,1.0
168.0,1693.0,1.0
168.75,1694.0,1.0
168.25,1695.0,1.0
168.25,1696.0,1.0
168.25,1697.0,1.0
168.5,1698.0,1.0
169.0,1699.0,1.0
169.5,1700.0,1.0
169.5,1701.0,1.0
169.0,1702.0,1.0
169.5,1703.0,1.0
169.0,1704.0,1.0
169.75,1705.0,1.0
169.75,1706.0,1.0
169.25,1707.0,1.0
169.75,1708.0,1.0
169.75,1709.0,1.0
170.5,1710.0,1.0
170.5,1711.0,1.0
170.0,1712.0,1.0
170.75,1713.0,1.0
170.25,1714.0,1.0
171.0,1715.0,1.0
170.5,1716.0,1.0
170.5,1717.0,1.0
170.75,1718.0,1.0
170.75,1719.0,1.0
171.0,1720.0,1.0
171.5,1721.0,1.0
171.5,1722.0,1.0
171.5,1723.0,1.0
171.0,1724.0,1.0
171.25,1725.0,1.0
171.5,1726.0,1.0
172.0,1727.0,1.0
172.0,1728.0,1.0
171.5,1729.0,1.0
171.75,1730.0,1.0
172.25,1731.0,1.0
172.5,1732.0,1.0
172.0,1733.0,1.0
172.25,1734.0,1.0
173.0,1735.0,1.0
172.5,1736.0,1.0
172.5,1737.0,1.0
172.5,1738.0,1.0
173.0,1739.0,1.0
173.25,1740.0,1.0
172.75,1741.0,1.0
173.75,1742.0,1.0
173.0,1744.0,1.0
173.0,1745.0,1.0
173.25,1745.0,1.0
173.75,1747.0,1.0
173.5,1747.0,1.0
173.75,1749.0,1.0
173.5,1750.0,1.0
174.0,1751.0,1.0
173.75,1752.0,1.0
173.75,1753.0,1.0
174.5,1754.0,1.0
174.5,1754.0,1.0
174.25,1756.0,1.0
175.0,1757.0,1.0
175.0,1758.0,1.0
175.0,1759.0,1.0
175.0,1760.0,1.0
175.25,1761.0,1.0
175.0,1762.0,1.0
175.25,1763.0,1.0
174.75,1764.0,1.0
175.5,1765.0,1.0
175.75,1766.0,1.0
175.5,1767.0,1.0
175.5,1768.0,1.0
175.75,1769.0,1.0
175.5,1770.0,1.0
175.5,1771.0,1.0
176.25,1772.0,1.0
176.0,1773.0,1.0
175.75,1774.0,1.0
176.5,1775.0,1.0
176.75,1776.0,1.0
176.75,1777.0,1.0
177.0,1778.0,1.0
176.5,1779.0,1.0
176.75,1780.0,1.0
177.25,1781.0,1.0
176.75,1782.0,1.0
177.25,1783.0,1.0
176.75,1784.0,1.0
176.75,1785.0,1.0
177.5,1786.0,1.0
177.25,1787.0,1.0
177.75,1788.0,1.0
177.25,1789.0,1.0
178.0,1790.0,1.0
178.0,1791.0,1.0
178.0,1792.0,1.0
178.0,1793.0,1.0
177.5,1794.0,1.0
178.5,1795.0,1.0
178.0,1796.0,1.0
178.5,1797.0,1.0
178.75,1798.0,1.0
178.5,1799.0,1.0
178.5,1800.0,1.0
178.75,1801.0,1.0
178.75,1802.0,1.0
178.75,1803.0,1.0
178.5,1804.0,1.0
179.25,1805.0,1.0
178.75,1806.0,1.0
179.25,1807.0,1.0
179.5,1808.0,1.0
178.75,1809.0,1.0
179.75,1810.0,1.0
179.25,1811.0,1.0
179.25,1812.0,1.0
179.5,1813.0,1.0
179.5,1814.0,1.0
180.0,1815.0,1.0
179.75,1816.0,1.0
180.0,1817.0,1.0
180.25,1818.0,1.0
180.25,1819.0,1.0
180.5,1820.0,1.0
180.5,1821.0,1.0
180.75,1822.0,1.0
181.0,1823.0,1.0
180.25,1824.0,1.0
180.25,1825.0,1.0
180.25,1826.0,1.0
180.25,1827.0,1.0
180.25,1828.0,1.0
181.25,1829.0,1.0
180.5,1830.0,1.0
181.0,1831.0,1.0
181.5,1832.0,1.0
181.5,1833.0,1.0
181.25,1834.0,1.0
181.5,1835.0,1.0
182.0,1836.0,1.0
182.0,1837.0,1.0
181.5,1838.0,1.0
181.5,1839.0,1.0
182.0,1840.0,1.0
181.75,1841.0,1.0
182.5,1842.0,1.0
182.0,1843.0,1.0
182.25,1844.0,1.0
182.25,1845.0,1.0
182.75,1846.0,1.0
182.5,1847.0,1.0
182.5,1848.0,1.0
182.75,1849.0,1.0
182.25,1850.0,1.0
182.75,1851.0,1.0
183.25,1852.0,1.0
182.75,1853.0,1.0
183.25,1854.0,1.0
182.5,1855.0,1.0
183.25,1856.0,1.0
183.5,1857.0,1.0
183.0,1858.0,1.0
183.5,1859.0,1.0
183.5,1860.0,1.0
183.25,1861.0,1.0
183.25,1862.0,1.0
183.0,1863.0,1.0
183.5,1864.0,1.0
183.75,1865.0,1.0
183.75,1866.0,1.0
183.75,1867.0,1.0
183.25,1868.0,1.0
184.0,1869.0,1.0
183.75,1870.0,1.0
184.25,1871.0,1.0
183.75,1872.0,1.0
184.0,1873.0,1.0
184.0,1874.0,1.0
184.5,1875.0,1.0
184.25,1876.0,1.0
184.25,1877.0,1.0
184.5,1878.0,1.0
185.0,1879.0,1.0
184.5,1880.0,1.0
184.5,1881.0,1.0
185.25,1882.0,1.0
185.25,1883.0,1.0
185.25,1884.0,1.0
185.0,1885.0,1.0
185.25,1886.0,1.0
185.5,1887.0,1.0
185.25,1888.0,1.0
185.5,1889.0,1.0
186.0,1890.0,1.0
186.25,1891.0,1.0
186.25,1892.0,1.0
186.5,1893.0,1.0
186.5,1894.0,1.0
186.5,1895.0,1.0
186.0,1896.0,1.0
186.25,1897.0,1.0
186.0,1898.0,1.0
186.25,1899.0,1.0
186.0,1900.0,1.0
186.25,1901.0,1.0
187.0,1902.0,1.0
186.5,1903.0,1.0
186.5,1904.0,1.0
187.25,1905.0,1.0
186.75,1906.0,1.0
187.25,1907.0,1.0
186.75,1908.0,1.0
187.5,1909.0,1.0
186.75,1910.0,1.0
187.75,1911.0,1.0
187.5,1912.0,1.0
187.5,1913.0,1.0
188.0,1914.0,1.0
188.0,1915.0,1.0
188.0,1916.0,1.0
188.0,1917.0,1.0
188.25,1918.0,1.0
187.75,1919.0,1.0
187.5,1920.0,1.0
187.75,1921.0,1.0
188.5,1922.0,1.0
188.5,1923.0,1.0
188.0,1924.0,1.0
188.75,1925.0,1.0
188.25,1926.0,1.0
189.0,1927.0,1.0
188.5,1928.0,1.0
189.25,1929.0,1.0
188.75,1930.0,1.0
188.75,1931.0,1.0
189.0,1932.0,1.0
189.0,1933.0,1.0
188.75,1934.0,1.0
189.5,1935.0,1.0
189.75,1936.0,1.0
189.5,1937.0,1.0
189.5,1938.0,1.0
189.5,1939.0,1.0
189.5,1940.0,1.0
189.75,1941.0,1.0
190.0,1942.0,1.0
189.75,1943.0,1.0
190.25,1944.0,1.0
190.5,1945.0,1.0
190.5,1946.0,1.0
190.0,1947.0,1.0
190.5,1948.0,1.0
190.25,1949.0,1.0
190.75,1950.0,1.0
190.75,1951.0,1.0
190.75,1952.0,1.0
191.0,1953.0,1.0
191.0,1954.0,1.0
190.75,1955.0,1.0
191.0,1956.0,1.0
191.25,1957.0,1.0
190.75,1958.0,1.0
191.0,1959.0,1.0
191.0,1960.0,1.0
191.25,1961.0,1.0
191.0,1962.0,1.0
191.5,1963.0,1.0
191.25,1964.0,1.0
191.5,1965.0,1.0
192.0,1966.0,1.0
192.25,1967.0,1.0
191.5,1968.0,1.0
191.75,1969.0,1.0
191.75,1970.0,1.0
192.25,1971.0,1.0
192.25,1972.0,1.0
192.0,1973.0,1.0
192.25,1974.0,1.0
192.0,1975.0,1.0
192.5,1976.0,1.0
192.0,1977.0,1.0
192.25,1978.0,1.0
192.25,1979.0,1.0
192.25,1980.0,1.0
192.75,1981.0,1.0
192.25,1982.0,1.0
193.0,1983.0,1.0
193.0,1984.0,1.0
192.5,1985.0,1.0
192.75,1986.0,1.0
193.0,1987.0,1.0
193.0,1988.0,1.0
193.0,1989.0,1.0
193.25,1990.0,1.0
193.75,1991.0,1.0
193.75,1992.0,1.0
194.0,1993.0,1.0
193.75,1994.0,1.0
194.0,1995.0,1.0
193.5,1996.0,1.0
194.0,1997.0,1.0
194.25,1998.0,1.0
194.25,1999.0,1.0
193.75,2000.0,1.0
194.5,2001.0,1.0
194.0,2002.0,1.0
194.0,2003.0,1.0
194.5,2004.0,1.0
194.75,2005.0,1.0
194.25,2006.0,1.0
195.0,2007.0,1.0
194.75,2008.0,1.0
195.25,2009.0,1.0
195.25,2010.0,1.0
195.5,2011.0,1.0
195.5,2012.0,1.0
195.0,2013.0,1.0
195.25,2014.0,1.0
195.0,2015.0,1.0
195.5,2016.0,1.0
195.75,2017.0,1.0
195.25,2018.0,1.0
195.5,2019.0,1.0
195.25,2020.0,1.0
195.75,2021.0,1.0
195.25,2022.0,1.0
195.5,2023.0,1.0
196.25,2024.0,1.0
195.75,2025.0,1.0
195.75,2026.0,1.0
195.75,2027.0,1.0
196.5,2028.0,1.0
196.5,2029.0,1.0
196.75,2030.0,1.0
196.75,2031.0,1.0
196.75,2032.0,1.0
196.75,2033.0,1.0
196.5,2034.0,1.0
197.0,2035.0,1.0
197.25,2036.0,1.0
197.25,2037.0,1.0
197.25,2038.0,1.0
196.5,2039.0,1.0
197.25,2040.0,1.0
197.0,2041.0,1.0
197.0,2042.0,1.0
196.75,2043.0,1.0
197.0,2044.0,1.0
197.5,2045.0,1.0
197.25,2046.0,1.0
197.75,2047.0,1.0
197.25,2048.0,1.0
197.5,2049.0,1.0
197.25,2050.0,1.0
197.5,2051.0,1.0
198.25,2052.0,1.0
197.75,2053.0,1.0
198.0,2054.0,1.0
198.25,2055.0,1.0
197.75,2056.0,1.0
198.5,2057.0,1.0
198.0,2058.0,1.0
198.5,2059.0,1.0
198.5,2060.0,1.0
198.5,2061.0,1.0
198.5,2062.0,1.0
198.25,2063.0,1.0
198.75,2064.0,1.0
199.25,2065.0,1.0
198.75,2066.0,1.0
199.0,2067.0,1.0
198.75,2068.0,1.0
199.25,2069.0,1.0
199.0,2070.0,1.0
199.5,2071.0,1.0
199.5,2072.0,1.0
199.5,2073.0,1.0
199.5,2074.0,1.0
199.5,2075.0,1.0
200.25,2076.0,0.0
200.0,2077.0,1.0
199.75,2078.0,1.0
199.5,2079.0,1.0
199.75,2080.0,1.0
199.75,2081.0,1.0
200.25,2082.0,0.0
199.75,2083.0,1.0
200.5,2084.0,0.0
200.5,2085.0,0.0
200.5,2086.0,0.0
200.25,2087.0,0.0
200.25,2088.0,0.0
200.75,2089.0,0.0
200.25,2090.0,0.0
200.75,2091.0,0.0
200.0,2092.0,1.0
200.75,2093.0,0.0
201.0,2094.0,0.0
201.0,2095.0,0.0
200.25,2096.0,0.0
200.25,2097.0,0.0
200.0,2098.0,1.0
200.75,2099.0,0.0
200.5,2100.0,0.0
200.5,2101.0,0.0
200.25,2102.0,0.0
200.0,2103.0,1.0
200.5,2104.0,0.0
200.25,2105.0,0.0
199.75,2106.0,1.0
199.75,2107.0,1.0
200.25,2108.0,0.0
199.75,2109.0,1.0
200.0,2110.0,1.0
199.0,2111.0,1.0
200.0,2112.0,1.0
199.25,2113.0,1.0
199.25,2114.0,1.0
199.0,2115.0,1.0
199.5,2116.0,1.0
199.0,2117.0,1.0
199.0,2118.0,1.0
199.5,2119.0,1.0
198.75,2120.0,1.0
199.75,2121.0,1.0
199.0,2122.0,1.0
199.75,2123.0,1.0
199.5,2124.0,1.0
199.25,2125.0,1.0
199.25,2126.0,1.0
199.25,2127.0,1.0
199.5,2128.0,1.0
199.75,2129.0,1.0
199.25,2130.0,1.0
199.75,2131.0,1.0
199.25,2132.0,1.0
199.0,2133.0,1.0
199.5,2134.0,1.0
199.75,2135.0,1.0
199.25,2136.0,1.0
200.0,2137.0,1.0
199.75,2138.0,1.0
199.5,2139.0,1.0
199.75,2140.0,1.0
199.75,2141.0,1.0
199.75,2142.0,1.0
199.5,2143.0,1.0
200.25,2144.0,0.0
200.0,2145.0,1.0
200.0,2146.0,1.0
200.0,2147.0,1.0
200.0,2148.0,1.0
200.25,2149.0,0.0
200.25,2150.0,0.0
199.75,2151.0,1.0
200.75,2152.0,0.0
200.25,2153.0,0.0
200.25,2154.0,0.0
200.0,2155.0,1.0
200.0,2156.0,1.0
200.5,2157.0,0.0
200.0,2158.0,1.0
200.0,2159.0,1.0
199.75,2160.0,1.0
200.75,2161.0,0.0
200.25,2162.0,0.0
200.5,2163.0,0.0
200.75,2164.0,0.0
200.0,2165.0,1.0
200.5,2166.0,0.0
199.75,2167.0,1.0
200.25,2168.0,0.0
200.5,2169.0,0.0
199.75,2170.0,1.0
200.25,2171.0,0.0
200.0,2172.0,1.0
200.0,2173.0,1.0
200.25,2174.0,0.0
199.5,2175.0,1.0
199.75,2176.0,1.0
199.5,2177.0,1.0
199.5,2178.0,1.0
199.75,2179.0,1.0
199.5,2180.0,1.0
200.25,2181.0,0.0
199.75,2182.0,1.0
199.25,2183.0,1.0
199.5,2184.0,1.0
199.5,2185.0,1.0
199.5,2186.0,1.0
199.5,2187.0,1.0
199.5,2188.0,1.0
199.25,2189.0,1.0
199.5,2190.0,1.0
200.0,2191.0,1.0
199.75,2192.0,1.0
199.5,2193.0,1.0
199.5,2194.0,1.0
200.25,2195.0,0.0
200.0,2196.0,1.0
199.5,2197.0,1.0
199.5,2198.0,1.0
199.75,2199.0,1.0
199.5,2200.0,1.0
199.75,2201.0,1.0
200.0,2202.0,1.0
199.5,2203.0,1.0
200.25,2204.0,0.0
199.75,2205.0,1.0
200.25,2206.0,0.0
200.5,2207.0,0.0
199.75,2208.0,1.0
200.25,2209.0,0.0
200.5,2210.0,0.0
200.0,2211.0,1.0
200.0,2212.0,1.0
200.0,2213.0,1.0
200.25,2214.0,0.0
200.5,2215.0,0.0
200.0,2216.0,1.0
200.75,2217.0,0.0
200.0,2218.0,1.0
200.25,2219.0,0.0
200.5,2220.0,0.0
199.75,2221.0,1.0
200.75,2222.0,0.0
200.0,2223.0,1.0
200.75,2224.0,0.0
200.5,2225.0,0.0
200.0,2226.0,1.0
200.75,2227.0,0.0
200.5,2228.0,0.0
199.75,2229.0,1.0
200.5,2230.0,0.0
200.0,2231.0,1.0
200.25,2232.0,0.0
200.0,2233.0,1.0
199.75,2234.0,1.0
200.5,2235.0,0.0
199.75,2236.0,1.0
199.75,2237.0,1.0
200.5,2238.0,0.0
200.0,2239.0,1.0
199.75,2240.0,1.0
199.5,2241.0,1.0
200.5,2242.0,0.0
199.5,2243.0,1.0
200.25,2244.0,0.0
200.25,2245.0,0.0
200.0,2246.0,1.0
199.5,2247.0,1.0
200.0,2248.0,1.0
200.0,2249.0,1.0
200.0,2250.0,1.0
199.75,2251.0,1.0
200.25,2252.0,0.0
199.25,2253.0,1.0
199.75,2254.0,1.0
200.25,2255.0,0.0
199.5,2256.0,1.0
200.0,2257.0,0.0
199.5,2258.0,0.0
199.25,2259.0,0.0
200.0,2260.0,0.0
199.5,2261.0,0.0
199.5,2262.0,0.0
199.25,2263.0,0.0
199.25,2264.0,0.0
199.75,2265.0,0.0
200.0,2266.0,0.0
199.75,2267.0,0.0
199.25,2268.0,0.0
199.0,2269.0,0.0
199.25,2270.0,0.0
199.5,2271.0,0.0
199.75,2272.0,0.0
199.0,2273.0,0.0
199.5,2274.0,0.0
199.0,2275.0,0.0
199.0,2276.0,0.0
198.75,2277.0,0.0
199.0,2278.0,0.0
198.75,2279.0,0.0
198.5,2280.0,0.0
198.75,2281.0,0.0
199.0,2282.0,0.0
198.25,2283.0,0.0
198.75,2284.0,0.0
198.25,2285.0,0.0
198.0,2286.0,0.0
198.0,2287.0,0.0
198.0,2288.0,0.0
197.75,2289.0,0.0
197.5,2290.0,0.0
197.25,2291.0,0.0
197.75,2292.0,0.0
197.5,2293.0,0.0
197.75,2294.0,0.0
197.5,2295.0,0.0
197.25,2296.0,0.0
197.25,2297.0,0.0
197.0,2298.0,0.0
197.25,2299.0,0.0
196.75,2300.0,0.0
196.5,2301.0,0.0
196.0,2302.0,0.0
196.5,2303.0,0.0
196.25,2304.0,0.0
195.75,2305.0,0.0
195.75,2306.0,0.0
196.0,2307.0,0.0
196.0,2308.0,0.0
195.25,2309.0,0.0
195.75,2310.0,0.0
195.25,2311.0,0.0
195.25,2312.0,0.0
195.75,2313.0,0.0
195.5,2314.0,0.0
194.75,2315.0,0.0
195.5,2316.0,0.0
195.0,2317.0,0.0
195.25,2318.0,0.0
194.5,2319.0,0.0
194.5,2320.0,0.0
194.0,2321.0,0.0
194.25,2322.0,0.0
194.0,2323.0,0.0
194.5,2324.0,0.0
193.75,2325.0,0.0
193.75,2326.0,0.0
193.5,2327.0,0.0
193.5,2328.0,0.0
194.0,2329.0,0.0
194.0,2330.0,0.0
193.25,2331.0,0.0
193.0,2332.0,0.0
192.75,2333.0,0.0
193.25,2334.0,0.0
193.25,2335.0,0.0
192.5,2336.0,0.0
193.25,2337.0,0.0
193.0,2338.0,0.0
192.75,2339.0,0.0
192.75,2340.0,0.0
192.5,2341.0,0.0
192.5,2342.0,0.0
192.75,2343.0,0.0
192.0,2344.0,0.0
191.75,2345.0,0.0
192.0,2346.0,0.0
192.25,2347.0,0.0
192.0,2348.0,0.0
191.75,2349.0,0.0
191.0,2350.0,0.0
191.5,2351.0,0.0
191.5,2352.0,0.0
191.5,2353.0,0.0
190.5,2354.0,0.0
191.0,2355.0,0.0
191.0,2356.0,0.0
190.5,2357.0,0.0
190.25,2358.0,0.0
190.75,2359.0,0.0
190.5,2360.0,0.0
190.25,2361.0,0.0
190.5,2362.0,0.0
189.75,2363.0,0.0
190.25,2364.0,0.0
189.5,2365.0,0.0
189.5,2366.0,0.0
190.0,2367.0,0.0
189.5,2368.0,0.0
189.25,2369.0,0.0
189.5,2370.0,0.0
189.25,2371.0,0.0
188.75,2372.0,0.0
189.25,2373.0,0.0
189.25,2374.0,0.0
189.0,2375.0,0.0
188.5,2376.0,0.0
189.25,2377.0,0.0
188.75,2378.0,0.0
189.0,2379.0,0.0
188.25,2380.0,0.0
188.25,2381.0,0.0
188.75,2382.0,0.0
188.0,2383.0,0.0
188.25,2384.0,0.0
187.75,2385.0,0.0
187.75,2386.0,0.0
187.5,2387.0,0.0
187.5,2388.0,0.0
187.5,2389.0,0.0
188.0,2390.0,0.0
187.25,2391.0,0.0
187.25,2392.0,0.0
187.25,2393.0,0.0
187.5,2394.0,0.0
187.5,2395.0,0.0
187.25,2396.0,0.0
186.75,2397.0,0.0
186.75,2398.0,0.0
187.5,2399.0,0.0
187.0,2400.0,0.0
187.25,2401.0,0.0
186.25,2402.0,0.0
186.25,2403.0,0.0
186.75,2404.0,0.0
186.0,2405.0,0.0
186.75,2406.0,0.0
186.5,2407.0,0.0
185.75,2408.0,0.0
186.25,2409.0,0.0
185.75,2410.0,0.0
186.0,2411.0,0.0
185.75,2412.0,0.0
186.0,2413.0,0.0
186.0,2414.0,0.0
185.75,2415.0,0.0
185.75,2416.0,0.0
185.0,2417.0,0.0
185.25,2418.0,0.0
185.75,2419.0,0.0
184.75,2420.0,0.0
185.25,2421.0,0.0
184.75,2422.0,0.0
184.5,2423.0,0.0
184.5,2424.0,0.0
185.0,2425.0,0.0
184.75,2426.0,0.0
185.0,2427.0,0.0
185.0,2428.0,0.0
184.75,2429.0,0.0
184.0,2430.0,0.0
184.5,2431.0,0.0
184.25,2432.0,0.0
184.25,2433.0,0.0
184.25,2434.0,0.0
184.25,2435.0,0.0
184.25,2436.0,0.0
183.25,2437.0,0.0
184.0,2438.0,0.0
183.75,2439.0,0.0
184.0,2440.0,0.0
183.5,2441.0,0.0
183.25,2442.0,0.0
183.0,2443.0,0.0
183.5,2444.0,0.0
182.75,2445.0,0.0
182.5,2446.0,0.0
183.0,2447.0,0.0
183.0,2448.0,0.0
182.5,2449.0,0.0
182.25,2450.0,0.0
183.0,2451.0,0.0
182.5,2452.0,0.0
182.25,2453.0,0.0
182.25,2454.0,0.0
182.75,2455.0,0.0
182.0,2456.0,0.0
181.75,2457.0,0.0
181.75,2458.0,0.0
181.5,2459.0,0.0
181.75,2460.0,0.0
181.5,2461.0,0.0
182.0,2462.0,0.0
181.25,2463.0,0.0
181.75,2464.0,0.0
182.0,2465.0,0.0
181.25,2466.0,0.0
181.75,2467.0,0.0
181.25,2468.0,0.0
181.0,2469.0,0.0
181.0,2470.0,0.0
181.0,2471.0,0.0
180.5,2472.0,0.0
181.0,2473.0,0.0
180.5,2474.0,0.0
180.75,2475.0,0.0
181.0,2476.0,0.0
180.25,2477.0,0.0
180.25,2478.0,0.0
180.25,2479.0,0.0
180.0,2480.0,0.0
180.25,2481.0,0.0
180.0,2482.0,0.0
180.5,2483.0,0.0
179.75,2484.0,0.0
180.25,2485.0,0.0
180.25,2486.0,0.0
179.5,2487.0,0.0
179.25,2488.0,0.0
179.0,2489.0,0.0
179.75,2490.0,0.0
179.75,2491.0,0.0
179.0,2492.0,0.0
179.0,2493.0,0.0
178.75,2494.0,0.0
178.75,2495.0,0.0
179.25,2496.0,0.0
179.25,2497.0,0.0
179.0,2498.0,0.0
179.0,2499.0,0.0
178.25,2500.0,0.0
178.75,2501.0,0.0
178.75,2502.0,0.0
178.75,2503.0,0.0
178.0,2504.0,0.0
178.25,2505.0,0.0
178.0,2506.0,0.0
178.25,2507.0,0.0
178.25,2508.0,0.0
178.0,2509.0,0.0
178.0,2510.0,0.0
177.5,2511.0,0.0
178.0,2512.0,0.0
178.0,2513.0,0.0
177.75,2514.0,0.0
177.25,2515.0,0.0
177.75,2516.0,0.0
177.25,2517.0,0.0
177.5,2518.0,0.0
177.5,2519.0,0.0
177.25,2520.0,0.0
177.5,2521.0,0.0
176.5,2522.0,0.0
176.5,2523.0,0.0
176.5,2524.0,0.0
176.75,2525.0,0.0
177.25,2526.0,0.0
177.0,2527.0,0.0
177.0,2528.0,0.0
176.5,2529.0,0.0
176.75,2530.0,0.0
176.5,2531.0,0.0
176.75,2532.0,0.0
176.0,2533.0,0.0
176.0,2534.0,0.0
175.5,2535.0,0.0
175.75,2536.0,0.0
176.0,2537.0,0.0
176.25,2538.0,0.0
175.5,2539.0,0.0
175.25,2540.0,0.0
175.5,2541.0,0.0
175.5,2542.0,0.0
175.5,2543.0,0.0
175.0,2544.0,0.0
175.5,2545.0,0.0
175.5,2546.0,0.0
174.75,2547.0,0.0
174.75,2548.0,0.0
175.25,2549.0,0.0
175.0,2550.0,0.0
174.75,2551.0,0.0
174.5,2552.0,0.0
174.75,2553.0,0.0
175.0,2554.0,0.0
174.5,2555.0,0.0
174.5,2556.0,0.0
174.5,2557.0,0.0
174.75,2558.0,0.0
174.75,2559.0,0.0
174.0,2560.0,0.0
174.25,2561.0,0.0
174.5,2562.0,0.0
173.5,2563.0,0.0
173.75,2564.0,0.0
173.25,2565.0,0.0
174.0,2566.0,0.0
173.5,2567.0,0.0
174.0,2568.0,0.0
173.25,2569.0,0.0
173.0,2570.0,0.0
173.0,2571.0,0.0
173.0,2572.0,0.0
172.75,2573.0,0.0
172.75,2574.0,0.0
172.75,2575.0,0.0
173.25,2576.0,0.0
173.0,2577.0,0.0
173.0,2578.0,0.0
173.0,2579.0,0.0
172.75,2580.0,0.0
173.0,2581.0,0.0
172.75,2582.0,0.0
172.25,2583.0,0.0
172.0,2584.0,0.0
172.25,2585.0,0.0
172.5,2586.0,0.0
172.0,2587.0,0.0
171.75,2588.0,0.0
172.25,2589.0,0.0
172.5,2590.0,0.0
171.75,2591.0,0.0
171.5,2592.0,0.0
171.75,2593.0,0.0
172.0,2594.0,0.0
172.0,2595.0,0.0
172.0,2596.0,0.0
172.0,2597.0,0.0
172.0,2598.0,0.0
171.25,2599.0,0.0
171.75,2600.0,0.0
171.0,2601.0,0.0
171.25,2602.0,0.0
171.5,2603.0,0.0
171.25,2604.0,0.0
170.5,2605.0,0.0
171.0,2606.0,0.0
170.5,2607.0,0.0
171.0,2608.0,0.0
171.0,2609.0,0.0
171.0,2610.0,0.0
171.0,2611.0,0.0
170.25,2612.0,0.0
170.0,2613.0,0.0
170.0,2614.0,0.0
169.75,2615.0,0.0
170.5,2616.0,0.0
169.75,2618.0,0.0
169.75,2618.0,0.0
169.75,2619.0,0.0
169.75,2620.0,0.0
170.25,2621.0,0.0
170.25,2622.0,0.0
169.25,2623.0,0.0
169.25,2624.0,0.0
170.0,2625.0,0.0
169.5,2626.0,0.0
169.75,2627.0,0.0
169.25,2628.0,0.0
169.5,2629.0,0.0
169.0,2630.0,0.0
169.0,2631.0,0.0
169.0,2632.0,0.0
169.25,2634.0,0.0
169.5,2634.0,0.0
169.0,2636.0,0.0
168.75,2636.0,0.0
169.25,2637.0,0.0
168.75,2639.0,0.0
168.25,2640.0,0.0
168.75,2641.0,0.0
168.5,2641.0,0.0
169.0,2643.0,0.0
168.75,2644.0,0.0
168.5,2645.0,0.0
168.5,2646.0,0.0
168.5,2647.0,0.0
168.5,2648.0,0.0
168.25,2649.0,0.0
168.5,2650.0,0.0
167.75,2651.0,0.0
168.25,2652.0,0.0
167.5,2653.0,0.0
167.5,2654.0,0.0
167.5,2655.0,0.0
167.25,2656.0,0.0
167.5,2657.0,0.0
167.25,2658.0,0.0
167.75,2659.0,0.0
167.75,2660.0,0.0
167.25,2661.0,0.0
167.75,2662.0,0.0
166.75,2663.0,0.0
167.5,2664.0,0.0
167.5,2665.0,0.0
167.5,2666.0,0.0
167.25,2667.0,0.0
166.5,2668.0,0.0
166.5,2669.0,0.0
167.0,2670.0,0.0
166.5,2671.0,0.0
166.25,2672.0,0.0
166.5,2673.0,0.0
166.0,2674.0,0.0
166.75,2675.0,0.0
166.5,2676.0,0.0
166.0,2677.0,0.0
166.5,2678.0,0.0
165.75,2679.0,0.0
166.5,2680.0,0.0
166.5,2681.0,0.0
165.75,2682.0,0.0
166.25,2683.0,0.0
165.25,2684.0,0.0
165.5,2685.0,0.0
165.75,2686.0,0.0
166.0,2687.0,0.0
165.25,2688.0,0.0
165.0,2689.0,0.0
165.75,2690.0,0.0
165.5,2691.0,0.0
164.75,2692.0,0.0
164.75,2693.0,0.0
164.5,2694.0,0.0
165.25,2695.0,0.0
165.0,2696.0,0.0
165.25,2697.0,0.0
164.5,2698.0,0.0
164.5,2699.0,0.0
164.75,2700.0,0.0
164.0,2701.0,0.0
164.75,2702.0,0.0
164.25,2703.0,0.0
164.5,2704.0,0.0
164.0,2705.0,0.0
164.25,2706.0,0.0
164.0,2707.0,0.0
163.5,2708.0,0.0
163.75,2709.0,0.0
163.75,2710.0,0.0
163.5,2711.0,0.0
164.0,2712.0,0.0
163.25,2713.0,0.0
163.5,2714.0,0.0
164.0,2715.0,0.0
163.75,2716.0,0.0
163.0,2717.0,0.0
163.25,2718.0,0.0
163.5,2719.0,0.0
163.75,2720.0,0.0
163.0,2721.0,0.0
163.0,2722.0,0.0
162.75,2723.0,0.0
162.75,2724.0,0.0
163.25,2725.0,0.0
163.0,2726.0,0.0
162.5,2727.0,0.0
162.5,2728.0,0.0
162.25,2729.0,0.0
162.5,2730.0,0.0
163.0,2731.0,0.0
162.5,2732.0,0.0
162.25,2733.0,0.0
162.75,2734.0,0.0
162.0,2735.0,0.0
162.0,2736.0,0.0
162.0,2737.0,0.0
162.25,2738.0,0.0
162.0,2739.0,0.0
162.25,2740.0,0.0
161.75,2741.0,0.0
162.25,2742.0,0.0
161.75,2743.0,0.0
162.0,2744.0,0.0
161.5,2745.0,0.0
161.75,2746.0,0.0
161.5,2747.0,0.0
161.25,2748.0,0.0
161.25,2749.0,0.0
161.25,2750.0,0.0
161.25,2751.0,0.0
161.0,2752.0,0.0
160.75,2753.0,0.0
160.75,2754.0,0.0
160.5,2755.0,0.0
160.75,2756.0,0.0
161.25,2757.0,0.0
160.5,2758.0,0.0
161.0,2759.0,0.0
160.75,2760.0,0.0
160.75,2761.0,0.0
160.75,2762.0,0.0
161.0,2763.0,0.0
160.5,2764.0,0.0
159.75,2765.0,0.0
160.5,2766.0,0.0
160.25,2767.0,0.0
160.5,2768.0,0.0
160.25,2769.0,0.0
159.5,2770.0,0.0
159.75,2771.0,0.0
160.25,2772.0,0.0
159.75,2773.0,0.0
160.25,2774.0,0.0
160.0,2775.0,0.0
160.25,2776.0,0.0
159.5,2777.0,0.0
159.25,2778.0,0.0
159.0,2779.0,0.0
159.0,2780.0,0.0
159.0,2781.0,0.0
159.25,2782.0,0.0
159.5,2783.0,0.0
159.0,2784.0,0.0
159.25,2785.0,0.0
159.25,2786.0,0.0
159.0,2787.0,0.0
158.5,2788.0,0.0
159.25,2789.0,0.0
158.75,2790.0,0.0
159.25,2791.0,0.0
158.25,2792.0,0.0
158.5,2793.0,0.0
158.25,2794.0,0.0
158.75,2795.0,0.0
159.0,2796.0,0.0
158.75,2797.0,0.0
158.25,2798.0,0.0
158.25,2799.0,0.0
159.0,2800.0,0.0
158.5,2801.0,0.0
158.75,2802.0,0.0
158.0,2803.0,0.0
158.0,2804.0,0.0
158.5,2805.0,0.0
158.75,2806.0,0.0
158.0,2807.0,0.0
158.0,2808.0,0.0
158.75,2809.0,0.0
158.5,2810.0,0.0
158.5,2811.0,0.0
158.0,2812.0,0.0
158.75,2813.0,0.0
158.75,2814.0,0.0
158.5,2815.0,0.0
159.0,2816.0,0.0
158.75,2817.0,0.0
158.75,2818.0,0.0
159.5,2819.0,0.0
159.5,2820.0,0.0
159.5,2821.0,0.0
159.25,2822.0,0.0
159.75,2823.0,0.0
159.75,2824.0,0.0
159.5,2825.0,0.0
159.25,2826.0,0.0
159.75,2827.0,0.0
160.25,2828.0,0.0
160.25,2829.0,0.0
159.75,2830.0,0.0
160.25,2831.0,0.0
160.75,2832.0,0.0
160.5,2833.0,0.0
160.25,2834.0,0.0
160.25,2835.0,0.0
160.5,2836.0,0.0
161.25,2837.0,0.0
161.5,2838.0,0.0
161.25,2839.0,0.0
160.75,2840.0,0.0
161.75,2841.0,0.0
161.25,2842.0,0.0
161.0,2843.0,0.0
161.5,2844.0,0.0
160.75,2845.0,0.0
161.0,2846.0,0.0
161.0,2847.0,0.0
161.0,2848.0,0.0
161.5,2849.0,0.0
161.75,2850.0,0.0
161.5,2851.0,0.0
161.5,2852.0,0.0
161.5,2853.0,0.0
161.0,2854.0,0.0
160.75,2855.0,0.0
161.5,2856.0,0.0
161.5,2857.0,0.0
161.25,2858.0,0.0
161.5,2859.0,0.0
160.5,2860.0,0.0
160.5,2861.0,0.0
161.25,2862.0,0.0
161.25,2863.0,0.0
161.0,2864.0,0.0
161.0,2865.0,0.0
160.5,2866.0,0.0
160.25,2867.0,0.0
161.0,2868.0,0.0
160.25,2869.0,0.0
160.75,2870.0,0.0
160.0,2871.0,0.0
160.75,2872.0,0.0
160.25,2873.0,0.0
160.25,2874.0,0.0
159.75,2875.0,0.0
160.25,2876.0,0.0
160.0,2877.0,0.0
160.0,2878.0,0.0
160.0,2879.0,0.0
160.25,2880.0,0.0
160.25,2881.0,0.0
159.5,2882.0,0.0
159.75,2883.0,0.0
160.25,2884.0,0.0
160.25,2885.0,0.0
159.25,2886.0,0.0
160.25,2887.0,0.0
159.75,2888.0,0.0
160.0,2889.0,0.0
159.75,2890.0,0.0
160.25,2891.0,0.0
159.25,2892.0,0.0
160.0,2893.0,0.0
159.75,2894.0,0.0
160.25,2895.0,0.0
159.25,2896.0,0.0
160.0,2897.0,0.0
159.75,2898.0,0.0
159.25,2899.0,0.0
160.0,2900.0,0.0
159.25,2901.0,0.0
159.5,2902.0,0.0
159.75,2903.0,0.0
159.75,2904.0,0.0
160.25,2905.0,0.0
160.25,2906.0,0.0
159.5,2907.0,0.0
159.75,2908.0,0.0
160.0,2909.0,0.0
160.25,2910.0,0.0
160.25,2911.0,0.0
159.75,2912.0,0.0
160.0,2913.0,0.0
160.0,2914.0,0.0
161.0,2915.0,0.0
160.5,2916.0,0.0
160.25,2917.0,0.0
160.75,2918.0,0.0
161.0,2919.0,0.0
160.75,2920.0,0.0
160.75,2921.0,0.0
160.0,2922.0,0.0
161.0,2923.0,0.0
160.75,2924.0,0.0
160.25,2925.0,0.0
160.0,2926.0,0.0
160.25,2927.0,0.0
160.0,2928.0,0.0
160.75,2929.0,0.0
160.0,2930.0,0.0
160.25,2931.0,0.0
160.0,2932.0,0.0
160.5,2933.0,0.0
160.75,2934.0,0.0
160.75,2935.0,0.0
160.5,2936.0,0.0
160.5,2937.0,0.0
160.25,2938.0,0.0
160.25,2939.0,0.0
160.0,2940.0,0.0
160.75,2941.0,0.0
161.0,2942.0,0.0
160.0,2943.0,0.0
160.25,2944.0,0.0
160.75,2945.0,0.0
160.0,2946.0,0.0
161.0,2947.0,0.0
160.0,2948.0,0.0
161.0,2949.0,0.0
160.0,2950.0,0.0
160.25,2951.0,0.0
159.75,2952.0,0.0
160.25,2953.0,0.0
160.75,2954.0,0.0
160.75,2955.0,0.0
160.0,2956.0,0.0
160.25,2957.0,0.0
160.5,2958.0,0.0
159.75,2959.0,0.0
160.75,2960.0,0.0
160.5,2961.0,0.0
160.25,2962.0,0.0
160.0,2963.0,0.0
161.0,2964.0,0.0
160.25,2965.0,0.0
160.0,2966.0,0.0
160.5,2967.0,0.0
159.75,2968.0,0.0
160.5,2969.0,0.0
159.75,2970.0,0.0
160.75,2971.0,0.0
160.0,2972.0,0.0
160.5,2973.0,0.0
159.75,2974.0,0.0
160.5,2975.0,0.0
159.75,2976.0,0.0
160.25,2977.0,0.0
160.5,2978.0,0.0
160.25,2979.0,0.0
160.5,2980.0,0.0
160.25,2981.0,0.0
160.75,2982.0,0.0
160.0,2983.0,0.0
160.75,2984.0,0.0
160.5,2985.0,0.0
160.0,2986.0,0.0
160.5,2987.0,0.0
159.75,2988.0,0.0
160.5,2989.0,0.0
159.5,2990.0,0.0
160.75,2991.0,0.0
159.75,2992.0,0.0
160.5,2993.0,0.0
159.75,2994.0,0.0
160.0,2995.0,0.0
160.25,2996.0,0.0
160.5,2997.0,0.0
160.25,2998.0,0.0
160.5,2999.0,0.0
160.25,3000.0,0.0
159.75,3001.0,0.0
160.75,3002.0,0.0
159.5,3003.0,0.0
160.75,3004.0,0.0
159.75,3005.0,0.0
160.75,3006.0,0.0
159.5,3007.0,0.0
160.5,3008.0,0.0
159.75,3009.0,0.0
160.0,3010.0,0.0
160.0,3011.0,0.0
159.75,3012.0,0.0
160.0,3013.0,0.0
160.5,3014.0,0.0
160.5,3015.0,0.0
160.5,3016.0,0.0
160.75,3017.0,0.0
160.25,3018.0,0.0
161.0,3019.0,0.0
161.0,3020.0,0.0
160.5,3021.0,0.0
161.0,3022.0,0.0
161.0,3023.0,0.0
161.25,3024.0,0.0
160.5,3025.0,0.0
161.0,3026.0,0.0
161.25,3027.0,0.0
161.0,3028.0,0.0
161.0,3029.0,0.0
161.25,3030.0,0.0
161.0,3031.0,0.0
162.0,3032.0,0.0
161.5,3033.0,0.0
161.25,3034.0,0.0
162.25,3035.0,0.0
161.75,3036.0,0.0
161.75,3037.0,0.0
162.0,3038.0,0.0
162.25,3039.0,0.0
162.75,3040.0,0.0
162.5,3041.0,0.0
162.75,3042.0,0.0
163.25,3043.0,0.0
163.5,3044.0,0.0
163.0,3045.0,0.0
163.5,3046.0,0.0
163.5,3047.0,0.0
163.75,3048.0,0.0
163.5,3049.0,0.0
163.5,3050.0,0.0
163.75,3051.0,0.0
164.5,3052.0,0.0
163.75,3053.0,0.0
164.75,3054.0,0.0
165.0,3055.0,0.0
164.5,3056.0,0.0
165.0,3057.0,0.0
164.75,3058.0,0.0
164.75,3059.0,0.0
165.25,3060.0,0.0
165.0,3061.0,0.0
164.75,3062.0,0.0
165.5,3063.0,0.0
165.25,3064.0,0.0
165.25,3065.0,0.0
166.25,3066.0,0.0
166.25,3067.0,0.0
166.0,3068.0,0.0
166.75,3069.0,0.0
166.75,3070.0,0.0
166.5,3071.0,0.0
166.5,3072.0,0.0
167.0,3073.0,0.0
166.75,3074.0,0.0
167.0,3075.0,0.0
167.0,3076.0,0.0
167.25,3077.0,0.0
168.0,3078.0,0.0
167.5,3079.0,0.0
167.75,3080.0,0.0
168.25,3081.0,0.0
168.0,3082.0,0.0
167.75,3083.0,0.0
168.0,3084.0,0.0
168.0,3085.0,0.0
168.25,3086.0,0.0
168.25,3087.0,0.0
168.75,3088.0,0.0
168.5,3089.0,0.0
168.5,3090.0,0.0
168.75,3091.0,0.0
168.75,3092.0,0.0
169.5,3093.0,0.0
169.75,3094.0,0.0
169.75,3095.0,0.0
169.75,3096.0,0.0
170.0,3097.0,0.0
170.25,3098.0,0.0
169.5,3099.0,0.0
170.5,3100.0,0.0
170.5,3101.0,0.0
170.5,3102.0,0.0
171.0,3103.0,0.0
171.0,3104.0,0.0
171.0,3105.0,0.0
171.25,3106.0,0.0
171.25,3107.0,0.0
170.75,3108.0,0.0
171.0,3109.0,0.0
171.75,3110.0,0.0
171.75,3111.0,0.0
171.75,3112.0,0.0
171.5,3113.0,0.0
171.5,3114.0,0.0
171.75,3115.0,0.0
172.5,3116.0,0.0
172.25,3117.0,0.0
172.5,3118.0,0.0
172.5,3119.0,0.0
172.25,3120.0,0.0
172.5,3121.0,0.0
172.75,3122.0,0.0
172.5,3123.0,0.0
173.0,3124.0,0.0
172.5,3125.0,0.0
172.5,3126.0,0.0
173.0,3127.0,0.0
172.5,3128.0,0.0
173.5,3129.0,0.0
172.75,3130.0,0.0
173.5,3131.0,0.0
173.75,3132.0,0.0
174.0,3133.0,0.0
173.5,3134.0,0.0
173.5,3135.0,0.0
174.0,3136.0,0.0
174.5,3137.0,0.0
174.0,3138.0,0.0
174.75,3139.0,0.0
174.5,3140.0,0.0
174.25,3141.0,0.0
174.75,3142.0,0.0
175.25,3143.0,0.0
174.75,3144.0,0.0
175.0,3145.0,0.0
175.0,3146.0,0.0
175.0,3147.0,0.0
175.75,3148.0,0.0
175.75,3149.0,0.0
176.0,3150.0,0.0
176.0,3151.0,0.0
176.25,3152.0,0.0
175.75,3153.0,0.0
175.5,3154.0,0.0
175.75,3155.0,0.0
176.0,3156.0,0.0
176.75,3157.0,0.0
176.0,3158.0,0.0
176.75,3159.0,0.0
176.5,3160.0,0.0
177.0,3161.0,0.0
176.75,3162.0,0.0
177.5,3163.0,0.0
177.0,3164.0,0.0
177.5,3165.0,0.0
177.75,3166.0,0.0
177.0,3167.0,0.0
177.75,3168.0,0.0
177.25,3169.0,0.0
178.0,3170.0,0.0
177.5,3171.0,0.0
178.0,3172.0,0.0
178.25,3173.0,0.0
178.0,3174.0,0.0
178.5,3175.0,0.0
178.75,3176.0,0.0
178.75,3177.0,0.0
178.25,3178.0,0.0
178.5,3179.0,0.0
178.5,3180.0,0.0
179.25,3181.0,0.0
178.5,3182.0,0.0
179.25,3183.0,0.0
178.75,3184.0,0.0
179.0,3185.0,0.0
179.0,3186.0,0.0
179.75,3187.0,0.0
179.25,3188.0,0.0
179.25,3189.0,0.0
179.75,3190.0,0.0
179.75,3191.0,0.0
179.5,3192.0,0.0
179.75,3193.0,0.0
180.0,3194.0,0.0
180.0,3195.0,0.0
180.0,3196.0,0.0
180.75,3197.0,0.0
180.25,3198.0,0.0
181.0,3199.0,0.0
181.0,3200.0,0.0
180.75,3201.0,0.0
181.0,3202.0,0.0
180.5,3203.0,0.0
181.0,3204.0,0.0
180.5,3205.0,0.0
181.5,3206.0,0.0
181.75,3207.0,0.0
181.0,3208.0,0.0
181.0,3209.0,0.0
181.0,3210.0,0.0
181.25,3211.0,0.0
182.0,3212.0,0.0
181.5,3213.0,0.0
182.25,3214.0,0.0
182.25,3215.0,0.0
181.75,3216.0,0.0
182.25,3217.0,0.0
182.5,3218.0,0.0
182.0,3219.0,0.0
182.0,3220.0,0.0
183.0,3221.0,0.0
183.0,3222.0,0.0
183.0,3223.0,0.0
182.5,3224.0,0.0
182.75,3225.0,0.0
183.0,3226.0,0.0
182.75,3227.0,0.0
183.0,3228.0,0.0
183.25,3229.0,0.0
183.25,3230.0,0.0
183.5,3231.0,0.0
183.5,3232.0,0.0
183.25,3233.0,0.0
183.25,3234.0,0.0
184.25,3235.0,0.0
183.75,3236.0,0.0
184.0,3237.0,0.0
183.75,3238.0,0.0
184.0,3239.0,0.0
184.5,3240.0,0.0
184.75,3241.0,0.0
184.5,3242.0,0.0
184.0,3243.0,0.0
184.0,3244.0,0.0
184.75,3245.0,0.0
184.5,3246.0,0.0
185.0,3247.0,0.0
184.5,3248.0,0.0
184.75,3249.0,0.0
185.0,3250.0,0.0
184.75,3251.0,0.0
185.75,3252.0,0.0
185.5,3253.0,0.0
186.0,3254.0,0.0
185.25,3255.0,0.0
185.75,3256.0,0.0
185.25,3257.0,0.0
185.5,3258.0,0.0
186.0,3259.0,0.0
185.5,3260.0,0.0
186.25,3261.0,0.0
186.25,3262.0,0.0
186.0,3263.0,0.0
186.25,3264.0,0.0
186.25,3265.0,0.0
186.25,3266.0,0.0
186.75,3267.0,0.0
186.75,3268.0,0.0
186.5,3269.0,0.0
186.5,3270.0,0.0
186.5,3271.0,0.0
187.25,3272.0,0.0
186.75,3273.0,0.0
187.0,3274.0,0.0
187.75,3275.0,0.0
187.25,3276.0,0.0
187.5,3277.0,0.0
187.5,3278.0,0.0
187.75,3279.0,0.0
188.0,3280.0,0.0
187.75,3281.0,0.0
188.0,3282.0,0.0
188.25,3283.0,0.0
188.5,3284.0,0.0
188.5,3285.0,0.0
188.0,3286.0,0.0
188.0,3287.0,0.0
188.25,3288.0,0.0
188.25,3289.0,0.0
188.75,3290.0,0.0
188.5,3291.0,0.0
188.75,3292.0,0.0
188.5,3293.0,0.0
189.0,3294.0,0.0
188.5,3295.0,0.0
189.25,3296.0,0.0
188.75,3297.0,0.0
188.75,3298.0,0.0
188.75,3299.0,0.0
189.5,3300.0,0.0
189.75,3301.0,0.0
190.0,3302.0,0.0
189.25,3303.0,0.0
190.25,3304.0,0.0
