T,t
28.39527636940255,0.0
28.650140463625405,1.0
29.669596840516824,2.0
29.414732746293968,3.0
29.92446093473968,4.0
30.689053217408247,5.0
30.9439173116311,6.0
31.45364550007681,7.0
30.9439173116311,8.0
31.708509594299667,9.0
32.47310187696823,10.0
31.963373688522523,11.0
32.72796597119109,12.0
32.98283006541394,13.0
32.47310187696823,14.0
33.237694159636796,15.0
33.74742234808251,16.0
33.492558253859656,17.0
33.492558253859656,18.0
34.512014630751075,19.0
34.25715053652822,20.0
34.512014630751075,21.0
35.02174281919679,22.0
34.512014630751075,23.0
34.512014630751075,24.0
35.531471007642494,25.0
34.76687872497393,26.0
35.27660691341964,27.0
35.786335101865355,28.0
36.04119919608821,29.0
35.531471007642494,30.0
35.786335101865355,31.0
35.786335101865355,32.0
36.04119919608821,33.0
36.29606329031106,34.0
37.06065557297963,35.0
36.805791478756774,36.0
36.550927384533914,37.0
37.31551966720248,38.0
37.06065557297963,39.0
36.805791478756774,40.0
37.31551966720248,41.0
37.31551966720248,42.0
37.57038376142534,43.0
37.57038376142534,44.0
37.57038376142534,45.0
36.805791478756774,46.0
36.805791478756774,47.0
37.06065557297963,48.0
36.805791478756774,49.0
37.57038376142534,50.0
36.805791478756774,51.0
37.31551966720248,52.0
37.31551966720248,53.0
36.550927384533914,54.0
36.805791478756774,55.0
37.06065557297963,56.0
37.31551966720248,57.0
37.31551966720248,58.0
37.57038376142534,59.0
37.31551966720248,60.0
36.805791478756774,61.0
36.805791478756774,62.0
36.550927384533914,63.0
37.06065557297963,64.0
37.31551966720248,65.0
36.550927384533914,66.0
36.29606329031106,67.0
36.29606329031106,68.0
36.550927384533914,69.0
37.31551966720248,70.0
36.550927384533914,71.0
36.805791478756774,72.0
37.06065557297963,73.0
36.550927384533914,74.0
36.04119919608821,75.0
36.550927384533914,76.0
36.805791478756774,77.0
36.550927384533914,78.0
36.805791478756774,79.0
36.805791478756774,80.0
36.805791478756774,81.0
36.29606329031106,82.0
36.805791478756774,83.0
36.29606329031106,84.0
36.29606329031106,85.0
35.786335101865355,86.0
36.29606329031106,87.0
35.786335101865355,88.0
36.04119919608821,89.0
36.550927384533914,90.0
36.29606329031106,91.0
36.29606329031106,92.0
35.531471007642494,93.0
36.04119919608821,94.0
35.786335101865355,95.0
36.29606329031106,96.0
35.27660691341964,97.0
35.531471007642494,98.0
35.27660691341964,99.0
36.04119919608821,100.0
36.04119919608821,101.0
36.04119919608821,102.0
36.04119919608821,103.0
35.531471007642494,104.0
35.27660691341964,105.0
36.04119919608821,106.0
36.04119919608821,107.0
35.786335101865355,108.0
36.04119919608821,109.0
35.786335101865355,110.0
35.531471007642494,111.0
35.531471007642494,112.0
35.02174281919679,113.0
35.531471007642494,114.0
35.02174281919679,115.0
35.02174281919679,116.0
35.531471007642494,117.0
35.786335101865355,118.0
35.02174281919679,119.0
35.02174281919679,120.0
35.786335101865355,121.0
35.27660691341964,122.0
35.531471007642494,123.0
35.02174281919679,124.0
35.27660691341964,125.0
34.76687872497393,126.0
35.27660691341964,127.0
35.531471007642494,128.0
35.531471007642494,129.0
35.27660691341964,130.0
35.531471007642494,131.0
35.27660691341964,132.0
35.27660691341964,133.0
34.76687872497393,134.0
34.512014630751075,135.0
35.531471007642494,136.0
35.27660691341964,137.0
35.02174281919679,138.0
35.02174281919679,139.0
35.02174281919679,140.0
34.512014630751075,141.0
35.531471007642494,142.0
35.27660691341964,143.0
34.512014630751075,144.0
35.531471007642494,145.0
35.27660691341964,146.0
35.27660691341964,147.0
35.27660691341964,148.0
34.76687872497393,149.0
34.76687872497393,150.0
34.512014630751075,151.0
35.02174281919679,152.0
35.27660691341964,153.0
35.02174281919679,154.0
35.27660691341964,155.0
35.27660691341964,156.0
35.531471007642494,157.0
35.27660691341964,158.0
35.02174281919679,159.0
35.02174281919679,160.0
35.27660691341964,161.0
35.27660691341964,162.0
35.531471007642494,163.0
35.27660691341964,164.0
35.02174281919679,165.0
35.786335101865355,166.0
35.531471007642494,167.0
35.531471007642494,168.0
34.76687872497393,169.0
35.02174281919679,170.0
35.02174281919679,171.0
35.02174281919679,172.0
35.531471007642494,173.0
35.02174281919679,174.0
35.02174281919679,175.0
35.27660691341964,176.0
35.02174281919679,177.0
35.02174281919679,178.0
35.02174281919679,179.0
35.531471007642494,180.0
35.02174281919679,181.0
35.531471007642494,182.0
35.786335101865355,183.0
35.27660691341964,184.0
35.531471007642494,185.0
35.02174281919679,186.0
34.76687872497393,187.0
35.02174281919679,188.0
35.531471007642494,189.0
35.02174281919679,190.0
35.02174281919679,191.0
34.76687872497393,192.0
35.531471007642494,193.0
34.76687872497393,194.0
35.02174281919679,195.0
34.76687872497393,196.0
34.76687872497393,197.0
35.531471007642494,198.0
34.76687872497393,199.0
35.531471007642494,200.0
35.531471007642494,201.0
34.76687872497393,202.0
34.76687872497393,203.0
35.531471007642494,204.0
35.02174281919679,205.0
35.27660691341964,206.0
35.531471007642494,207.0
35.531471007642494,208.0
34.76687872497393,209.0
35.02174281919679,210.0
35.27660691341964,211.0
35.531471007642494,212.0
35.786335101865355,213.0
35.786335101865355,214.0
36.29606329031106,215.0
35.531471007642494,216.0
36.04119919608821,217.0
36.550927384533914,218.0
36.550927384533914,219.0
36.550927384533914,220.0
36.29606329031106,221.0
36.550927384533914,222.0
37.06065557297963,223.0
36.550927384533914,224.0
37.57038376142534,225.0
38.080111949871046,226.0
37.31551966720248,227.0
38.33497604409391,228.0
38.33497604409391,229.0
37.82524785564819,230.0
38.58984013831676,231.0
38.58984013831676,232.0
39.09956832676247,233.0
39.354432420985326,234.0
39.09956832676247,235.0
39.354432420985326,236.0
40.373888797876745,237.0
40.11902470365389,238.0
40.373888797876745,239.0
40.11902470365389,240.0
41.13848108054531,241.0
41.393345174768164,242.0
40.6287528920996,243.0
41.13848108054531,244.0
42.15793745743673,245.0
41.648209268991025,246.0
41.648209268991025,247.0
41.90307336321388,248.0
42.9225297401053,249.0
42.9225297401053,250.0
43.43225792855101,251.0
43.43225792855101,252.0
43.941986116996716,253.0
43.68712202277386,254.0
43.941986116996716,255.0
44.45171430544243,256.0
43.941986116996716,257.0
44.45171430544243,258.0
44.45171430544243,259.0
44.96144249388814,260.0
44.96144249388814,261.0
45.72603477655671,262.0
45.98089887077956,263.0
45.98089887077956,264.0
46.490627059225275,265.0
45.98089887077956,266.0
46.74549115344813,267.0
47.25521934189384,268.0
47.00035524767098,269.0
47.510083436116695,270.0
47.00035524767098,271.0
47.25521934189384,272.0
47.25521934189384,273.0
48.27467571878526,274.0
48.0198116245624,275.0
48.27467571878526,276.0
48.529539813008114,277.0
49.54899618989953,278.0
49.03926800145383,279.0
49.54899618989953,280.0
49.54899618989953,281.0
50.05872437834525,282.0
50.56845256679096,283.0
50.05872437834525,284.0
50.3135884725681,285.0
51.078180755236666,286.0
51.333044849459526,287.0
51.333044849459526,288.0
51.84277303790523,289.0
51.58790894368238,290.0
51.333044849459526,291.0
51.84277303790523,292.0
52.352501226350945,293.0
52.86222941479665,294.0
52.352501226350945,295.0
52.352501226350945,296.0
53.11709350901951,297.0
52.6073653205738,298.0
53.62682169746522,299.0
53.11709350901951,300.0
54.13654988591093,301.0
54.13654988591093,302.0
54.391413980133784,303.0
54.391413980133784,304.0
54.13654988591093,305.0
54.9011421685795,306.0
54.391413980133784,307.0
55.15600626280235,308.0
55.66573445124806,309.0
54.9011421685795,310.0
55.4108703570252,311.0
55.66573445124806,312.0
56.17546263969377,313.0
56.43032673391663,314.0
56.68519082813948,315.0
56.940054922362336,316.0
56.940054922362336,317.0
56.68519082813948,318.0
57.44978311080805,319.0
57.44978311080805,320.0
57.7046472050309,321.0
57.95951129925376,322.0
58.214375393476615,323.0
57.95951129925376,324.0
58.46923948769947,325.0
58.46923948769947,326.0
58.72410358192233,327.0
58.214375393476615,328.0
58.97896767614518,329.0
58.72410358192233,330.0
58.97896767614518,331.0
59.74355995881375,332.0
59.74355995881375,333.0
59.74355995881375,334.0
60.253288147259454,335.0
59.74355995881375,336.0
59.9984240530366,337.0
61.01788042992802,338.0
61.01788042992802,339.0
60.76301633570517,340.0
61.52760861837373,341.0
60.76301633570517,342.0
61.52760861837373,343.0
61.78247271259659,344.0
61.52760861837373,345.0
62.2922009010423,346.0
62.2922009010423,347.0
61.78247271259659,348.0
62.2922009010423,349.0
62.80192908948801,350.0
63.056793183710866,351.0
62.80192908948801,352.0
63.056793183710866,353.0
63.056793183710866,354.0
64.07624956060229,355.0
64.07624956060229,356.0
64.585977749048,357.0
64.07624956060229,358.0
64.07624956060229,359.0
64.07624956060229,360.0
64.33111365482515,361.0
65.35057003171657,362.0
65.35057003171657,363.0
65.60543412593942,364.0
65.35057003171657,365.0
65.60543412593942,366.0
65.35057003171657,367.0
65.35057003171657,368.0
66.37002640860798,369.0
65.86029822016228,370.0
66.62489050283085,371.0
66.62489050283085,372.0
66.8797545970537,373.0
66.11516231438513,374.0
66.8797545970537,375.0
67.13461869127656,376.0
66.8797545970537,377.0
66.8797545970537,378.0
67.38948278549941,379.0
67.13461869127656,380.0
68.15407506816798,381.0
67.89921097394512,382.0
67.89921097394512,383.0
68.91866735083654,384.0
68.66380325661369,385.0
68.40893916239084,386.0
68.91866735083654,387.0
68.91866735083654,388.0
69.1735314450594,389.0
69.1735314450594,390.0
69.42839553928225,391.0
69.6832596335051,392.0
69.6832596335051,393.0
70.44785191617368,394.0
70.44785191617368,395.0
70.19298782195082,396.0
70.70271601039653,397.0
70.95758010461938,398.0
71.21244419884223,399.0
70.70271601039653,400.0
71.72217238728796,401.0
71.72217238728796,402.0
72.23190057573366,403.0
71.97703648151081,404.0
72.48676466995651,405.0
71.97703648151081,406.0
72.74162876417937,407.0
72.23190057573366,408.0
72.74162876417937,409.0
73.25135695262509,410.0
73.25135695262509,411.0
73.25135695262509,412.0
73.7610851410708,413.0
73.50622104684794,414.0
73.25135695262509,415.0
73.50622104684794,416.0
73.50622104684794,417.0
73.7610851410708,418.0
74.52567742373935,419.0
74.2708133295165,420.0
74.01594923529365,421.0
74.52567742373935,422.0
74.52567742373935,423.0
74.52567742373935,424.0
75.03540561218507,425.0
75.03540561218507,426.0
75.29026970640793,427.0
75.79999789485363,428.0
75.29026970640793,429.0
75.54513380063078,430.0
76.05486198907649,431.0
75.79999789485363,432.0
75.79999789485363,433.0
76.30972608329935,434.0
75.79999789485363,435.0
76.05486198907649,436.0
76.30972608329935,437.0
76.81945427174506,438.0
76.81945427174506,439.0
76.05486198907649,440.0
76.05486198907649,441.0
77.07431836596791,442.0
76.81945427174506,443.0
76.30972608329935,444.0
76.81945427174506,445.0
76.30972608329935,446.0
76.05486198907649,447.0
77.07431836596791,448.0
77.07431836596791,449.0
76.5645901775222,450.0
76.5645901775222,451.0
76.81945427174506,452.0
76.05486198907649,453.0
76.30972608329935,454.0
76.30972608329935,455.0
75.54513380063078,456.0
76.30972608329935,457.0
75.54513380063078,458.0
76.30972608329935,459.0
76.05486198907649,460.0
75.29026970640793,461.0
76.05486198907649,462.0
75.29026970640793,463.0
75.54513380063078,464.0
75.54513380063078,465.0
75.29026970640793,466.0
75.54513380063078,467.0
74.78054151796222,468.0
75.29026970640793,469.0
74.78054151796222,470.0
75.54513380063078,471.0
75.03540561218507,472.0
75.79999789485363,473.0
75.54513380063078,474.0
75.29026970640793,475.0
75.03540561218507,476.0
74.78054151796222,477.0
75.54513380063078,478.0
74.78054151796222,479.0
74.78054151796222,480.0
75.29026970640793,481.0
75.29026970640793,482.0
74.78054151796222,483.0
75.03540561218507,484.0
75.03540561218507,485.0
75.54513380063078,486.0
74.78054151796222,487.0
75.29026970640793,488.0
75.54513380063078,489.0
74.78054151796222,490.0
75.54513380063078,491.0
75.54513380063078,492.0
75.79999789485363,493.0
75.79999789485363,494.0
75.79999789485363,495.0
75.03540561218507,496.0
75.79999789485363,497.0
75.79999789485363,498.0
75.29026970640793,499.0
76.05486198907649,500.0
76.05486198907649,501.0
76.05486198907649,502.0
75.29026970640793,503.0
76.05486198907649,504.0
75.79999789485363,505.0
75.29026970640793,506.0
75.54513380063078,507.0
76.05486198907649,508.0
75.29026970640793,509.0
76.05486198907649,510.0
76.05486198907649,511.0
75.79999789485363,512.0
76.30972608329935,513.0
76.05486198907649,514.0
75.29026970640793,515.0
76.05486198907649,516.0
75.29026970640793,517.0
75.54513380063078,518.0
75.79999789485363,519.0
76.05486198907649,520.0
75.79999789485363,521.0
76.30972608329935,522.0
76.05486198907649,523.0
75.79999789485363,524.0
75.79999789485363,525.0
76.05486198907649,526.0
75.03540561218507,527.0
75.29026970640793,528.0
75.54513380063078,529.0
75.29026970640793,530.0
75.29026970640793,531.0
75.79999789485363,532.0
75.54513380063078,533.0
75.54513380063078,534.0
75.79999789485363,535.0
75.03540561218507,536.0
75.29026970640793,537.0
75.54513380063078,538.0
75.29026970640793,539.0
75.29026970640793,540.0
74.78054151796222,541.0
75.03540561218507,542.0
74.78054151796222,543.0
75.54513380063078,544.0
75.29026970640793,545.0
74.78054151796222,546.0
75.79999789485363,547.0
75.54513380063078,548.0
75.54513380063078,549.0
75.54513380063078,550.0
75.54513380063078,551.0
75.29026970640793,552.0
76.05486198907649,553.0
75.03540561218507,554.0
75.29026970640793,555.0
75.79999789485363,556.0
75.29026970640793,557.0
75.29026970640793,558.0
75.29026970640793,559.0
76.05486198907649,560.0
75.79999789485363,561.0
75.03540561218507,562.0
75.79999789485363,563.0
75.79999789485363,564.0
75.79999789485363,565.0
76.05486198907649,566.0
75.29026970640793,567.0
76.05486198907649,568.0
75.54513380063078,569.0
76.05486198907649,570.0
75.79999789485363,571.0
76.05486198907649,572.0
75.79999789485363,573.0
75.54513380063078,574.0
76.05486198907649,575.0
76.30972608329935,576.0
75.54513380063078,577.0
75.54513380063078,578.0
75.29026970640793,579.0
75.79999789485363,580.0
75.29026970640793,581.0
75.54513380063078,582.0
75.29026970640793,583.0
76.05486198907649,584.0
75.03540561218507,585.0
76.05486198907649,586.0
75.29026970640793,587.0
75.54513380063078,588.0
76.05486198907649,589.0
76.30972608329935,590.0
75.54513380063078,591.0
76.05486198907649,592.0
76.05486198907649,593.0
75.54513380063078,594.0
76.05486198907649,595.0
76.05486198907649,596.0
75.54513380063078,597.0
75.29026970640793,598.0
75.54513380063078,599.0
75.29026970640793,600.0
76.05486198907649,601.0
75.79999789485363,602.0
75.54513380063078,603.0
75.79999789485363,604.0
75.29026970640793,605.0
75.29026970640793,606.0
75.79999789485363,607.0
75.54513380063078,608.0
76.05486198907649,609.0
76.05486198907649,610.0
75.29026970640793,611.0
76.05486198907649,612.0
75.54513380063078,613.0
75.29026970640793,614.0
75.29026970640793,615.0
76.30972608329935,616.0
75.54513380063078,617.0
75.79999789485363,618.0
75.79999789485363,619.0
76.5645901775222,620.0
76.05486198907649,621.0
76.30972608329935,622.0
76.81945427174506,623.0
76.30972608329935,624.0
76.5645901775222,625.0
76.81945427174506,626.0
77.32918246019076,627.0
76.81945427174506,628.0
76.81945427174506,629.0
76.81945427174506,630.0
77.83891064863647,631.0
78.09377474285934,632.0
77.32918246019076,633.0
78.34863883708219,634.0
77.58404655441362,635.0
78.60350293130504,636.0
78.60350293130504,637.0
78.34863883708219,638.0
79.11323111975075,639.0
78.60350293130504,640.0
78.60350293130504,641.0
79.3680952139736,642.0
79.62295930819647,643.0
79.62295930819647,644.0
79.11323111975075,645.0
79.3680952139736,646.0
80.13268749664218,647.0
79.87782340241932,648.0
80.89727977931074,649.0
80.64241568508788,650.0
80.38755159086503,651.0
81.40700796775646,652.0
80.64241568508788,653.0
80.89727977931074,654.0
81.66187206197931,655.0
82.17160025042502,656.0
82.17160025042502,657.0
81.66187206197931,658.0
81.66187206197931,659.0
82.42646434464787,660.0
82.68132843887072,661.0
82.17160025042502,662.0
83.19105662731644,663.0
83.19105662731644,664.0
83.4459207215393,665.0
83.4459207215393,666.0
83.70078481576215,667.0
83.19105662731644,668.0
84.21051300420785,669.0
83.70078481576215,670.0
84.21051300420785,671.0
84.46537709843072,672.0
84.97510528687643,673.0
85.22996938109928,674.0
84.97510528687643,675.0
85.73969756954499,676.0
85.22996938109928,677.0
85.22996938109928,678.0
85.99456166376784,679.0
86.50428985221356,680.0
85.99456166376784,681.0
86.50428985221356,682.0
86.75915394643641,683.0
86.2494257579907,684.0
86.75915394643641,685.0
87.01401804065927,686.0
87.01401804065927,687.0
87.52374622910497,688.0
87.77861032332784,689.0
87.77861032332784,690.0
87.52374622910497,691.0
87.52374622910497,692.0
87.52374622910497,693.0
88.5432026059964,694.0
88.79806670021925,695.0
88.28833851177355,696.0
89.0529307944421,697.0
88.5432026059964,698.0
88.79806670021925,699.0
89.0529307944421,700.0
89.81752307711068,701.0
89.81752307711068,702.0
89.30779488866496,703.0
89.81752307711068,704.0
89.81752307711068,705.0
89.81752307711068,706.0
90.07238717133353,707.0
90.58211535977924,708.0
90.58211535977924,709.0
91.09184354822496,710.0
90.83697945400209,711.0
90.83697945400209,712.0
90.83697945400209,713.0
91.60157173667066,714.0
92.11129992511637,715.0
91.60157173667066,716.0
92.11129992511637,717.0
91.60157173667066,718.0
92.11129992511637,719.0
92.62102811356208,720.0
92.87589220778494,721.0
92.36616401933922,722.0
92.62102811356208,723.0
93.38562039623065,724.0
92.62102811356208,725.0
93.1307563020078,726.0
93.6404844904535,727.0
93.89534858467636,728.0
94.15021267889921,729.0
94.40507677312208,730.0
94.40507677312208,731.0
94.40507677312208,732.0
94.65994086734493,733.0
94.15021267889921,734.0
95.16966905579064,735.0
95.16966905579064,736.0
94.65994086734493,737.0
95.16966905579064,738.0
94.91480496156778,739.0
95.93426133845921,740.0
96.44398952690491,741.0
95.67939724423634,742.0
95.67939724423634,743.0
95.93426133845921,744.0
96.69885362112777,745.0
96.69885362112777,746.0
96.69885362112777,747.0
96.69885362112777,748.0
97.20858180957347,749.0
96.95371771535062,750.0
97.46344590379633,751.0
97.46344590379633,752.0
97.20858180957347,753.0
97.46344590379633,754.0
97.46344590379633,755.0
97.7183099980192,756.0
97.7183099980192,757.0
98.48290228068775,758.0
98.48290228068775,759.0
98.48290228068775,760.0
98.99263046913346,761.0
98.48290228068775,762.0
98.7377663749106,763.0
99.24749456335633,764.0
99.75722275180203,765.0
99.24749456335633,766.0
100.01208684602489,767.0
99.50235865757918,768.0
99.75722275180203,769.0
99.75722275180203,770.0
99.75722275180203,771.0
100.52181503447059,772.0
100.26695094024774,773.0
100.26695094024774,774.0
100.26695094024774,775.0
100.64924708158202,776.0
100.52181503447059,777.0
100.64924708158202,778.0
101.28640731713917,779.0
101.41383936425059,780.0
101.54127141136202,781.0
101.54127141136202,782.0
101.28640731713917,783.0
101.54127141136202,784.0
101.54127141136202,785.0
101.54127141136202,786.0
101.79613550558487,787.0
102.56072778825344,788.0
102.05099959980772,789.0
102.05099959980772,790.0
102.8155918824763,791.0
103.07045597669915,792.0
102.8155918824763,793.0
102.8155918824763,794.0
103.58018416514486,795.0
103.325320070922,796.0
103.07045597669915,797.0
103.325320070922,798.0
104.08991235359056,799.0
103.58018416514486,800.0
104.08991235359056,801.0
104.59964054203628,802.0
104.08991235359056,803.0
104.08991235359056,804.0
104.59964054203628,805.0
104.34477644781343,806.0
104.59964054203628,807.0
104.85450463625914,808.0
105.36423282470484,809.0
105.10936873048199,810.0
105.87396101315056,811.0
105.87396101315056,812.0
105.6190969189277,813.0
105.87396101315056,814.0
106.38368920159627,815.0
106.38368920159627,816.0
106.63855329581912,817.0
106.12882510737342,818.0
106.38368920159627,819.0
106.89341739004198,820.0
106.63855329581912,821.0
106.89341739004198,822.0
106.89341739004198,823.0
107.14828148426483,824.0
107.65800967271055,825.0
107.14828148426483,826.0
107.65800967271055,827.0
107.9128737669334,828.0
108.16773786115625,829.0
107.9128737669334,830.0
108.42260195537911,831.0
108.16773786115625,832.0
108.42260195537911,833.0
108.42260195537911,834.0
108.93233014382481,835.0
108.67746604960196,836.0
109.44205833227053,837.0
108.67746604960196,838.0
109.69692242649339,839.0
109.69692242649339,840.0
109.18719423804768,841.0
109.95178652071624,842.0
109.44205833227053,843.0
110.46151470916195,844.0
110.46151470916195,845.0
109.69692242649339,846.0
110.46151470916195,847.0
110.46151470916195,848.0
110.97124289760767,849.0
110.2066506149391,850.0
110.97124289760767,851.0
110.71637880338481,852.0
111.48097108605337,853.0
111.22610699183052,854.0
111.22610699183052,855.0
111.73583518027623,856.0
111.99069927449908,857.0
111.48097108605337,858.0
112.24556336872193,859.0
111.73583518027623,860.0
112.5004274629448,861.0
111.99069927449908,862.0
112.5004274629448,863.0
112.24556336872193,864.0
113.0101556513905,865.0
113.0101556513905,866.0
113.26501974561336,867.0
113.0101556513905,868.0
113.0101556513905,869.0
113.51988383983621,870.0
113.26501974561336,871.0
113.26501974561336,872.0
113.51988383983621,873.0
114.02961202828193,874.0
113.51988383983621,875.0
113.51988383983621,876.0
114.02961202828193,877.0
114.53934021672764,878.0
114.53934021672764,879.0
114.02961202828193,880.0
114.79420431095049,881.0
114.28447612250478,882.0
114.79420431095049,883.0
114.79420431095049,884.0
114.79420431095049,885.0
115.55879659361905,886.0
114.79420431095049,887.0
115.81366068784192,888.0
115.55879659361905,889.0
115.3039324993962,890.0
115.81366068784192,891.0
115.55879659361905,892.0
116.32338887628762,893.0
115.81366068784192,894.0
115.55879659361905,895.0
115.81366068784192,896.0
116.06852478206477,897.0
115.81366068784192,898.0
117.08798115895618,899.0
116.83311706473333,900.0
116.83311706473333,901.0
117.08798115895618,902.0
116.57825297051048,903.0
116.83311706473333,904.0
116.83311706473333,905.0
117.5977093474019,906.0
116.83311706473333,907.0
117.08798115895618,908.0
117.08798115895618,909.0
117.5977093474019,910.0
117.5977093474019,911.0
117.08798115895618,912.0
117.5977093474019,913.0
117.08798115895618,914.0
117.5977093474019,915.0
116.83311706473333,916.0
117.5977093474019,917.0
117.5977093474019,918.0
116.57825297051048,919.0
117.08798115895618,920.0
116.57825297051048,921.0
116.32338887628762,922.0
116.57825297051048,923.0
116.06852478206477,924.0
117.08798115895618,925.0
116.57825297051048,926.0
116.83311706473333,927.0
116.06852478206477,928.0
116.83311706473333,929.0
116.32338887628762,930.0
115.81366068784192,931.0
116.57825297051048,932.0
115.55879659361905,933.0
115.55879659361905,934.0
115.55879659361905,935.0
115.3039324993962,936.0
115.81366068784192,937.0
116.06852478206477,938.0
115.3039324993962,939.0
115.3039324993962,940.0
115.81366068784192,941.0
115.81366068784192,942.0
115.81366068784192,943.0
115.3039324993962,944.0
115.04906840517334,945.0
115.81366068784192,946.0
116.06852478206477,947.0
115.55879659361905,948.0
116.06852478206477,949.0
115.3039324993962,950.0
116.06852478206477,951.0
115.3039324993962,952.0
116.32338887628762,953.0
115.81366068784192,954.0
116.06852478206477,955.0
115.3039324993962,956.0
116.06852478206477,957.0
116.32338887628762,958.0
115.81366068784192,959.0
115.81366068784192,960.0
116.57825297051048,961.0
116.06852478206477,962.0
116.32338887628762,963.0
115.55879659361905,964.0
116.06852478206477,965.0
116.32338887628762,966.0
116.06852478206477,967.0
115.81366068784192,968.0
116.06852478206477,969.0
116.32338887628762,970.0
116.32338887628762,971.0
116.32338887628762,972.0
116.83311706473333,973.0
116.06852478206477,974.0
116.06852478206477,975.0
116.06852478206477,976.0
116.57825297051048,977.0
115.81366068784192,978.0
116.32338887628762,979.0
116.83311706473333,980.0
116.06852478206477,981.0
116.83311706473333,982.0
116.06852478206477,983.0
116.06852478206477,984.0
115.81366068784192,985.0
116.57825297051048,986.0
116.57825297051048,987.0
115.81366068784192,988.0
116.32338887628762,989.0
116.32338887628762,990.0
115.81366068784192,991.0
116.06852478206477,992.0
116.32338887628762,993.0
116.83311706473333,994.0
115.81366068784192,995.0
116.06852478206477,996.0
116.06852478206477,997.0
116.83311706473333,998.0
115.81366068784192,999.0
116.57825297051048,1000.0
116.57825297051048,1001.0
116.06852478206477,1002.0
116.06852478206477,1003.0
115.55879659361905,1004.0
115.81366068784192,1005.0
116.83311706473333,1006.0
116.06852478206477,1007.0
116.57825297051048,1008.0
115.81366068784192,1009.0
116.06852478206477,1010.0
115.55879659361905,1011.0
116.57825297051048,1012.0
115.81366068784192,1013.0
116.32338887628762,1014.0
115.81366068784192,1015.0
116.57825297051048,1016.0
116.57825297051048,1017.0
116.06852478206477,1018.0
116.57825297051048,1019.0
116.32338887628762,1020.0
115.81366068784192,1021.0
116.06852478206477,1022.0
116.06852478206477,1023.0
116.57825297051048,1024.0
115.81366068784192,1025.0
116.06852478206477,1026.0
116.06852478206477,1027.0
117.08798115895618,1028.0
116.57825297051048,1029.0
116.57825297051048,1030.0
116.06852478206477,1031.0
116.32338887628762,1032.0
116.83311706473333,1033.0
116.83311706473333,1034.0
116.57825297051048,1035.0
116.32338887628762,1036.0
115.81366068784192,1037.0
116.32338887628762,1038.0
116.06852478206477,1039.0
116.83311706473333,1040.0
116.57825297051048,1041.0
116.06852478206477,1042.0
116.32338887628762,1043.0
116.57825297051048,1044.0
116.06852478206477,1045.0
116.83311706473333,1046.0
116.06852478206477,1047.0
116.57825297051048,1048.0
116.83311706473333,1049.0
116.32338887628762,1050.0
116.57825297051048,1051.0
116.57825297051048,1052.0
116.06852478206477,1053.0
116.06852478206477,1054.0
116.57825297051048,1055.0
115.81366068784192,1056.0
116.57825297051048,1057.0
115.81366068784192,1058.0
115.81366068784192,1059.0
115.81366068784192,1060.0
116.06852478206477,1061.0
116.32338887628762,1062.0
115.55879659361905,1063.0
116.32338887628762,1064.0
116.32338887628762,1065.0
116.06852478206477,1066.0
116.57825297051048,1067.0
116.32338887628762,1068.0
115.81366068784192,1069.0
115.81366068784192,1070.0
116.06852478206477,1071.0
115.81366068784192,1072.0
116.32338887628762,1073.0
116.57825297051048,1074.0
116.57825297051048,1075.0
116.32338887628762,1076.0
116.06852478206477,1077.0
116.06852478206477,1078.0
116.06852478206477,1079.0
116.83311706473333,1080.0
116.32338887628762,1081.0
116.83311706473333,1082.0
116.06852478206477,1083.0
116.57825297051048,1084.0
117.34284525317905,1085.0
116.83311706473333,1086.0
116.83311706473333,1087.0
116.57825297051048,1088.0
117.5977093474019,1089.0
116.83311706473333,1090.0
117.85257344162476,1091.0
117.08798115895618,1092.0
117.34284525317905,1093.0
117.85257344162476,1094.0
117.34284525317905,1095.0
118.10743753584761,1096.0
117.85257344162476,1097.0
118.36230163007046,1098.0
118.36230163007046,1099.0
118.61716572429332,1100.0
118.61716572429332,1101.0
118.87202981851618,1102.0
118.87202981851618,1103.0
118.36230163007046,1104.0
119.38175800696189,1105.0
118.87202981851618,1106.0
118.87202981851618,1107.0
118.87202981851618,1108.0
119.8914861954076,1109.0
119.12689391273904,1110.0
119.63662210118474,1111.0
119.38175800696189,1112.0
120.4012143838533,1113.0
120.65607847807617,1114.0
120.4012143838533,1115.0
119.8914861954076,1116.0
120.65607847807617,1117.0
120.4012143838533,1118.0
120.4012143838533,1119.0
121.42067076074473,1120.0
120.91094257229902,1121.0
121.16580666652187,1122.0
121.16580666652187,1123.0
121.16580666652187,1124.0
122.1852630434133,1125.0
121.67553485496758,1126.0
121.67553485496758,1127.0
121.67553485496758,1128.0
122.1852630434133,1129.0
122.1852630434133,1130.0
123.20471942030471,1131.0
122.694991231859,1132.0
123.45958351452757,1133.0
122.94985532608186,1134.0
123.20471942030471,1135.0
122.94985532608186,1136.0
123.45958351452757,1137.0
123.45958351452757,1138.0
124.22417579719614,1139.0
123.96931170297329,1140.0
123.71444760875042,1141.0
123.96931170297329,1142.0
124.73390398564185,1143.0
124.22417579719614,1144.0
124.47903989141899,1145.0
125.24363217408755,1146.0
124.73390398564185,1147.0
125.24363217408755,1148.0
125.49849626831042,1149.0
125.24363217408755,1150.0
125.24363217408755,1151.0
125.49849626831042,1152.0
126.26308855097898,1153.0
125.75336036253327,1154.0
126.51795264520183,1155.0
126.77281673942468,1156.0
126.26308855097898,1157.0
126.51795264520183,1158.0
126.26308855097898,1159.0
126.77281673942468,1160.0
126.77281673942468,1161.0
126.77281673942468,1162.0
127.53740902209326,1163.0
127.79227311631611,1164.0
127.2825449278704,1165.0
128.04713721053898,1166.0
127.53740902209326,1167.0
127.2825449278704,1168.0
128.30200130476183,1169.0
127.53740902209326,1170.0
128.55686539898468,1171.0
128.55686539898468,1172.0
128.81172949320754,1173.0
128.81172949320754,1174.0
128.30200130476183,1175.0
128.55686539898468,1176.0
128.55686539898468,1177.0
128.55686539898468,1178.0
129.32145768165324,1179.0
129.32145768165324,1180.0
129.5763217758761,1181.0
129.32145768165324,1182.0
129.32145768165324,1183.0
130.0860499643218,1184.0
130.34091405854466,1185.0
130.34091405854466,1186.0
130.0860499643218,1187.0
130.34091405854466,1188.0
131.10550634121321,1189.0
131.10550634121321,1190.0
131.36037043543607,1191.0
130.85064224699036,1192.0
131.10550634121321,1193.0
131.87009862388177,1194.0
131.36037043543607,1195.0
131.87009862388177,1196.0
132.12496271810463,1197.0
131.36037043543607,1198.0
132.37982681232748,1199.0
132.63469090655033,1200.0
132.37982681232748,1201.0
131.87009862388177,1202.0
132.63469090655033,1203.0
132.8895550007732,1204.0
132.8895550007732,1205.0
132.12496271810463,1206.0
132.63469090655033,1207.0
133.39928318921892,1208.0
133.39928318921892,1209.0
133.65414728344177,1210.0
133.14441909499607,1211.0
133.39928318921892,1212.0
133.90901137766463,1213.0
134.41873956611033,1214.0
133.65414728344177,1215.0
133.90901137766463,1216.0
133.90901137766463,1217.0
134.41873956611033,1218.0
134.92846775455604,1219.0
134.16387547188748,1220.0
134.16387547188748,1221.0
135.1833318487789,1222.0
134.92846775455604,1223.0
134.67360366033319,1224.0
134.92846775455604,1225.0
135.94792413144745,1226.0
135.43819594300174,1227.0
135.94792413144745,1228.0
135.43819594300174,1229.0
135.94792413144745,1230.0
135.6930600372246,1231.0
136.45765231989319,1232.0
136.20278822567033,1233.0
136.45765231989319,1234.0
136.71251641411604,1235.0
136.20278822567033,1236.0
136.20278822567033,1237.0
136.71251641411604,1238.0
136.71251641411604,1239.0
137.22224460256174,1240.0
136.45765231989319,1241.0
136.9673805083389,1242.0
136.71251641411604,1243.0
137.73197279100745,1244.0
137.22224460256174,1245.0
137.9868368852303,1246.0
137.22224460256174,1247.0
137.73197279100745,1248.0
137.73197279100745,1249.0
137.73197279100745,1250.0
138.24170097945316,1251.0
138.496565073676,1252.0
138.75142916789886,1253.0
138.496565073676,1254.0
138.496565073676,1255.0
138.496565073676,1256.0
139.26115735634457,1257.0
139.51602145056745,1258.0
139.00629326212172,1259.0
139.51602145056745,1260.0
139.00629326212172,1261.0
139.26115735634457,1262.0
140.02574963901316,1263.0
139.51602145056745,1264.0
139.7708855447903,1265.0
140.02574963901316,1266.0
140.02574963901316,1267.0
140.02574963901316,1268.0
140.02574963901316,1269.0
140.280613733236,1270.0
140.53547782745886,1271.0
141.30007011012742,1272.0
140.79034192168172,1273.0
140.53547782745886,1274.0
141.55493420435027,1275.0
141.04520601590457,1276.0
141.04520601590457,1277.0
141.80979829857313,1278.0
141.55493420435027,1279.0
141.55493420435027,1280.0
141.55493420435027,1281.0
141.55493420435027,1282.0
141.55493420435027,1283.0
141.80979829857313,1284.0
142.31952648701883,1285.0
142.82925467546457,1286.0
142.5743905812417,1287.0
142.5743905812417,1288.0
142.31952648701883,1289.0
142.06466239279598,1290.0
142.82925467546457,1291.0
142.31952648701883,1292.0
143.08411876968742,1293.0
142.82925467546457,1294.0
143.33898286391027,1295.0
143.33898286391027,1296.0
142.82925467546457,1297.0
143.59384695813313,1298.0
143.33898286391027,1299.0
144.10357514657883,1300.0
143.59384695813313,1301.0
144.10357514657883,1302.0
143.84871105235598,1303.0
144.61330333502454,1304.0
144.10357514657883,1305.0
144.3584392408017,1306.0
144.8681674292474,1307.0
145.12303152347025,1308.0
144.3584392408017,1309.0
144.3584392408017,1310.0
144.3584392408017,1311.0
144.8681674292474,1312.0
145.3778956176931,1313.0
144.8681674292474,1314.0
145.12303152347025,1315.0
145.3778956176931,1316.0
145.88762380613883,1317.0
146.1424879003617,1318.0
145.88762380613883,1319.0
146.39735199458454,1320.0
145.63275971191595,1321.0
145.88762380613883,1322.0
146.39735199458454,1323.0
146.6522160888074,1324.0
146.1424879003617,1325.0
146.39735199458454,1326.0
146.1424879003617,1327.0
146.6522160888074,1328.0
146.39735199458454,1329.0
146.6522160888074,1330.0
147.41680837147595,1331.0
147.41680837147595,1332.0
147.6716724656988,1333.0
147.1619442772531,1334.0
147.92653655992166,1335.0
147.6716724656988,1336.0
147.1619442772531,1337.0
147.41680837147595,1338.0
147.6716724656988,1339.0
147.6716724656988,1340.0
147.6716724656988,1341.0
147.92653655992166,1342.0
148.1814006541445,1343.0
148.69112884259022,1344.0
148.43626474836736,1345.0
148.43626474836736,1346.0
148.1814006541445,1347.0
148.94599293681307,1348.0
149.20085703103595,1349.0
149.20085703103595,1350.0
149.20085703103595,1351.0
148.94599293681307,1352.0
149.20085703103595,1353.0
149.20085703103595,1354.0
149.9654493137045,1355.0
149.9654493137045,1356.0
149.4557211252588,1357.0
149.71058521948166,1358.0
149.9654493137045,1359.0
150.47517750215022,1360.0
149.71058521948166,1361.0
149.9654493137045,1362.0
150.73004159637307,1363.0
150.73004159637307,1364.0
150.73004159637307,1365.0
150.98490569059592,1366.0
150.47517750215022,1367.0
150.73004159637307,1368.0
151.23976978481878,1369.0
150.98490569059592,1370.0
151.49463387904163,1371.0
151.23976978481878,1372.0
150.98490569059592,1373.0
151.23976978481878,1374.0
151.74949797326448,1375.0
152.00436206748734,1376.0
152.00436206748734,1377.0
152.00436206748734,1378.0
152.2592261617102,1379.0
151.74949797326448,1380.0
152.51409025593307,1381.0
152.76895435015592,1382.0
152.00436206748734,1383.0
152.76895435015592,1384.0
153.02381844437878,1385.0
153.02381844437878,1386.0
152.51409025593307,1387.0
152.51409025593307,1388.0
152.51409025593307,1389.0
153.27868253860163,1390.0
153.02381844437878,1391.0
153.27868253860163,1392.0
153.27868253860163,1393.0
153.53354663282448,1394.0
153.78841072704734,1395.0
153.27868253860163,1396.0
153.78841072704734,1397.0
154.29813891549304,1398.0
153.78841072704734,1399.0
154.29813891549304,1400.0
154.29813891549304,1401.0
154.0432748212702,1402.0
153.78841072704734,1403.0
154.5530030097159,1404.0
154.80786710393875,1405.0
155.0627311981616,1406.0
154.29813891549304,1407.0
154.80786710393875,1408.0
154.5530030097159,1409.0
154.80786710393875,1410.0
155.31759529238445,1411.0
154.80786710393875,1412.0
155.0627311981616,1413.0
155.5724593866073,1414.0
155.31759529238445,1415.0
155.31759529238445,1416.0
155.8273234808302,1417.0
156.08218757505304,1418.0
155.5724593866073,1419.0
156.3370516692759,1420.0
155.8273234808302,1421.0
156.3370516692759,1422.0
156.59191576349875,1423.0
156.59191576349875,1424.0
156.08218757505304,1425.0
157.10164395194445,1426.0
156.59191576349875,1427.0
156.8467798577216,1428.0
156.59191576349875,1429.0
157.3565080461673,1430.0
156.8467798577216,1431.0
156.8467798577216,1432.0
157.10164395194445,1433.0
157.3565080461673,1434.0
157.10164395194445,1435.0
157.3565080461673,1436.0
157.866236234613,1437.0
157.10164395194445,1438.0
157.866236234613,1439.0
157.866236234613,1440.0
157.61137214039016,1441.0
157.61137214039016,1442.0
157.3565080461673,1443.0
157.10164395194445,1444.0
156.8467798577216,1445.0
157.10164395194445,1446.0
156.8467798577216,1447.0
157.3565080461673,1448.0
157.10164395194445,1449.0
157.10164395194445,1450.0
156.59191576349875,1451.0
157.10164395194445,1452.0
156.3370516692759,1453.0
157.10164395194445,1454.0
156.3370516692759,1455.0
156.8467798577216,1456.0
156.8467798577216,1457.0
157.10164395194445,1458.0
156.08218757505304,1459.0
156.59191576349875,1460.0
156.59191576349875,1461.0
156.8467798577216,1462.0
156.3370516692759,1463.0
156.8467798577216,1464.0
155.8273234808302,1465.0
156.08218757505304,1466.0
156.08218757505304,1467.0
156.59191576349875,1468.0
156.08218757505304,1469.0
155.8273234808302,1470.0
156.59191576349875,1471.0
155.8273234808302,1472.0
156.08218757505304,1473.0
156.59191576349875,1474.0
156.08218757505304,1475.0
156.59191576349875,1476.0
156.59191576349875,1477.0
156.8467798577216,1478.0
155.8273234808302,1479.0
156.3370516692759,1480.0
156.8467798577216,1481.0
156.3370516692759,1482.0
156.59191576349875,1483.0
156.8467798577216,1484.0
156.8467798577216,1485.0
157.3565080461673,1486.0
156.8467798577216,1487.0
156.59191576349875,1488.0
157.10164395194445,1489.0
156.8467798577216,1490.0
157.61137214039016,1491.0
157.10164395194445,1492.0
157.3565080461673,1493.0
156.8467798577216,1494.0
157.10164395194445,1495.0
157.3565080461673,1496.0
157.3565080461673,1497.0
157.3565080461673,1498.0
157.10164395194445,1499.0
157.3565080461673,1500.0
156.8467798577216,1501.0
156.8467798577216,1502.0
156.8467798577216,1503.0
157.3565080461673,1504.0
156.8467798577216,1505.0
157.3565080461673,1506.0
157.3565080461673,1507.0
157.10164395194445,1508.0
156.59191576349875,1509.0
157.10164395194445,1510.0
156.3370516692759,1511.0
157.3565080461673,1512.0
156.3370516692759,1513.0
157.10164395194445,1514.0
156.8467798577216,1515.0
156.8467798577216,1516.0
156.8467798577216,1517.0
156.8467798577216,1518.0
156.08218757505304,1519.0
156.8467798577216,1520.0
156.08218757505304,1521.0
156.8467798577216,1522.0
156.08218757505304,1523.0
156.8467798577216,1524.0
156.08218757505304,1525.0
156.8467798577216,1526.0
156.8467798577216,1527.0
156.8467798577216,1528.0
156.08218757505304,1529.0
157.10164395194445,1530.0
156.3370516692759,1531.0
157.10164395194445,1532.0
156.8467798577216,1533.0
156.08218757505304,1534.0
156.59191576349875,1535.0
156.08218757505304,1536.0
156.59191576349875,1537.0
156.59191576349875,1538.0
157.10164395194445,1539.0
156.8467798577216,1540.0
156.3370516692759,1541.0
156.8467798577216,1542.0
156.8467798577216,1543.0
156.3370516692759,1544.0
156.3370516692759,1545.0
156.8467798577216,1546.0
156.59191576349875,1547.0
156.59191576349875,1548.0
156.8467798577216,1549.0
157.10164395194445,1550.0
156.3370516692759,1551.0
156.8467798577216,1552.0
156.8467798577216,1553.0
156.59191576349875,1554.0
156.59191576349875,1555.0
157.10164395194445,1556.0
156.59191576349875,1557.0
157.3565080461673,1558.0
157.10164395194445,1559.0
156.59191576349875,1560.0
157.3565080461673,1561.0
156.59191576349875,1562.0
156.8467798577216,1563.0
157.10164395194445,1564.0
157.61137214039016,1565.0
156.8467798577216,1566.0
156.8467798577216,1567.0
156.8467798577216,1568.0
157.3565080461673,1569.0
157.3565080461673,1570.0
156.8467798577216,1571.0
157.10164395194445,1572.0
157.10164395194445,1573.0
156.8467798577216,1574.0
157.3565080461673,1575.0
156.8467798577216,1576.0
157.10164395194445,1577.0
156.8467798577216,1578.0
157.61137214039016,1579.0
157.10164395194445,1580.0
156.59191576349875,1581.0
157.61137214039016,1582.0
157.10164395194445,1583.0
156.59191576349875,1584.0
157.10164395194445,1585.0
156.59191576349875,1586.0
157.3565080461673,1587.0
157.3565080461673,1588.0
157.3565080461673,1589.0
157.10164395194445,1590.0
156.59191576349875,1591.0
156.8467798577216,1592.0
156.59191576349875,1593.0
157.3565080461673,1594.0
156.59191576349875,1595.0
156.59191576349875,1596.0
157.10164395194445,1597.0
156.3370516692759,1598.0
156.3370516692759,1599.0
156.8467798577216,1600.0
156.3370516692759,1601.0
156.59191576349875,1602.0
157.10164395194445,1603.0
156.8467798577216,1604.0
156.59191576349875,1605.0
156.3370516692759,1606.0
156.3370516692759,1607.0
156.59191576349875,1608.0
156.8467798577216,1609.0
156.59191576349875,1610.0
157.10164395194445,1611.0
156.8467798577216,1612.0
156.59191576349875,1613.0
157.10164395194445,1614.0
157.3565080461673,1615.0
157.10164395194445,1616.0
157.10164395194445,1617.0
156.8467798577216,1618.0
157.10164395194445,1619.0
157.3565080461673,1620.0
157.61137214039016,1621.0
157.866236234613,1622.0
157.61137214039016,1623.0
157.3565080461673,1624.0
158.12110032883587,1625.0
158.12110032883587,1626.0
158.37596442305872,1627.0
157.61137214039016,1628.0
158.37596442305872,1629.0
157.866236234613,1630.0
157.866236234613,1631.0
158.37596442305872,1632.0
158.63082851728157,1633.0
158.63082851728157,1634.0
159.1405567057273,1635.0
159.1405567057273,1636.0
158.63082851728157,1637.0
158.88569261150442,1638.0
159.650284894173,1639.0
159.650284894173,1640.0
159.650284894173,1641.0
159.650284894173,1642.0
159.650284894173,1643.0
159.39542079995016,1644.0
159.39542079995016,1645.0
160.16001308261872,1646.0
159.650284894173,1647.0
159.650284894173,1648.0
159.90514898839587,1649.0
160.16001308261872,1650.0
160.41487717684157,1651.0
160.41487717684157,1652.0
160.41487717684157,1653.0
160.41487717684157,1654.0
160.66974127106442,1655.0
161.43433355373298,1656.0
161.43433355373298,1657.0
161.68919764795584,1658.0
161.43433355373298,1659.0
161.43433355373298,1660.0
161.43433355373298,1661.0
162.19892583640154,1662.0
162.19892583640154,1663.0
161.9440617421787,1664.0
162.45378993062442,1665.0
162.19892583640154,1666.0
162.70865402484728,1667.0
162.70865402484728,1668.0
162.70865402484728,1669.0
163.21838221329298,1670.0
162.96351811907013,1671.0
162.96351811907013,1672.0
163.21838221329298,1673.0
162.96351811907013,1674.0
162.96351811907013,1675.0
163.7281104017387,1676.0
163.21838221329298,1677.0
163.47324630751584,1678.0
163.47324630751584,1679.0
163.98297449596154,1680.0
163.7281104017387,1681.0
164.49270268440725,1682.0
164.7475667786301,1683.0
163.98297449596154,1684.0
164.49270268440725,1685.0
164.49270268440725,1686.0
164.49270268440725,1687.0
164.7475667786301,1688.0
164.7475667786301,1689.0
165.51215906129866,1690.0
165.2572949670758,1691.0
165.00243087285295,1692.0
165.00243087285295,1693.0
165.76702315552154,1694.0
165.2572949670758,1695.0
165.2572949670758,1696.0
165.2572949670758,1697.0
165.51215906129866,1698.0
166.0218872497444,1699.0
166.5316154381901,1700.0
166.5316154381901,1701.0
166.0218872497444,1702.0
166.5316154381901,1703.0
166.0218872497444,1704.0
166.78647953241295,1705.0
166.78647953241295,1706.0
166.27675134396725,1707.0
166.78647953241295,1708.0
166.78647953241295,1709.0
167.5510718150815,1710.0
167.5510718150815,1711.0
167.0413436266358,1712.0
167.80593590930437,1713.0
167.29620772085866,1714.0
168.06080000352722,1715.0
167.5510718150815,1716.0
167.5510718150815,1717.0
167.80593590930437,1718.0
167.80593590930437,1719.0
168.06080000352722,1720.0
168.57052819197293,1721.0
168.57052819197293,1722.0
168.57052819197293,1723.0
168.06080000352722,1724.0
168.31566409775007,1725.0
168.57052819197293,1726.0
169.08025638041866,1727.0
169.08025638041866,1728.0
168.57052819197293,1729.0
168.8253922861958,1730.0
169.3351204746415,1731.0
169.58998456886437,1732.0
169.08025638041866,1733.0
169.3351204746415,1734.0
170.09971275731007,1735.0
169.58998456886437,1736.0
169.58998456886437,1737.0
169.58998456886437,1738.0
170.09971275731007,1739.0
170.35457685153293,1740.0
169.84484866308722,1741.0
170.86430503997863,1742.0
170.48200889864435,1743.0
170.09971275731007,1744.0
170.35457685153293,1745.0
170.60944094575578,1746.0
170.60944094575578,1747.0
170.7368729928672,1748.0
170.86430503997863,1749.0
170.60944094575578,1750.0
171.11916913420148,1751.0
170.86430503997863,1752.0
170.86430503997863,1753.0
171.6288973226472,1754.0
171.50146527553576,1755.0
171.37403322842434,1756.0
172.13862551109293,1757.0
172.13862551109293,1758.0
172.13862551109293,1759.0
172.13862551109293,1760.0
172.39348960531578,1761.0
172.13862551109293,1762.0
172.39348960531578,1763.0
171.88376141687004,1764.0
172.64835369953863,1765.0
172.90321779376148,1766.0
172.64835369953863,1767.0
172.64835369953863,1768.0
172.90321779376148,1769.0
172.64835369953863,1770.0
172.64835369953863,1771.0
173.4129459822072,1772.0
173.15808188798434,1773.0
172.90321779376148,1774.0
173.66781007643004,1775.0
173.9226741706529,1776.0
173.9226741706529,1777.0
174.17753826487575,1778.0
173.66781007643004,1779.0
173.9226741706529,1780.0
174.4324023590986,1781.0
173.9226741706529,1782.0
174.4324023590986,1783.0
173.9226741706529,1784.0
173.9226741706529,1785.0
174.68726645332146,1786.0
174.4324023590986,1787.0
174.9421305475443,1788.0
174.4324023590986,1789.0
175.19699464176716,1790.0
175.19699464176716,1791.0
175.19699464176716,1792.0
175.19699464176716,1793.0
174.68726645332146,1794.0
175.7067228302129,1795.0
175.19699464176716,1796.0
175.7067228302129,1797.0
175.96158692443575,1798.0
175.7067228302129,1799.0
175.7067228302129,1800.0
175.96158692443575,1801.0
175.96158692443575,1802.0
175.96158692443575,1803.0
175.7067228302129,1804.0
176.47131511288146,1805.0
175.96158692443575,1806.0
176.47131511288146,1807.0
176.7261792071043,1808.0
175.96158692443575,1809.0
176.98104330132716,1810.0
176.47131511288146,1811.0
176.47131511288146,1812.0
176.7261792071043,1813.0
176.7261792071043,1814.0
177.23590739555002,1815.0
176.98104330132716,1816.0
177.23590739555002,1817.0
177.49077148977287,1818.0
177.49077148977287,1819.0
177.74563558399572,1820.0
177.74563558399572,1821.0
178.00049967821857,1822.0
178.25536377244143,1823.0
177.49077148977287,1824.0
177.49077148977287,1825.0
177.49077148977287,1826.0
177.49077148977287,1827.0
177.49077148977287,1828.0
178.51022786666428,1829.0
177.74563558399572,1830.0
178.25536377244143,1831.0
178.76509196088716,1832.0
178.76509196088716,1833.0
178.51022786666428,1834.0
178.76509196088716,1835.0
179.27482014933287,1836.0
179.27482014933287,1837.0
178.76509196088716,1838.0
178.76509196088716,1839.0
179.27482014933287,1840.0
179.01995605511001,1841.0
179.78454833777857,1842.0
179.27482014933287,1843.0
179.52968424355572,1844.0
179.52968424355572,1845.0
180.03941243200143,1846.0
179.78454833777857,1847.0
179.78454833777857,1848.0
180.03941243200143,1849.0
179.52968424355572,1850.0
180.03941243200143,1851.0
180.54914062044713,1852.0
180.03941243200143,1853.0
180.54914062044713,1854.0
179.78454833777857,1855.0
180.54914062044713,1856.0
180.80400471467,1857.0
180.29427652622428,1858.0
180.80400471467,1859.0
180.80400471467,1860.0
180.54914062044713,1861.0
180.54914062044713,1862.0
180.29427652622428,1863.0
180.80400471467,1864.0
181.05886880889284,1865.0
181.05886880889284,1866.0
181.05886880889284,1867.0
180.54914062044713,1868.0
181.3137329031157,1869.0
181.05886880889284,1870.0
181.56859699733855,1871.0
181.05886880889284,1872.0
181.3137329031157,1873.0
181.3137329031157,1874.0
181.8234610915614,1875.0
181.56859699733855,1876.0
181.56859699733855,1877.0
181.8234610915614,1878.0
182.33318928000713,1879.0
181.8234610915614,1880.0
181.8234610915614,1881.0
182.58805337423,1882.0
182.58805337423,1883.0
182.58805337423,1884.0
182.33318928000713,1885.0
182.58805337423,1886.0
182.84291746845284,1887.0
182.58805337423,1888.0
182.84291746845284,1889.0
183.35264565689855,1890.0
183.6075097511214,1891.0
183.6075097511214,1892.0
183.86237384534425,1893.0
183.86237384534425,1894.0
183.86237384534425,1895.0
183.35264565689855,1896.0
183.6075097511214,1897.0
183.35264565689855,1898.0
183.6075097511214,1899.0
183.35264565689855,1900.0
183.6075097511214,1901.0
184.37210203378996,1902.0
183.86237384534425,1903.0
183.86237384534425,1904.0
184.6269661280128,1905.0
184.1172379395671,1906.0
184.6269661280128,1907.0
184.1172379395671,1908.0
184.88183022223566,1909.0
184.1172379395671,1910.0
185.13669431645852,1911.0
184.88183022223566,1912.0
184.88183022223566,1913.0
185.3915584106814,1914.0
185.3915584106814,1915.0
185.3915584106814,1916.0
185.3915584106814,1917.0
185.64642250490425,1918.0
185.13669431645852,1919.0
184.88183022223566,1920.0
185.13669431645852,1921.0
185.9012865991271,1922.0
185.9012865991271,1923.0
185.3915584106814,1924.0
186.15615069334996,1925.0
185.64642250490425,1926.0
186.4110147875728,1927.0
185.9012865991271,1928.0
186.66587888179566,1929.0
186.15615069334996,1930.0
186.15615069334996,1931.0
186.4110147875728,1932.0
186.4110147875728,1933.0
186.15615069334996,1934.0
186.92074297601852,1935.0
187.17560707024137,1936.0
186.92074297601852,1937.0
186.92074297601852,1938.0
186.92074297601852,1939.0
186.92074297601852,1940.0
187.17560707024137,1941.0
187.43047116446422,1942.0
187.17560707024137,1943.0
187.68533525868708,1944.0
187.94019935290993,1945.0
187.94019935290993,1946.0
187.43047116446422,1947.0
187.94019935290993,1948.0
187.68533525868708,1949.0
188.19506344713278,1950.0
188.19506344713278,1951.0
188.19506344713278,1952.0
188.44992754135566,1953.0
188.44992754135566,1954.0
188.19506344713278,1955.0
188.44992754135566,1956.0
188.70479163557852,1957.0
188.19506344713278,1958.0
188.44992754135566,1959.0
188.44992754135566,1960.0
188.70479163557852,1961.0
188.44992754135566,1962.0
188.95965572980137,1963.0
188.70479163557852,1964.0
188.95965572980137,1965.0
189.46938391824708,1966.0
189.72424801246993,1967.0
188.95965572980137,1968.0
189.21451982402422,1969.0
189.21451982402422,1970.0
189.72424801246993,1971.0
189.72424801246993,1972.0
189.46938391824708,1973.0
189.72424801246993,1974.0
189.46938391824708,1975.0
189.97911210669278,1976.0
189.46938391824708,1977.0
189.72424801246993,1978.0
189.72424801246993,1979.0
189.72424801246993,1980.0
190.23397620091563,1981.0
189.72424801246993,1982.0
190.4888402951385,1983.0
190.4888402951385,1984.0
189.97911210669278,1985.0
190.23397620091563,1986.0
190.4888402951385,1987.0
190.4888402951385,1988.0
190.4888402951385,1989.0
190.74370438936134,1990.0
191.25343257780705,1991.0
191.25343257780705,1992.0
191.5082966720299,1993.0
191.25343257780705,1994.0
191.5082966720299,1995.0
190.9985684835842,1996.0
191.5082966720299,1997.0
191.76316076625278,1998.0
191.76316076625278,1999.0
191.25343257780705,2000.0
192.01802486047563,2001.0
191.5082966720299,2002.0
191.5082966720299,2003.0
192.01802486047563,2004.0
192.2728889546985,2005.0
191.76316076625278,2006.0
192.52775304892134,2007.0
192.2728889546985,2008.0
192.7826171431442,2009.0
192.7826171431442,2010.0
193.03748123736705,2011.0
193.03748123736705,2012.0
192.52775304892134,2013.0
192.7826171431442,2014.0
192.52775304892134,2015.0
193.03748123736705,2016.0
193.2923453315899,2017.0
192.7826171431442,2018.0
193.03748123736705,2019.0
192.7826171431442,2020.0
193.2923453315899,2021.0
192.7826171431442,2022.0
193.03748123736705,2023.0
193.8020735200356,2024.0
193.2923453315899,2025.0
193.2923453315899,2026.0
193.2923453315899,2027.0
194.05693761425846,2028.0
194.05693761425846,2029.0
194.3118017084813,2030.0
194.3118017084813,2031.0
194.3118017084813,2032.0
194.3118017084813,2033.0
194.05693761425846,2034.0
194.56666580270416,2035.0
194.82152989692702,2036.0
194.82152989692702,2037.0
194.82152989692702,2038.0
194.05693761425846,2039.0
194.82152989692702,2040.0
194.56666580270416,2041.0
194.56666580270416,2042.0
194.3118017084813,2043.0
194.56666580270416,2044.0
195.0763939911499,2045.0
194.82152989692702,2046.0
195.33125808537275,2047.0
194.82152989692702,2048.0
195.0763939911499,2049.0
194.82152989692702,2050.0
195.0763939911499,2051.0
195.84098627381846,2052.0
195.33125808537275,2053.0
195.5861221795956,2054.0
195.84098627381846,2055.0
195.33125808537275,2056.0
196.0958503680413,2057.0
195.5861221795956,2058.0
196.0958503680413,2059.0
196.0958503680413,2060.0
196.0958503680413,2061.0
196.0958503680413,2062.0
195.84098627381846,2063.0
196.35071446226416,2064.0
196.86044265070987,2065.0
196.35071446226416,2066.0
196.60557855648702,2067.0
196.35071446226416,2068.0
196.86044265070987,2069.0
196.60557855648702,2070.0
197.11530674493272,2071.0
197.11530674493272,2072.0
197.11530674493272,2073.0
197.11530674493272,2074.0
197.11530674493272,2075.0
197.87989902760128,2076.0
197.62503493337843,2077.0
197.37017083915558,2078.0
197.11530674493272,2079.0
197.37017083915558,2080.0
197.37017083915558,2081.0
197.87989902760128,2082.0
197.37017083915558,2083.0
198.13476312182414,2084.0
198.13476312182414,2085.0
198.13476312182414,2086.0
197.87989902760128,2087.0
197.87989902760128,2088.0
198.38962721604702,2089.0
197.87989902760128,2090.0
198.38962721604702,2091.0
197.62503493337843,2092.0
198.38962721604702,2093.0
198.64449131026987,2094.0
198.64449131026987,2095.0
197.87989902760128,2096.0
197.87989902760128,2097.0
197.62503493337843,2098.0
198.38962721604702,2099.0
198.13476312182414,2100.0
198.13476312182414,2101.0
197.87989902760128,2102.0
197.62503493337843,2103.0
198.13476312182414,2104.0
197.87989902760128,2105.0
197.37017083915558,2106.0
197.37017083915558,2107.0
197.87989902760128,2108.0
197.37017083915558,2109.0
197.62503493337843,2110.0
196.60557855648702,2111.0
197.62503493337843,2112.0
196.86044265070987,2113.0
196.86044265070987,2114.0
196.60557855648702,2115.0
197.11530674493272,2116.0
196.60557855648702,2117.0
196.60557855648702,2118.0
197.11530674493272,2119.0
196.35071446226416,2120.0
197.37017083915558,2121.0
196.60557855648702,2122.0
197.37017083915558,2123.0
197.11530674493272,2124.0
196.86044265070987,2125.0
196.86044265070987,2126.0
196.86044265070987,2127.0
197.11530674493272,2128.0
197.37017083915558,2129.0
196.86044265070987,2130.0
197.37017083915558,2131.0
196.86044265070987,2132.0
196.60557855648702,2133.0
197.11530674493272,2134.0
197.37017083915558,2135.0
196.86044265070987,2136.0
197.62503493337843,2137.0
197.37017083915558,2138.0
197.11530674493272,2139.0
197.37017083915558,2140.0
197.37017083915558,2141.0
197.37017083915558,2142.0
197.11530674493272,2143.0
197.87989902760128,2144.0
197.62503493337843,2145.0
197.62503493337843,2146.0
197.62503493337843,2147.0
197.62503493337843,2148.0
197.87989902760128,2149.0
197.87989902760128,2150.0
197.37017083915558,2151.0
198.38962721604702,2152.0
197.87989902760128,2153.0
197.87989902760128,2154.0
197.62503493337843,2155.0
197.62503493337843,2156.0
198.13476312182414,2157.0
197.62503493337843,2158.0
197.62503493337843,2159.0
197.37017083915558,2160.0
198.38962721604702,2161.0
197.87989902760128,2162.0
198.13476312182414,2163.0
198.38962721604702,2164.0
197.62503493337843,2165.0
198.13476312182414,2166.0
197.37017083915558,2167.0
197.87989902760128,2168.0
198.13476312182414,2169.0
197.37017083915558,2170.0
197.87989902760128,2171.0
197.62503493337843,2172.0
197.62503493337843,2173.0
197.87989902760128,2174.0
197.11530674493272,2175.0
197.37017083915558,2176.0
197.11530674493272,2177.0
197.11530674493272,2178.0
197.37017083915558,2179.0
197.11530674493272,2180.0
197.87989902760128,2181.0
197.37017083915558,2182.0
196.86044265070987,2183.0
197.11530674493272,2184.0
197.11530674493272,2185.0
197.11530674493272,2186.0
197.11530674493272,2187.0
197.11530674493272,2188.0
196.86044265070987,2189.0
197.11530674493272,2190.0
197.62503493337843,2191.0
197.37017083915558,2192.0
197.11530674493272,2193.0
197.11530674493272,2194.0
197.87989902760128,2195.0
197.62503493337843,2196.0
197.11530674493272,2197.0
197.11530674493272,2198.0
197.37017083915558,2199.0
197.11530674493272,2200.0
197.37017083915558,2201.0
197.62503493337843,2202.0
197.11530674493272,2203.0
197.87989902760128,2204.0
197.37017083915558,2205.0
197.87989902760128,2206.0
198.13476312182414,2207.0
197.37017083915558,2208.0
197.87989902760128,2209.0
198.13476312182414,2210.0
197.62503493337843,2211.0
197.62503493337843,2212.0
197.62503493337843,2213.0
197.87989902760128,2214.0
198.13476312182414,2215.0
197.62503493337843,2216.0
198.38962721604702,2217.0
197.62503493337843,2218.0
197.87989902760128,2219.0
198.13476312182414,2220.0
197.37017083915558,2221.0
198.38962721604702,2222.0
197.62503493337843,2223.0
198.38962721604702,2224.0
198.13476312182414,2225.0
197.62503493337843,2226.0
198.38962721604702,2227.0
198.13476312182414,2228.0
197.37017083915558,2229.0
198.13476312182414,2230.0
197.62503493337843,2231.0
197.87989902760128,2232.0
197.62503493337843,2233.0
197.37017083915558,2234.0
198.13476312182414,2235.0
197.37017083915558,2236.0
197.37017083915558,2237.0
198.13476312182414,2238.0
197.62503493337843,2239.0
197.37017083915558,2240.0
197.11530674493272,2241.0
198.13476312182414,2242.0
197.11530674493272,2243.0
197.87989902760128,2244.0
197.87989902760128,2245.0
197.62503493337843,2246.0
197.11530674493272,2247.0
197.62503493337843,2248.0
197.62503493337843,2249.0
197.62503493337843,2250.0
197.37017083915558,2251.0
197.87989902760128,2252.0
196.86044265070987,2253.0
197.37017083915558,2254.0
197.87989902760128,2255.0
197.11530674493272,2256.0
197.62503493337843,2257.0
197.11530674493272,2258.0
196.86044265070987,2259.0
197.62503493337843,2260.0
197.11530674493272,2261.0
197.11530674493272,2262.0
196.86044265070987,2263.0
196.86044265070987,2264.0
197.37017083915558,2265.0
197.62503493337843,2266.0
197.37017083915558,2267.0
196.86044265070987,2268.0
196.60557855648702,2269.0
196.86044265070987,2270.0
197.11530674493272,2271.0
197.37017083915558,2272.0
196.60557855648702,2273.0
197.11530674493272,2274.0
196.60557855648702,2275.0
196.60557855648702,2276.0
196.35071446226416,2277.0
196.60557855648702,2278.0
196.35071446226416,2279.0
196.0958503680413,2280.0
196.35071446226416,2281.0
196.60557855648702,2282.0
195.84098627381846,2283.0
196.35071446226416,2284.0
195.84098627381846,2285.0
195.5861221795956,2286.0
195.5861221795956,2287.0
195.5861221795956,2288.0
195.33125808537275,2289.0
195.0763939911499,2290.0
194.82152989692702,2291.0
195.33125808537275,2292.0
195.0763939911499,2293.0
195.33125808537275,2294.0
195.0763939911499,2295.0
194.82152989692702,2296.0
194.82152989692702,2297.0
194.56666580270416,2298.0
194.82152989692702,2299.0
194.3118017084813,2300.0
194.05693761425846,2301.0
193.54720942581275,2302.0
194.05693761425846,2303.0
193.8020735200356,2304.0
193.2923453315899,2305.0
193.2923453315899,2306.0
193.54720942581275,2307.0
193.54720942581275,2308.0
192.7826171431442,2309.0
193.2923453315899,2310.0
192.7826171431442,2311.0
192.7826171431442,2312.0
193.2923453315899,2313.0
193.03748123736705,2314.0
192.2728889546985,2315.0
193.03748123736705,2316.0
192.52775304892134,2317.0
192.7826171431442,2318.0
192.01802486047563,2319.0
192.01802486047563,2320.0
191.5082966720299,2321.0
191.76316076625278,2322.0
191.5082966720299,2323.0
192.01802486047563,2324.0
191.25343257780705,2325.0
191.25343257780705,2326.0
190.9985684835842,2327.0
190.9985684835842,2328.0
191.5082966720299,2329.0
191.5082966720299,2330.0
190.74370438936134,2331.0
190.4888402951385,2332.0
190.23397620091563,2333.0
190.74370438936134,2334.0
190.74370438936134,2335.0
189.97911210669278,2336.0
190.74370438936134,2337.0
190.4888402951385,2338.0
190.23397620091563,2339.0
190.23397620091563,2340.0
189.97911210669278,2341.0
189.97911210669278,2342.0
190.23397620091563,2343.0
189.46938391824708,2344.0
189.21451982402422,2345.0
189.46938391824708,2346.0
189.72424801246993,2347.0
189.46938391824708,2348.0
189.21451982402422,2349.0
188.44992754135566,2350.0
188.95965572980137,2351.0
188.95965572980137,2352.0
188.95965572980137,2353.0
187.94019935290993,2354.0
188.44992754135566,2355.0
188.44992754135566,2356.0
187.94019935290993,2357.0
187.68533525868708,2358.0
188.19506344713278,2359.0
187.94019935290993,2360.0
187.68533525868708,2361.0
187.94019935290993,2362.0
187.17560707024137,2363.0
187.68533525868708,2364.0
186.92074297601852,2365.0
186.92074297601852,2366.0
187.43047116446422,2367.0
186.92074297601852,2368.0
186.66587888179566,2369.0
186.92074297601852,2370.0
186.66587888179566,2371.0
186.15615069334996,2372.0
186.66587888179566,2373.0
186.66587888179566,2374.0
186.4110147875728,2375.0
185.9012865991271,2376.0
186.66587888179566,2377.0
186.15615069334996,2378.0
186.4110147875728,2379.0
185.64642250490425,2380.0
185.64642250490425,2381.0
186.15615069334996,2382.0
185.3915584106814,2383.0
185.64642250490425,2384.0
185.13669431645852,2385.0
185.13669431645852,2386.0
184.88183022223566,2387.0
184.88183022223566,2388.0
184.88183022223566,2389.0
185.3915584106814,2390.0
184.6269661280128,2391.0
184.6269661280128,2392.0
184.6269661280128,2393.0
184.88183022223566,2394.0
184.88183022223566,2395.0
184.6269661280128,2396.0
184.1172379395671,2397.0
184.1172379395671,2398.0
184.88183022223566,2399.0
184.37210203378996,2400.0
184.6269661280128,2401.0
183.6075097511214,2402.0
183.6075097511214,2403.0
184.1172379395671,2404.0
183.35264565689855,2405.0
184.1172379395671,2406.0
183.86237384534425,2407.0
183.0977815626757,2408.0
183.6075097511214,2409.0
183.0977815626757,2410.0
183.35264565689855,2411.0
183.0977815626757,2412.0
183.35264565689855,2413.0
183.35264565689855,2414.0
183.0977815626757,2415.0
183.0977815626757,2416.0
182.33318928000713,2417.0
182.58805337423,2418.0
183.0977815626757,2419.0
182.07832518578428,2420.0
182.58805337423,2421.0
182.07832518578428,2422.0
181.8234610915614,2423.0
181.8234610915614,2424.0
182.33318928000713,2425.0
182.07832518578428,2426.0
182.33318928000713,2427.0
182.33318928000713,2428.0
182.07832518578428,2429.0
181.3137329031157,2430.0
181.8234610915614,2431.0
181.56859699733855,2432.0
181.56859699733855,2433.0
181.56859699733855,2434.0
181.56859699733855,2435.0
181.56859699733855,2436.0
180.54914062044713,2437.0
181.3137329031157,2438.0
181.05886880889284,2439.0
181.3137329031157,2440.0
180.80400471467,2441.0
180.54914062044713,2442.0
180.29427652622428,2443.0
180.80400471467,2444.0
180.03941243200143,2445.0
179.78454833777857,2446.0
180.29427652622428,2447.0
180.29427652622428,2448.0
179.78454833777857,2449.0
179.52968424355572,2450.0
180.29427652622428,2451.0
179.78454833777857,2452.0
179.52968424355572,2453.0
179.52968424355572,2454.0
180.03941243200143,2455.0
179.27482014933287,2456.0
179.01995605511001,2457.0
179.01995605511001,2458.0
178.76509196088716,2459.0
179.01995605511001,2460.0
178.76509196088716,2461.0
179.27482014933287,2462.0
178.51022786666428,2463.0
179.01995605511001,2464.0
179.27482014933287,2465.0
178.51022786666428,2466.0
179.01995605511001,2467.0
178.51022786666428,2468.0
178.25536377244143,2469.0
178.25536377244143,2470.0
178.25536377244143,2471.0
177.74563558399572,2472.0
178.25536377244143,2473.0
177.74563558399572,2474.0
178.00049967821857,2475.0
178.25536377244143,2476.0
177.49077148977287,2477.0
177.49077148977287,2478.0
177.49077148977287,2479.0
177.23590739555002,2480.0
177.49077148977287,2481.0
177.23590739555002,2482.0
177.74563558399572,2483.0
176.98104330132716,2484.0
177.49077148977287,2485.0
177.49077148977287,2486.0
176.7261792071043,2487.0
176.47131511288146,2488.0
176.2164510186586,2489.0
176.98104330132716,2490.0
176.98104330132716,2491.0
176.2164510186586,2492.0
176.2164510186586,2493.0
175.96158692443575,2494.0
175.96158692443575,2495.0
176.47131511288146,2496.0
176.47131511288146,2497.0
176.2164510186586,2498.0
176.2164510186586,2499.0
175.45185873599004,2500.0
175.96158692443575,2501.0
175.96158692443575,2502.0
175.96158692443575,2503.0
175.19699464176716,2504.0
175.45185873599004,2505.0
175.19699464176716,2506.0
175.45185873599004,2507.0
175.45185873599004,2508.0
175.19699464176716,2509.0
175.19699464176716,2510.0
174.68726645332146,2511.0
175.19699464176716,2512.0
175.19699464176716,2513.0
174.9421305475443,2514.0
174.4324023590986,2515.0
174.9421305475443,2516.0
174.4324023590986,2517.0
174.68726645332146,2518.0
174.68726645332146,2519.0
174.4324023590986,2520.0
174.68726645332146,2521.0
173.66781007643004,2522.0
173.66781007643004,2523.0
173.66781007643004,2524.0
173.9226741706529,2525.0
174.4324023590986,2526.0
174.17753826487575,2527.0
174.17753826487575,2528.0
173.66781007643004,2529.0
173.9226741706529,2530.0
173.66781007643004,2531.0
173.9226741706529,2532.0
173.15808188798434,2533.0
173.15808188798434,2534.0
172.64835369953863,2535.0
172.90321779376148,2536.0
173.15808188798434,2537.0
173.4129459822072,2538.0
172.64835369953863,2539.0
172.39348960531578,2540.0
172.64835369953863,2541.0
172.64835369953863,2542.0
172.64835369953863,2543.0
172.13862551109293,2544.0
172.64835369953863,2545.0
172.64835369953863,2546.0
171.88376141687004,2547.0
171.88376141687004,2548.0
172.39348960531578,2549.0
172.13862551109293,2550.0
171.88376141687004,2551.0
171.6288973226472,2552.0
171.88376141687004,2553.0
172.13862551109293,2554.0
171.6288973226472,2555.0
171.6288973226472,2556.0
171.6288973226472,2557.0
171.88376141687004,2558.0
171.88376141687004,2559.0
171.11916913420148,2560.0
171.37403322842434,2561.0
171.6288973226472,2562.0
170.60944094575578,2563.0
170.86430503997863,2564.0
170.35457685153293,2565.0
171.11916913420148,2566.0
170.60944094575578,2567.0
171.11916913420148,2568.0
170.35457685153293,2569.0
170.09971275731007,2570.0
170.09971275731007,2571.0
170.09971275731007,2572.0
169.84484866308722,2573.0
169.84484866308722,2574.0
169.84484866308722,2575.0
170.35457685153293,2576.0
170.09971275731007,2577.0
170.09971275731007,2578.0
170.09971275731007,2579.0
169.84484866308722,2580.0
170.09971275731007,2581.0
169.84484866308722,2582.0
169.3351204746415,2583.0
169.08025638041866,2584.0
169.3351204746415,2585.0
169.58998456886437,2586.0
169.08025638041866,2587.0
168.8253922861958,2588.0
169.3351204746415,2589.0
169.58998456886437,2590.0
168.8253922861958,2591.0
168.57052819197293,2592.0
168.8253922861958,2593.0
169.08025638041866,2594.0
169.08025638041866,2595.0
169.08025638041866,2596.0
169.08025638041866,2597.0
169.08025638041866,2598.0
168.31566409775007,2599.0
168.8253922861958,2600.0
168.06080000352722,2601.0
168.31566409775007,2602.0
168.57052819197293,2603.0
168.31566409775007,2604.0
167.5510718150815,2605.0
168.06080000352722,2606.0
167.5510718150815,2607.0
168.06080000352722,2608.0
168.06080000352722,2609.0
168.06080000352722,2610.0
168.06080000352722,2611.0
167.29620772085866,2612.0
167.0413436266358,2613.0
167.0413436266358,2614.0
166.78647953241295,2615.0
167.5510718150815,2616.0
167.16877567374723,2617.0
166.78647953241295,2618.0
166.78647953241295,2619.0
166.78647953241295,2620.0
167.29620772085866,2621.0
167.29620772085866,2622.0
166.27675134396725,2623.0
166.27675134396725,2624.0
167.0413436266358,2625.0
166.5316154381901,2626.0
166.78647953241295,2627.0
166.27675134396725,2628.0
166.5316154381901,2629.0
166.0218872497444,2630.0
166.0218872497444,2631.0
166.0218872497444,2632.0
166.14931929685582,2633.0
166.5316154381901,2634.0
166.27675134396725,2635.0
165.76702315552154,2636.0
166.27675134396725,2637.0
166.0218872497444,2638.0
165.76702315552154,2639.0
165.2572949670758,2640.0
165.51215906129866,2641.0
165.76702315552154,2642.0
166.0218872497444,2643.0
165.76702315552154,2644.0
165.51215906129866,2645.0
165.51215906129866,2646.0
165.51215906129866,2647.0
165.51215906129866,2648.0
165.2572949670758,2649.0
165.51215906129866,2650.0
164.7475667786301,2651.0
165.2572949670758,2652.0
164.49270268440725,2653.0
164.49270268440725,2654.0
164.49270268440725,2655.0
164.2378385901844,2656.0
164.49270268440725,2657.0
164.2378385901844,2658.0
164.7475667786301,2659.0
164.7475667786301,2660.0
164.2378385901844,2661.0
164.7475667786301,2662.0
163.7281104017387,2663.0
164.49270268440725,2664.0
164.49270268440725,2665.0
164.49270268440725,2666.0
164.2378385901844,2667.0
163.47324630751584,2668.0
163.47324630751584,2669.0
163.98297449596154,2670.0
163.47324630751584,2671.0
163.21838221329298,2672.0
163.47324630751584,2673.0
162.96351811907013,2674.0
163.7281104017387,2675.0
163.47324630751584,2676.0
162.96351811907013,2677.0
163.47324630751584,2678.0
162.70865402484728,2679.0
163.47324630751584,2680.0
163.47324630751584,2681.0
162.70865402484728,2682.0
163.21838221329298,2683.0
162.19892583640154,2684.0
162.45378993062442,2685.0
162.70865402484728,2686.0
162.96351811907013,2687.0
162.19892583640154,2688.0
161.9440617421787,2689.0
162.70865402484728,2690.0
162.45378993062442,2691.0
161.68919764795584,2692.0
161.68919764795584,2693.0
161.43433355373298,2694.0
162.19892583640154,2695.0
161.9440617421787,2696.0
162.19892583640154,2697.0
161.43433355373298,2698.0
161.43433355373298,2699.0
161.68919764795584,2700.0
160.92460536528728,2701.0
161.68919764795584,2702.0
161.17946945951013,2703.0
161.43433355373298,2704.0
160.92460536528728,2705.0
161.17946945951013,2706.0
160.92460536528728,2707.0
160.41487717684157,2708.0
160.66974127106442,2709.0
160.66974127106442,2710.0
160.41487717684157,2711.0
160.92460536528728,2712.0
160.16001308261872,2713.0
160.41487717684157,2714.0
160.92460536528728,2715.0
160.66974127106442,2716.0
159.90514898839587,2717.0
160.16001308261872,2718.0
160.41487717684157,2719.0
160.66974127106442,2720.0
159.90514898839587,2721.0
159.90514898839587,2722.0
159.650284894173,2723.0
159.650284894173,2724.0
160.16001308261872,2725.0
159.90514898839587,2726.0
159.39542079995016,2727.0
159.39542079995016,2728.0
159.1405567057273,2729.0
159.39542079995016,2730.0
159.90514898839587,2731.0
159.39542079995016,2732.0
159.1405567057273,2733.0
159.650284894173,2734.0
158.88569261150442,2735.0
158.88569261150442,2736.0
158.88569261150442,2737.0
159.1405567057273,2738.0
158.88569261150442,2739.0
159.1405567057273,2740.0
158.63082851728157,2741.0
159.1405567057273,2742.0
158.63082851728157,2743.0
158.88569261150442,2744.0
158.37596442305872,2745.0
158.63082851728157,2746.0
158.37596442305872,2747.0
158.12110032883587,2748.0
158.12110032883587,2749.0
158.12110032883587,2750.0
158.12110032883587,2751.0
157.866236234613,2752.0
157.61137214039016,2753.0
157.61137214039016,2754.0
157.3565080461673,2755.0
157.61137214039016,2756.0
158.12110032883587,2757.0
157.3565080461673,2758.0
157.866236234613,2759.0
157.61137214039016,2760.0
157.61137214039016,2761.0
157.61137214039016,2762.0
157.866236234613,2763.0
157.3565080461673,2764.0
156.59191576349875,2765.0
157.3565080461673,2766.0
157.10164395194445,2767.0
157.3565080461673,2768.0
157.10164395194445,2769.0
156.3370516692759,2770.0
156.59191576349875,2771.0
157.10164395194445,2772.0
156.59191576349875,2773.0
157.10164395194445,2774.0
156.8467798577216,2775.0
157.10164395194445,2776.0
156.3370516692759,2777.0
156.08218757505304,2778.0
155.8273234808302,2779.0
155.8273234808302,2780.0
155.8273234808302,2781.0
156.08218757505304,2782.0
156.3370516692759,2783.0
155.8273234808302,2784.0
156.08218757505304,2785.0
156.08218757505304,2786.0
155.8273234808302,2787.0
155.31759529238445,2788.0
156.08218757505304,2789.0
155.5724593866073,2790.0
156.08218757505304,2791.0
155.0627311981616,2792.0
155.31759529238445,2793.0
155.0627311981616,2794.0
155.5724593866073,2795.0
155.8273234808302,2796.0
155.5724593866073,2797.0
155.0627311981616,2798.0
155.0627311981616,2799.0
155.8273234808302,2800.0
155.31759529238445,2801.0
155.5724593866073,2802.0
154.80786710393875,2803.0
154.80786710393875,2804.0
155.31759529238445,2805.0
155.5724593866073,2806.0
154.80786710393875,2807.0
154.80786710393875,2808.0
155.5724593866073,2809.0
155.31759529238445,2810.0
155.31759529238445,2811.0
154.80786710393875,2812.0
155.5724593866073,2813.0
155.5724593866073,2814.0
155.31759529238445,2815.0
155.8273234808302,2816.0
155.5724593866073,2817.0
155.5724593866073,2818.0
156.3370516692759,2819.0
156.3370516692759,2820.0
156.3370516692759,2821.0
156.08218757505304,2822.0
156.59191576349875,2823.0
156.59191576349875,2824.0
156.3370516692759,2825.0
156.08218757505304,2826.0
156.59191576349875,2827.0
157.10164395194445,2828.0
157.10164395194445,2829.0
156.59191576349875,2830.0
157.10164395194445,2831.0
157.61137214039016,2832.0
157.3565080461673,2833.0
157.10164395194445,2834.0
157.10164395194445,2835.0
157.3565080461673,2836.0
158.12110032883587,2837.0
158.37596442305872,2838.0
158.12110032883587,2839.0
157.61137214039016,2840.0
158.63082851728157,2841.0
158.12110032883587,2842.0
157.866236234613,2843.0
158.37596442305872,2844.0
157.61137214039016,2845.0
157.866236234613,2846.0
157.866236234613,2847.0
157.866236234613,2848.0
158.37596442305872,2849.0
158.63082851728157,2850.0
158.37596442305872,2851.0
158.37596442305872,2852.0
158.37596442305872,2853.0
157.866236234613,2854.0
157.61137214039016,2855.0
158.37596442305872,2856.0
158.37596442305872,2857.0
158.12110032883587,2858.0
158.37596442305872,2859.0
157.3565080461673,2860.0
157.3565080461673,2861.0
158.12110032883587,2862.0
158.12110032883587,2863.0
157.866236234613,2864.0
157.866236234613,2865.0
157.3565080461673,2866.0
157.10164395194445,2867.0
157.866236234613,2868.0
157.10164395194445,2869.0
157.61137214039016,2870.0
156.8467798577216,2871.0
157.61137214039016,2872.0
157.10164395194445,2873.0
157.10164395194445,2874.0
156.59191576349875,2875.0
157.10164395194445,2876.0
156.8467798577216,2877.0
156.8467798577216,2878.0
156.8467798577216,2879.0
157.10164395194445,2880.0
157.10164395194445,2881.0
156.3370516692759,2882.0
156.59191576349875,2883.0
157.10164395194445,2884.0
157.10164395194445,2885.0
156.08218757505304,2886.0
157.10164395194445,2887.0
156.59191576349875,2888.0
156.8467798577216,2889.0
156.59191576349875,2890.0
157.10164395194445,2891.0
156.08218757505304,2892.0
156.8467798577216,2893.0
156.59191576349875,2894.0
157.10164395194445,2895.0
156.08218757505304,2896.0
156.8467798577216,2897.0
156.59191576349875,2898.0
156.08218757505304,2899.0
156.8467798577216,2900.0
156.08218757505304,2901.0
156.3370516692759,2902.0
156.59191576349875,2903.0
156.59191576349875,2904.0
157.10164395194445,2905.0
157.10164395194445,2906.0
156.3370516692759,2907.0
156.59191576349875,2908.0
156.8467798577216,2909.0
157.10164395194445,2910.0
157.10164395194445,2911.0
156.59191576349875,2912.0
156.8467798577216,2913.0
156.8467798577216,2914.0
157.866236234613,2915.0
157.3565080461673,2916.0
157.10164395194445,2917.0
157.61137214039016,2918.0
157.866236234613,2919.0
157.61137214039016,2920.0
157.61137214039016,2921.0
156.8467798577216,2922.0
157.866236234613,2923.0
157.61137214039016,2924.0
157.10164395194445,2925.0
156.8467798577216,2926.0
157.10164395194445,2927.0
156.8467798577216,2928.0
157.61137214039016,2929.0
156.8467798577216,2930.0
157.10164395194445,2931.0
156.8467798577216,2932.0
157.3565080461673,2933.0
157.61137214039016,2934.0
157.61137214039016,2935.0
157.3565080461673,2936.0
157.3565080461673,2937.0
157.10164395194445,2938.0
157.10164395194445,2939.0
156.8467798577216,2940.0
157.61137214039016,2941.0
157.866236234613,2942.0
156.8467798577216,2943.0
157.10164395194445,2944.0
157.61137214039016,2945.0
156.8467798577216,2946.0
157.866236234613,2947.0
156.8467798577216,2948.0
157.866236234613,2949.0
156.8467798577216,2950.0
157.10164395194445,2951.0
156.59191576349875,2952.0
157.10164395194445,2953.0
157.61137214039016,2954.0
157.61137214039016,2955.0
156.8467798577216,2956.0
157.10164395194445,2957.0
157.3565080461673,2958.0
156.59191576349875,2959.0
157.61137214039016,2960.0
157.3565080461673,2961.0
157.10164395194445,2962.0
156.8467798577216,2963.0
157.866236234613,2964.0
157.10164395194445,2965.0
156.8467798577216,2966.0
157.3565080461673,2967.0
156.59191576349875,2968.0
157.3565080461673,2969.0
156.59191576349875,2970.0
157.61137214039016,2971.0
156.8467798577216,2972.0
157.3565080461673,2973.0
156.59191576349875,2974.0
157.3565080461673,2975.0
156.59191576349875,2976.0
157.10164395194445,2977.0
157.3565080461673,2978.0
157.10164395194445,2979.0
157.3565080461673,2980.0
157.10164395194445,2981.0
157.61137214039016,2982.0
156.8467798577216,2983.0
157.61137214039016,2984.0
157.3565080461673,2985.0
156.8467798577216,2986.0
157.3565080461673,2987.0
156.59191576349875,2988.0
157.3565080461673,2989.0
156.3370516692759,2990.0
157.61137214039016,2991.0
156.59191576349875,2992.0
157.3565080461673,2993.0
156.59191576349875,2994.0
156.8467798577216,2995.0
157.10164395194445,2996.0
157.3565080461673,2997.0
157.10164395194445,2998.0
157.3565080461673,2999.0
157.10164395194445,3000.0
156.59191576349875,3001.0
157.61137214039016,3002.0
156.3370516692759,3003.0
157.61137214039016,3004.0
156.59191576349875,3005.0
157.61137214039016,3006.0
156.3370516692759,3007.0
157.3565080461673,3008.0
156.59191576349875,3009.0
156.8467798577216,3010.0
156.8467798577216,3011.0
156.59191576349875,3012.0
156.8467798577216,3013.0
157.3565080461673,3014.0
157.3565080461673,3015.0
157.3565080461673,3016.0
157.61137214039016,3017.0
157.10164395194445,3018.0
157.866236234613,3019.0
157.866236234613,3020.0
157.3565080461673,3021.0
157.866236234613,3022.0
157.866236234613,3023.0
158.12110032883587,3024.0
157.3565080461673,3025.0
157.866236234613,3026.0
158.12110032883587,3027.0
157.866236234613,3028.0
157.866236234613,3029.0
158.12110032883587,3030.0
157.866236234613,3031.0
158.88569261150442,3032.0
158.37596442305872,3033.0
158.12110032883587,3034.0
159.1405567057273,3035.0
158.63082851728157,3036.0
158.63082851728157,3037.0
158.88569261150442,3038.0
159.1405567057273,3039.0
159.650284894173,3040.0
159.39542079995016,3041.0
159.650284894173,3042.0
160.16001308261872,3043.0
160.41487717684157,3044.0
159.90514898839587,3045.0
160.41487717684157,3046.0
160.41487717684157,3047.0
160.66974127106442,3048.0
160.41487717684157,3049.0
160.41487717684157,3050.0
160.66974127106442,3051.0
161.43433355373298,3052.0
160.66974127106442,3053.0
161.68919764795584,3054.0
161.9440617421787,3055.0
161.43433355373298,3056.0
161.9440617421787,3057.0
161.68919764795584,3058.0
161.68919764795584,3059.0
162.19892583640154,3060.0
161.9440617421787,3061.0
161.68919764795584,3062.0
162.45378993062442,3063.0
162.19892583640154,3064.0
162.19892583640154,3065.0
163.21838221329298,3066.0
163.21838221329298,3067.0
162.96351811907013,3068.0
163.7281104017387,3069.0
163.7281104017387,3070.0
163.47324630751584,3071.0
163.47324630751584,3072.0
163.98297449596154,3073.0
163.7281104017387,3074.0
163.98297449596154,3075.0
163.98297449596154,3076.0
164.2378385901844,3077.0
165.00243087285295,3078.0
164.49270268440725,3079.0
164.7475667786301,3080.0
165.2572949670758,3081.0
165.00243087285295,3082.0
164.7475667786301,3083.0
165.00243087285295,3084.0
165.00243087285295,3085.0
165.2572949670758,3086.0
165.2572949670758,3087.0
165.76702315552154,3088.0
165.51215906129866,3089.0
165.51215906129866,3090.0
165.76702315552154,3091.0
165.76702315552154,3092.0
166.5316154381901,3093.0
166.78647953241295,3094.0
166.78647953241295,3095.0
166.78647953241295,3096.0
167.0413436266358,3097.0
167.29620772085866,3098.0
166.5316154381901,3099.0
167.5510718150815,3100.0
167.5510718150815,3101.0
167.5510718150815,3102.0
168.06080000352722,3103.0
168.06080000352722,3104.0
168.06080000352722,3105.0
168.31566409775007,3106.0
168.31566409775007,3107.0
167.80593590930437,3108.0
168.06080000352722,3109.0
168.8253922861958,3110.0
168.8253922861958,3111.0
168.8253922861958,3112.0
168.57052819197293,3113.0
168.57052819197293,3114.0
168.8253922861958,3115.0
169.58998456886437,3116.0
169.3351204746415,3117.0
169.58998456886437,3118.0
169.58998456886437,3119.0
169.3351204746415,3120.0
169.58998456886437,3121.0
169.84484866308722,3122.0
169.58998456886437,3123.0
170.09971275731007,3124.0
169.58998456886437,3125.0
169.58998456886437,3126.0
170.09971275731007,3127.0
169.58998456886437,3128.0
170.60944094575578,3129.0
169.84484866308722,3130.0
170.60944094575578,3131.0
170.86430503997863,3132.0
171.11916913420148,3133.0
170.60944094575578,3134.0
170.60944094575578,3135.0
171.11916913420148,3136.0
171.6288973226472,3137.0
171.11916913420148,3138.0
171.88376141687004,3139.0
171.6288973226472,3140.0
171.37403322842434,3141.0
171.88376141687004,3142.0
172.39348960531578,3143.0
171.88376141687004,3144.0
172.13862551109293,3145.0
172.13862551109293,3146.0
172.13862551109293,3147.0
172.90321779376148,3148.0
172.90321779376148,3149.0
173.15808188798434,3150.0
173.15808188798434,3151.0
173.4129459822072,3152.0
172.90321779376148,3153.0
172.64835369953863,3154.0
172.90321779376148,3155.0
173.15808188798434,3156.0
173.9226741706529,3157.0
173.15808188798434,3158.0
173.9226741706529,3159.0
173.66781007643004,3160.0
174.17753826487575,3161.0
173.9226741706529,3162.0
174.68726645332146,3163.0
174.17753826487575,3164.0
174.68726645332146,3165.0
174.9421305475443,3166.0
174.17753826487575,3167.0
174.9421305475443,3168.0
174.4324023590986,3169.0
175.19699464176716,3170.0
174.68726645332146,3171.0
175.19699464176716,3172.0
175.45185873599004,3173.0
175.19699464176716,3174.0
175.7067228302129,3175.0
175.96158692443575,3176.0
175.96158692443575,3177.0
175.45185873599004,3178.0
175.7067228302129,3179.0
175.7067228302129,3180.0
176.47131511288146,3181.0
175.7067228302129,3182.0
176.47131511288146,3183.0
175.96158692443575,3184.0
176.2164510186586,3185.0
176.2164510186586,3186.0
176.98104330132716,3187.0
176.47131511288146,3188.0
176.47131511288146,3189.0
176.98104330132716,3190.0
176.98104330132716,3191.0
176.7261792071043,3192.0
176.98104330132716,3193.0
177.23590739555002,3194.0
177.23590739555002,3195.0
177.23590739555002,3196.0
178.00049967821857,3197.0
177.49077148977287,3198.0
178.25536377244143,3199.0
178.25536377244143,3200.0
178.00049967821857,3201.0
178.25536377244143,3202.0
177.74563558399572,3203.0
178.25536377244143,3204.0
177.74563558399572,3205.0
178.76509196088716,3206.0
179.01995605511001,3207.0
178.25536377244143,3208.0
178.25536377244143,3209.0
178.25536377244143,3210.0
178.51022786666428,3211.0
179.27482014933287,3212.0
178.76509196088716,3213.0
179.52968424355572,3214.0
179.52968424355572,3215.0
179.01995605511001,3216.0
179.52968424355572,3217.0
179.78454833777857,3218.0
179.27482014933287,3219.0
179.27482014933287,3220.0
180.29427652622428,3221.0
180.29427652622428,3222.0
180.29427652622428,3223.0
179.78454833777857,3224.0
180.03941243200143,3225.0
180.29427652622428,3226.0
180.03941243200143,3227.0
180.29427652622428,3228.0
180.54914062044713,3229.0
180.54914062044713,3230.0
180.80400471467,3231.0
180.80400471467,3232.0
180.54914062044713,3233.0
180.54914062044713,3234.0
181.56859699733855,3235.0
181.05886880889284,3236.0
181.3137329031157,3237.0
181.05886880889284,3238.0
181.3137329031157,3239.0
181.8234610915614,3240.0
182.07832518578428,3241.0
181.8234610915614,3242.0
181.3137329031157,3243.0
181.3137329031157,3244.0
182.07832518578428,3245.0
181.8234610915614,3246.0
182.33318928000713,3247.0
181.8234610915614,3248.0
182.07832518578428,3249.0
182.33318928000713,3250.0
182.07832518578428,3251.0
183.0977815626757,3252.0
182.84291746845284,3253.0
183.35264565689855,3254.0
182.58805337423,3255.0
183.0977815626757,3256.0
182.58805337423,3257.0
182.84291746845284,3258.0
183.35264565689855,3259.0
182.84291746845284,3260.0
183.6075097511214,3261.0
183.6075097511214,3262.0
183.35264565689855,3263.0
183.6075097511214,3264.0
183.6075097511214,3265.0
183.6075097511214,3266.0
184.1172379395671,3267.0
184.1172379395671,3268.0
183.86237384534425,3269.0
183.86237384534425,3270.0
183.86237384534425,3271.0
184.6269661280128,3272.0
184.1172379395671,3273.0
184.37210203378996,3274.0
185.13669431645852,3275.0
184.6269661280128,3276.0
184.88183022223566,3277.0
184.88183022223566,3278.0
185.13669431645852,3279.0
185.3915584106814,3280.0
185.13669431645852,3281.0
185.3915584106814,3282.0
185.64642250490425,3283.0
185.9012865991271,3284.0
185.9012865991271,3285.0
185.3915584106814,3286.0
185.3915584106814,3287.0
185.64642250490425,3288.0
185.64642250490425,3289.0
186.15615069334996,3290.0
185.9012865991271,3291.0
186.15615069334996,3292.0
185.9012865991271,3293.0
186.4110147875728,3294.0
185.9012865991271,3295.0
186.66587888179566,3296.0
186.15615069334996,3297.0
186.15615069334996,3298.0
186.15615069334996,3299.0
186.92074297601852,3300.0
187.17560707024137,3301.0
187.43047116446422,3302.0
186.66587888179566,3303.0
187.68533525868708,3304.0
