"date","T"
"11:02:55 AM",26.1
"11:02:56 AM",26.1
"11:02:57 AM",26.1
"11:02:58 AM",26.1
"11:02:59 AM",26.1
"11:03:00 AM",26.1
"11:03:01 AM",26.1
"11:03:02 AM",26.1
"11:03:03 AM",26.1
"11:03:04 AM",26.1
"11:03:05 AM",26.1
"11:03:06 AM",26.1
"11:03:07 AM",27.8
"11:03:08 AM",32
"11:03:09 AM",32.6
"11:03:10 AM",33.3
"11:03:11 AM",33.6
"11:03:12 AM",33.8
"11:03:13 AM",33.9
"11:03:14 AM",34
"11:03:15 AM",34.1
"11:03:16 AM",33.5
"11:03:17 AM",32.6
"11:03:18 AM",31.8
"11:03:19 AM",31.2
"11:03:20 AM",30.6
"11:03:21 AM",30.1
"11:03:22 AM",29.7
"11:03:23 AM",29.3
"11:03:24 AM",29
"11:03:25 AM",28.8
"11:03:26 AM",28.5
"11:03:27 AM",28.3
"11:03:28 AM",27.8
"11:03:29 AM",27.5
"11:03:30 AM",27.4
"11:03:31 AM",27.3
"11:03:32 AM",27.3
"11:03:33 AM",27.4
"11:03:34 AM",27.5
"11:03:35 AM",27.7
"11:03:36 AM",27.9
"11:03:37 AM",28.1
"11:03:38 AM",28.3
"11:03:39 AM",28.5
"11:03:40 AM",28.7
"11:03:41 AM",29
"11:03:42 AM",29.2
"11:03:43 AM",29.5
"11:03:44 AM",29.7
"11:03:45 AM",29.9
"11:03:46 AM",30.2
"11:03:47 AM",30.4
"11:03:48 AM",30.7
"11:03:49 AM",30.9
"11:03:50 AM",31.1
"11:03:51 AM",31.3
"11:03:52 AM",31.5
"11:03:53 AM",31.7
"11:03:54 AM",31.9
"11:03:55 AM",32.2
"11:03:56 AM",32.4
"11:03:57 AM",32.6
"11:03:58 AM",32.8
"11:03:59 AM",33.1
"11:04:00 AM",33.3
"11:04:01 AM",33.5
"11:04:02 AM",33.9
"11:04:03 AM",34.1
"11:04:04 AM",34.4
"11:04:05 AM",34.6
"11:04:06 AM",34.9
"11:04:07 AM",35.1
"11:04:08 AM",35.4
"11:04:09 AM",35.6
"11:04:10 AM",35.9
"11:04:11 AM",36.1
"11:04:12 AM",36.3
"11:04:13 AM",36.5
"11:04:14 AM",36.6
"11:04:15 AM",36.7
"11:04:16 AM",36.8
"11:04:17 AM",36.9
"11:04:18 AM",37
"11:04:19 AM",37.1
"11:04:20 AM",37.2
"11:04:21 AM",37.1
"11:04:22 AM",37.2
"11:04:23 AM",37.2
"11:04:24 AM",37.1
"11:04:25 AM",37.1
"11:04:26 AM",37.1
"11:04:27 AM",37.2
"11:04:28 AM",37.1
"11:04:29 AM",37.1
"11:04:30 AM",37.1
"11:04:31 AM",37
"11:04:32 AM",37
"11:04:33 AM",37
"11:04:34 AM",37
"11:04:35 AM",37
"11:04:36 AM",36.9
"11:04:37 AM",36.9
"11:04:38 AM",36.8
"11:04:39 AM",36.8
"11:04:40 AM",36.8
"11:04:41 AM",36.7
"11:04:42 AM",36.6
"11:04:43 AM",36.6
"11:04:44 AM",36.6
"11:04:45 AM",36.5
"11:04:46 AM",36.5
"11:04:47 AM",36.4
"11:04:48 AM",36.4
"11:04:49 AM",36.4
"11:04:50 AM",36.4
"11:04:51 AM",36.3
"11:04:52 AM",36.3
"11:04:53 AM",36.2
"11:04:54 AM",36.2
"11:04:55 AM",36.1
"11:04:56 AM",36.1
"11:04:57 AM",36
"11:04:58 AM",36
"11:04:59 AM",35.9
"11:05:00 AM",35.9
"11:05:01 AM",35.9
"11:05:02 AM",35.8
"11:05:03 AM",35.8
"11:05:04 AM",35.7
"11:05:05 AM",35.7
"11:05:06 AM",35.7
"11:05:07 AM",35.6
"11:05:08 AM",35.6
"11:05:09 AM",35.5
"11:05:10 AM",35.5
"11:05:11 AM",35.4
"11:05:12 AM",35.4
"11:05:13 AM",35.4
"11:05:14 AM",35.3
"11:05:15 AM",35.3
"11:05:16 AM",35.3
"11:05:17 AM",35.2
"11:05:18 AM",35.2
"11:05:19 AM",35.2
"11:05:20 AM",35.2
"11:05:21 AM",35.1
"11:05:22 AM",35.1
"11:05:23 AM",35.1
"11:05:24 AM",35
"11:05:25 AM",35
"11:05:26 AM",34.9
"11:05:27 AM",34.9
"11:05:28 AM",34.9
"11:05:29 AM",34.8
"11:05:30 AM",34.8
"11:05:31 AM",34.8
"11:05:32 AM",34.7
"11:05:33 AM",34.7
"11:05:34 AM",34.7
"11:05:35 AM",34.6
"11:05:36 AM",34.6
"11:05:37 AM",34.6
"11:05:38 AM",34.6
"11:05:39 AM",34.6
"11:05:40 AM",34.5
"11:05:41 AM",34.5
"11:05:42 AM",34.5
"11:05:43 AM",34.4
"11:05:44 AM",34.4
"11:05:45 AM",34.4
"11:05:46 AM",34.4
"11:05:47 AM",34.4
"11:05:48 AM",34.3
"11:05:49 AM",34.3
"11:05:50 AM",34.3
"11:05:51 AM",34.2
"11:05:52 AM",34.2
"11:05:53 AM",34.2
"11:05:54 AM",34.2
"11:05:55 AM",34.2
"11:05:56 AM",34.2
"11:05:57 AM",34.1
"11:05:58 AM",34.1
"11:05:59 AM",34.1
"11:06:00 AM",34.1
"11:06:01 AM",34
"11:06:02 AM",34
"11:06:03 AM",34
"11:06:04 AM",34
"11:06:05 AM",34
"11:06:06 AM",33.9
"11:06:07 AM",34
"11:06:08 AM",34
"11:06:09 AM",34
"11:06:10 AM",34
"11:06:11 AM",34
"11:06:12 AM",34.1
"11:06:13 AM",34.1
"11:06:14 AM",34.1
"11:06:15 AM",34.2
"11:06:16 AM",34.2
"11:06:17 AM",34.3
"11:06:18 AM",34.3
"11:06:19 AM",34.4
"11:06:20 AM",34.4
"11:06:21 AM",34.4
"11:06:22 AM",34.5
"11:06:23 AM",34.5
"11:06:24 AM",34.5
"11:06:25 AM",34.6
"11:06:26 AM",34.6
"11:06:27 AM",34.6
"11:06:28 AM",34.6
"11:06:29 AM",34.6
"11:06:30 AM",34.6
"11:06:31 AM",34.6
"11:06:32 AM",34.6
"11:06:33 AM",34.6
"11:06:34 AM",34.6
"11:06:35 AM",34.6
"11:06:36 AM",34.6
"11:06:37 AM",34.5
"11:06:38 AM",34.5
"11:06:39 AM",34.5
"11:06:40 AM",34.5
"11:06:41 AM",34.5
"11:06:42 AM",34.5
"11:06:43 AM",34.4
"11:06:44 AM",34.4
"11:06:45 AM",34.4
"11:06:46 AM",34.4
"11:06:47 AM",34.4
"11:06:48 AM",34.4
"11:06:49 AM",34.4
"11:06:50 AM",34.4
"11:06:51 AM",34.3
"11:06:52 AM",34.3
"11:06:53 AM",34.3
"11:06:54 AM",34.3
"11:06:55 AM",34.3
"11:06:56 AM",34.3
"11:06:57 AM",34.2
"11:06:58 AM",34.2
"11:06:59 AM",34.2
"11:07:00 AM",34.2
"11:07:01 AM",34.2
"11:07:02 AM",34.2
"11:07:03 AM",34.1
"11:07:04 AM",34.2
"11:07:05 AM",34.1
"11:07:06 AM",34.1
"11:07:07 AM",34.1
"11:07:08 AM",34.1
"11:07:09 AM",34.1
"11:07:10 AM",34.1
"11:07:11 AM",34
"11:07:12 AM",34
"11:07:13 AM",34
"11:07:14 AM",34
"11:07:15 AM",34.1
"11:07:16 AM",34.1
"11:07:17 AM",34.2
"11:07:18 AM",34.4
"11:07:19 AM",34.6
"11:07:20 AM",34.8
"11:07:21 AM",35
"11:07:22 AM",35.2
"11:07:23 AM",35.4
"11:07:24 AM",35.6
"11:07:25 AM",35.9
"11:07:26 AM",36.1
"11:07:27 AM",36.4
"11:07:28 AM",36.7
"11:07:29 AM",36.9
"11:07:30 AM",37.2
"11:07:31 AM",37.5
"11:07:32 AM",37.7
"11:07:33 AM",37.9
"11:07:34 AM",38.2
"11:07:35 AM",38.5
"11:07:36 AM",38.7
"11:07:37 AM",38.9
"11:07:38 AM",39.2
"11:07:39 AM",39.5
"11:07:40 AM",39.7
"11:07:41 AM",40
"11:07:42 AM",40.3
"11:07:43 AM",40.5
"11:07:44 AM",40.8
"11:07:45 AM",41
"11:07:46 AM",41.3
"11:07:47 AM",41.6
"11:07:48 AM",41.9
"11:07:49 AM",42.1
"11:07:50 AM",42.4
"11:07:51 AM",42.6
"11:07:52 AM",42.8
"11:07:53 AM",43.1
"11:07:54 AM",43.3
"11:07:55 AM",43.5
"11:07:56 AM",43.6
"11:07:57 AM",43.9
"11:07:58 AM",44.1
"11:07:59 AM",44.5
"11:08:00 AM",44.7
"11:08:01 AM",44.9
"11:08:02 AM",45.1
"11:08:03 AM",45.3
"11:08:04 AM",45.5
"11:08:05 AM",45.8
"11:08:06 AM",46.1
"11:08:07 AM",46.3
"11:08:08 AM",46.6
"11:08:09 AM",46.9
"11:08:10 AM",47.2
"11:08:11 AM",47.6
"11:08:12 AM",47.8
"11:08:13 AM",47.9
"11:08:14 AM",48.2
"11:08:15 AM",48.2
"11:08:16 AM",48.5
"11:08:17 AM",48.6
"11:08:18 AM",48.8
"11:08:19 AM",49.2
"11:08:20 AM",49.4
"11:08:21 AM",49.6
"11:08:22 AM",49.8
"11:08:23 AM",50.1
"11:08:24 AM",50.2
"11:08:25 AM",50.4
"11:08:26 AM",50.6
"11:08:27 AM",50.8
"11:08:28 AM",51
"11:08:29 AM",51.3
"11:08:30 AM",51.6
"11:08:31 AM",51.6
"11:08:32 AM",51.7
"11:08:33 AM",52
"11:08:34 AM",52.2
"11:08:35 AM",52.5
"11:08:36 AM",52.8
"11:08:37 AM",53
"11:08:38 AM",53
"11:08:39 AM",53.3
"11:08:40 AM",53.4
"11:08:41 AM",53.7
"11:08:42 AM",53.9
"11:08:43 AM",54.2
"11:08:44 AM",54.4
"11:08:45 AM",54.7
"11:08:46 AM",54.9
"11:08:47 AM",55
"11:08:48 AM",55.1
"11:08:49 AM",55.4
"11:08:50 AM",55.6
"11:08:51 AM",55.8
"11:08:52 AM",56
"11:08:53 AM",56.3
"11:08:54 AM",56.3
"11:08:55 AM",56.6
"11:08:56 AM",56.7
"11:08:57 AM",56.9
"11:08:58 AM",57.1
"11:08:59 AM",57.3
"11:09:00 AM",57.3
"11:09:01 AM",57.5
"11:09:02 AM",57.7
"11:09:03 AM",58
"11:09:04 AM",58.2
"11:09:05 AM",58.5
"11:09:06 AM",58.6
"11:09:07 AM",58.8
"11:09:08 AM",59
"11:09:09 AM",59.2
"11:09:10 AM",59.4
"11:09:11 AM",59.6
"11:09:12 AM",59.7
"11:09:13 AM",60
"11:09:14 AM",60.1
"11:09:15 AM",60.4
"11:09:16 AM",60.8
"11:09:17 AM",60.9
"11:09:18 AM",61.1
"11:09:19 AM",61.2
"11:09:20 AM",61.4
"11:09:21 AM",61.5
"11:09:22 AM",61.7
"11:09:23 AM",61.8
"11:09:24 AM",62
"11:09:25 AM",61.9
"11:09:26 AM",62.3
"11:09:27 AM",62.4
"11:09:28 AM",62.6
"11:09:29 AM",63
"11:09:30 AM",63.1
"11:09:31 AM",63.1
"11:09:32 AM",63.3
"11:09:33 AM",63.6
"11:09:34 AM",63.6
"11:09:35 AM",63.9
"11:09:36 AM",64
"11:09:37 AM",64.1
"11:09:38 AM",64.1
"11:09:39 AM",64.5
"11:09:40 AM",64.6
"11:09:41 AM",64.9
"11:09:42 AM",65
"11:09:43 AM",65.2
"11:09:44 AM",65.3
"11:09:45 AM",65.5
"11:09:46 AM",65.7
"11:09:47 AM",65.9
"11:09:48 AM",66
"11:09:49 AM",66
"11:09:50 AM",66.2
"11:09:51 AM",66.5
"11:09:52 AM",66.6
"11:09:53 AM",66.8
"11:09:54 AM",67
"11:09:55 AM",67.2
"11:09:56 AM",67.5
"11:09:57 AM",67.7
"11:09:58 AM",67.8
"11:09:59 AM",68.1
"11:10:00 AM",68.1
"11:10:01 AM",68.4
"11:10:02 AM",68.5
"11:10:03 AM",68.7
"11:10:04 AM",68.7
"11:10:05 AM",68.7
"11:10:06 AM",68.9
"11:10:07 AM",69
"11:10:08 AM",69.3
"11:10:09 AM",69.6
"11:10:10 AM",69.7
"11:10:11 AM",69.9
"11:10:12 AM",70.1
"11:10:13 AM",70.2
"11:10:14 AM",70.3
"11:10:15 AM",70.5
"11:10:16 AM",70.7
"11:10:17 AM",70.9
"11:10:18 AM",71.1
"11:10:19 AM",71.2
"11:10:20 AM",71.3
"11:10:21 AM",71.5
"11:10:22 AM",71.7
"11:10:23 AM",71.9
"11:10:24 AM",72.1
"11:10:25 AM",72.1
"11:10:26 AM",72.2
"11:10:27 AM",72.4
"11:10:28 AM",72.6
"11:10:29 AM",72.6
"11:10:30 AM",72.9
"11:10:31 AM",73
"11:10:32 AM",73
"11:10:33 AM",73.2
"11:10:34 AM",73.2
"11:10:35 AM",73.4
"11:10:36 AM",73.8
"11:10:37 AM",74
"11:10:38 AM",74.1
"11:10:39 AM",74.2
"11:10:40 AM",74.4
"11:10:41 AM",74.6
"11:10:42 AM",74.8
"11:10:43 AM",74.9
"11:10:44 AM",75
"11:10:45 AM",75.2
"11:10:46 AM",75.2
"11:10:47 AM",75.3
"11:10:48 AM",75.4
"11:10:49 AM",75.7
"11:10:50 AM",75.8
"11:10:51 AM",76
"11:10:52 AM",76.2
"11:10:53 AM",76.5
"11:10:54 AM",76.6
"11:10:55 AM",76.7
"11:10:56 AM",77
"11:10:57 AM",77.1
"11:10:58 AM",77.1
"11:10:59 AM",77.1
"11:11:00 AM",77.2
"11:11:01 AM",77.4
"11:11:02 AM",77.4
"11:11:03 AM",77.2
"11:11:04 AM",77.3
"11:11:05 AM",77.3
"11:11:06 AM",77.4
"11:11:07 AM",77.3
"11:11:08 AM",77.3
"11:11:09 AM",77.2
"11:11:10 AM",77.3
"11:11:11 AM",77.3
"11:11:12 AM",77.1
"11:11:13 AM",77
"11:11:14 AM",76.8
"11:11:15 AM",76.6
"11:11:16 AM",76.6
"11:11:17 AM",76.5
"11:11:18 AM",76.5
"11:11:19 AM",76.4
"11:11:20 AM",76.2
"11:11:21 AM",76
"11:11:22 AM",75.9
"11:11:23 AM",75.7
"11:11:24 AM",75.6
"11:11:25 AM",75.5
"11:11:26 AM",75.4
"11:11:27 AM",75.4
"11:11:28 AM",75.2
"11:11:29 AM",75.1
"11:11:30 AM",75
"11:11:31 AM",74.9
"11:11:32 AM",74.8
"11:11:33 AM",74.6
"11:11:34 AM",74.5
"11:11:35 AM",74.4
"11:11:36 AM",74.4
"11:11:37 AM",74.4
"11:11:38 AM",74.4
"11:11:39 AM",74.4
"11:11:40 AM",74.4
"11:11:41 AM",74.3
"11:11:42 AM",74.3
"11:11:43 AM",74.4
"11:11:44 AM",74.4
"11:11:45 AM",74.3
"11:11:46 AM",74.4
"11:11:47 AM",74.4
"11:11:48 AM",74.4
"11:11:49 AM",74.5
"11:11:50 AM",74.6
"11:11:51 AM",74.5
"11:11:52 AM",74.5
"11:11:53 AM",74.6
"11:11:54 AM",74.7
"11:11:55 AM",74.8
"11:11:56 AM",74.9
"11:11:57 AM",75
"11:11:58 AM",75
"11:11:59 AM",75.2
"11:12:00 AM",75.3
"11:12:01 AM",75.4
"11:12:02 AM",75.5
"11:12:03 AM",75.4
"11:12:04 AM",75.5
"11:12:05 AM",75.6
"11:12:06 AM",75.6
"11:12:07 AM",75.5
"11:12:08 AM",75.4
"11:12:09 AM",75.3
"11:12:10 AM",75.3
"11:12:11 AM",75.4
"11:12:12 AM",75.3
"11:12:13 AM",75.4
"11:12:14 AM",75.4
"11:12:15 AM",75.4
"11:12:16 AM",75.4
"11:12:17 AM",75.3
"11:12:18 AM",75.2
"11:12:19 AM",75.1
"11:12:20 AM",75.1
"11:12:21 AM",75.2
"11:12:22 AM",75.2
"11:12:23 AM",75.3
"11:12:24 AM",75.3
"11:12:25 AM",75.2
"11:12:26 AM",75.2
"11:12:27 AM",75.1
"11:12:28 AM",75.1
"11:12:29 AM",75.1
"11:12:30 AM",75.2
"11:12:31 AM",75.1
"11:12:32 AM",75
"11:12:33 AM",75
"11:12:34 AM",75
"11:12:35 AM",75
"11:12:36 AM",74.9
"11:12:37 AM",74.7
"11:12:38 AM",74.7
"11:12:39 AM",74.7
"11:12:40 AM",74.6
"11:12:41 AM",74.5
"11:12:42 AM",74.6
"11:12:43 AM",74.6
"11:12:44 AM",74.6
"11:12:45 AM",74.5
"11:12:46 AM",74.5
"11:12:47 AM",74.4
"11:12:48 AM",74.5
"11:12:49 AM",74.4
"11:12:50 AM",74.4
"11:12:51 AM",74.3
"11:12:52 AM",74.3
"11:12:53 AM",74.4
"11:12:54 AM",74.4
"11:12:55 AM",74.3
"11:12:56 AM",74.4
"11:12:57 AM",74.4
"11:12:58 AM",74.6
"11:12:59 AM",74.7
"11:13:00 AM",74.8
"11:13:01 AM",74.8
"11:13:02 AM",74.8
"11:13:03 AM",74.7
"11:13:04 AM",74.7
"11:13:05 AM",74.7
"11:13:06 AM",74.8
"11:13:07 AM",74.8
"11:13:08 AM",74.8
"11:13:09 AM",74.8
"11:13:10 AM",74.8
"11:13:11 AM",74.9
"11:13:12 AM",74.9
"11:13:13 AM",74.9
"11:13:14 AM",74.9
"11:13:15 AM",74.9
"11:13:16 AM",74.9
"11:13:17 AM",75
"11:13:18 AM",75
"11:13:19 AM",75
"11:13:20 AM",75
"11:13:21 AM",74.9
"11:13:22 AM",74.8
"11:13:23 AM",74.8
"11:13:24 AM",74.9
"11:13:25 AM",74.9
"11:13:26 AM",74.9
"11:13:27 AM",74.9
"11:13:28 AM",74.8
"11:13:29 AM",74.7
"11:13:30 AM",74.7
"11:13:31 AM",74.6
"11:13:32 AM",74.6
"11:13:33 AM",74.6
"11:13:34 AM",74.6
"11:13:35 AM",74.6
"11:13:36 AM",74.7
"11:13:37 AM",74.7
"11:13:38 AM",74.8
"11:13:39 AM",74.8
"11:13:40 AM",74.8
"11:13:41 AM",74.8
"11:13:42 AM",74.8
"11:13:43 AM",74.8
"11:13:44 AM",74.8
"11:13:45 AM",74.8
"11:13:46 AM",74.7
"11:13:47 AM",74.7
"11:13:48 AM",74.6
"11:13:49 AM",74.5
"11:13:50 AM",74.5
"11:13:51 AM",74.4
"11:13:52 AM",74.5
"11:13:53 AM",74.4
"11:13:54 AM",74.4
"11:13:55 AM",74.5
"11:13:56 AM",74.5
"11:13:57 AM",74.5
"11:13:58 AM",74.5
"11:13:59 AM",74.5
"11:14:00 AM",74.5
"11:14:01 AM",74.5
"11:14:02 AM",74.6
"11:14:03 AM",74.6
"11:14:04 AM",74.8
"11:14:05 AM",74.8
"11:14:06 AM",75
"11:14:07 AM",75.1
"11:14:08 AM",75.3
"11:14:09 AM",75.5
"11:14:10 AM",75.8
"11:14:11 AM",75.9
"11:14:12 AM",76
"11:14:13 AM",76.1
"11:14:14 AM",76.3
"11:14:15 AM",76.5
"11:14:16 AM",76.6
"11:14:17 AM",76.8
"11:14:18 AM",77
"11:14:19 AM",77.3
"11:14:20 AM",77.5
"11:14:21 AM",77.8
"11:14:22 AM",77.9
"11:14:23 AM",78.1
"11:14:24 AM",78.3
"11:14:25 AM",78.4
"11:14:26 AM",78.6
"11:14:27 AM",78.8
"11:14:28 AM",79.1
"11:14:29 AM",79.3
"11:14:30 AM",79.4
"11:14:31 AM",79.6
"11:14:32 AM",79.8
"11:14:33 AM",79.9
"11:14:34 AM",80.2
"11:14:35 AM",80.2
"11:14:36 AM",80.4
"11:14:37 AM",80.6
"11:14:38 AM",80.9
"11:14:39 AM",81.1
"11:14:40 AM",81.3
"11:14:41 AM",81.5
"11:14:42 AM",81.6
"11:14:43 AM",81.8
"11:14:44 AM",81.9
"11:14:45 AM",82.2
"11:14:46 AM",82.5
"11:14:47 AM",82.7
"11:14:48 AM",82.8
"11:14:49 AM",82.9
"11:14:50 AM",83.1
"11:14:51 AM",83.4
"11:14:52 AM",83.6
"11:14:53 AM",83.7
"11:14:54 AM",84
"11:14:55 AM",84.1
"11:14:56 AM",84.2
"11:14:57 AM",84.6
"11:14:58 AM",84.9
"11:14:59 AM",85
"11:15:00 AM",85.3
"11:15:01 AM",85.5
"11:15:02 AM",85.8
"11:15:03 AM",85.9
"11:15:04 AM",86
"11:15:05 AM",86.1
"11:15:06 AM",86.3
"11:15:07 AM",86.5
"11:15:08 AM",86.6
"11:15:09 AM",86.9
"11:15:10 AM",87
"11:15:11 AM",87.2
"11:15:12 AM",87.4
"11:15:13 AM",87.5
"11:15:14 AM",87.7
"11:15:15 AM",87.8
"11:15:16 AM",87.9
"11:15:17 AM",88
"11:15:18 AM",88.1
"11:15:19 AM",88.4
"11:15:20 AM",88.5
"11:15:21 AM",88.8
"11:15:22 AM",89
"11:15:23 AM",89.2
"11:15:24 AM",89.3
"11:15:25 AM",89.5
"11:15:26 AM",89.8
"11:15:27 AM",90
"11:15:28 AM",90.1
"11:15:29 AM",90.2
"11:15:30 AM",90.5
"11:15:31 AM",90.5
"11:15:32 AM",90.5
"11:15:33 AM",90.7
"11:15:34 AM",90.9
"11:15:35 AM",91.2
"11:15:36 AM",91.4
"11:15:37 AM",91.6
"11:15:38 AM",91.8
"11:15:39 AM",92
"11:15:40 AM",91.9
"11:15:41 AM",92.2
"11:15:42 AM",92.5
"11:15:43 AM",92.5
"11:15:44 AM",92.8
"11:15:45 AM",93.1
"11:15:46 AM",93.1
"11:15:47 AM",93.1
"11:15:48 AM",93.3
"11:15:49 AM",93.4
"11:15:50 AM",93.6
"11:15:51 AM",93.7
"11:15:52 AM",93.9
"11:15:53 AM",94.2
"11:15:54 AM",94.3
"11:15:55 AM",94.5
"11:15:56 AM",94.7
"11:15:57 AM",94.8
"11:15:58 AM",94.9
"11:15:59 AM",94.9
"11:16:00 AM",95.2
"11:16:01 AM",95.4
"11:16:02 AM",95.6
"11:16:03 AM",95.8
"11:16:04 AM",95.8
"11:16:05 AM",96
"11:16:06 AM",96.2
"11:16:07 AM",96.1
"11:16:08 AM",96.1
"11:16:09 AM",96.3
"11:16:10 AM",96.5
"11:16:11 AM",96.7
"11:16:12 AM",96.8
"11:16:13 AM",97.2
"11:16:14 AM",97.2
"11:16:15 AM",97.2
"11:16:16 AM",97.5
"11:16:17 AM",97.6
"11:16:18 AM",97.8
"11:16:19 AM",97.9
"11:16:20 AM",98.1
"11:16:21 AM",98.3
"11:16:22 AM",98.5
"11:16:23 AM",98.8
"11:16:24 AM",99
"11:16:25 AM",99.2
"11:16:26 AM",99.4
"11:16:27 AM",99.6
"11:16:28 AM",99.5
"11:16:29 AM",99.5
"11:16:30 AM",99.7
"11:16:31 AM",99.9
"11:16:32 AM",100.1
"11:16:33 AM",100.3
"11:16:34 AM",100.4
"11:16:35 AM",100.5
"11:16:36 AM",100.7
"11:16:37 AM",100.9
"11:16:38 AM",100.8
"11:16:39 AM",101.1
"11:16:40 AM",101.2
"11:16:41 AM",101.4
"11:16:42 AM",101.6
"11:16:43 AM",101.7
"11:16:44 AM",101.8
"11:16:45 AM",101.9
"11:16:46 AM",102
"11:16:47 AM",102.1
"11:16:48 AM",102.2
"11:16:49 AM",102.5
"11:16:50 AM",102.8
"11:16:51 AM",102.8
"11:16:52 AM",102.7
"11:16:53 AM",102.9
"11:16:54 AM",103
"11:16:55 AM",103.2
"11:16:56 AM",103.4
"11:16:57 AM",103.4
"11:16:58 AM",103.8
"11:16:59 AM",103.7
"11:17:00 AM",103.7
"11:17:01 AM",104
"11:17:02 AM",104.2
"11:17:03 AM",104.3
"11:17:04 AM",104.5
"11:17:05 AM",104.6
"11:17:06 AM",104.8
"11:17:07 AM",105
"11:17:08 AM",105.2
"11:17:09 AM",105.2
"11:17:10 AM",105.3
"11:17:11 AM",105.3
"11:17:12 AM",105.5
"11:17:13 AM",105.7
"11:17:14 AM",105.7
"11:17:15 AM",105.7
"11:17:16 AM",106
"11:17:17 AM",106.1
"11:17:18 AM",106.3
"11:17:19 AM",106.4
"11:17:20 AM",106.6
"11:17:21 AM",106.6
"11:17:22 AM",106.9
"11:17:23 AM",107
"11:17:24 AM",107.2
"11:17:25 AM",107.3
"11:17:26 AM",107.4
"11:17:27 AM",107.5
"11:17:28 AM",107.6
"11:17:29 AM",107.7
"11:17:30 AM",107.9
"11:17:31 AM",107.9
"11:17:32 AM",108
"11:17:33 AM",108.1
"11:17:34 AM",108.3
"11:17:35 AM",108.4
"11:17:36 AM",108.6
"11:17:37 AM",108.7
"11:17:38 AM",108.7
"11:17:39 AM",108.9
"11:17:40 AM",109.1
"11:17:41 AM",109.2
"11:17:42 AM",109.4
"11:17:43 AM",109.4
"11:17:44 AM",109.5
"11:17:45 AM",109.7
"11:17:46 AM",109.9
"11:17:47 AM",110.2
"11:17:48 AM",110.4
"11:17:49 AM",110.5
"11:17:50 AM",110.7
"11:17:51 AM",110.7
"11:17:52 AM",110.8
"11:17:53 AM",110.9
"11:17:54 AM",110.9
"11:17:55 AM",111
"11:17:56 AM",111
"11:17:57 AM",111.2
"11:17:58 AM",111.4
"11:17:59 AM",111.5
"11:18:00 AM",111.6
"11:18:01 AM",111.7
"11:18:02 AM",111.9
"11:18:03 AM",112.1
"11:18:04 AM",112.3
"11:18:05 AM",112.3
"11:18:06 AM",112.5
"11:18:07 AM",112.8
"11:18:08 AM",112.9
"11:18:09 AM",113
"11:18:10 AM",113
"11:18:11 AM",113
"11:18:12 AM",113.1
"11:18:13 AM",113.1
"11:18:14 AM",113.3
"11:18:15 AM",113.5
"11:18:16 AM",113.5
"11:18:17 AM",113.6
"11:18:18 AM",113.9
"11:18:19 AM",114
"11:18:20 AM",114.1
"11:18:21 AM",114.3
"11:18:22 AM",114.4
"11:18:23 AM",114.6
"11:18:24 AM",114.8
"11:18:25 AM",114.8
"11:18:26 AM",114.8
"11:18:27 AM",115
"11:18:28 AM",114.8
"11:18:29 AM",114.8
"11:18:30 AM",115
"11:18:31 AM",115.2
"11:18:32 AM",115.5
"11:18:33 AM",115.7
"11:18:34 AM",115.8
"11:18:35 AM",116
"11:18:36 AM",116.1
"11:18:37 AM",116.2
"11:18:38 AM",116.3
"11:18:39 AM",116.3
"11:18:40 AM",116.6
"11:18:41 AM",116.6
"11:18:42 AM",116.8
"11:18:43 AM",117
"11:18:44 AM",117.2
"11:18:45 AM",117.3
"11:18:46 AM",117.3
"11:18:47 AM",117.4
"11:18:48 AM",117.4
"11:18:49 AM",117.5
"11:18:50 AM",117.5
"11:18:51 AM",117.6
"11:18:52 AM",117.6
"11:18:53 AM",117.5
"11:18:54 AM",117.4
"11:18:55 AM",117.3
"11:18:56 AM",117.3
"11:18:57 AM",117.3
"11:18:58 AM",117.2
"11:18:59 AM",117
"11:19:00 AM",116.9
"11:19:01 AM",116.8
"11:19:02 AM",116.8
"11:19:03 AM",116.6
"11:19:04 AM",116.4
"11:19:05 AM",116.1
"11:19:06 AM",115.9
"11:19:07 AM",115.8
"11:19:08 AM",115.7
"11:19:09 AM",115.6
"11:19:10 AM",115.5
"11:19:11 AM",115.3
"11:19:12 AM",115
"11:19:13 AM",114.8
"11:19:14 AM",114.6
"11:19:15 AM",114.5
"11:19:16 AM",114.4
"11:19:17 AM",114.4
"11:19:18 AM",114.4
"11:19:19 AM",114.2
"11:19:20 AM",114.1
"11:19:21 AM",114
"11:19:22 AM",114
"11:19:23 AM",113.8
"11:19:24 AM",113.8
"11:19:25 AM",113.8
"11:19:26 AM",113.8
"11:19:27 AM",113.8
"11:19:28 AM",113.9
"11:19:29 AM",114
"11:19:30 AM",114.1
"11:19:31 AM",114.2
"11:19:32 AM",114.4
"11:19:33 AM",114.5
"11:19:34 AM",114.6
"11:19:35 AM",114.7
"11:19:36 AM",114.7
"11:19:37 AM",114.7
"11:19:38 AM",114.8
"11:19:39 AM",114.9
"11:19:40 AM",115
"11:19:41 AM",115.1
"11:19:42 AM",115.1
"11:19:43 AM",115.2
"11:19:44 AM",115.1
"11:19:45 AM",115.1
"11:19:46 AM",115
"11:19:47 AM",114.9
"11:19:48 AM",115
"11:19:49 AM",115.1
"11:19:50 AM",115.1
"11:19:51 AM",115.1
"11:19:52 AM",115.3
"11:19:53 AM",115.1
"11:19:54 AM",115.1
"11:19:55 AM",115.1
"11:19:56 AM",115
"11:19:57 AM",115
"11:19:58 AM",115.1
"11:19:59 AM",115.1
"11:20:00 AM",115.1
"11:20:01 AM",115.2
"11:20:02 AM",115.2
"11:20:03 AM",115.3
"11:20:04 AM",115.2
"11:20:05 AM",115.1
"11:20:06 AM",115
"11:20:07 AM",114.9
"11:20:08 AM",114.9
"11:20:09 AM",114.8
"11:20:10 AM",114.8
"11:20:11 AM",114.8
"11:20:12 AM",114.8
"11:20:13 AM",114.7
"11:20:14 AM",114.9
"11:20:15 AM",114.9
"11:20:16 AM",114.9
"11:20:17 AM",114.9
"11:20:18 AM",115
"11:20:19 AM",115.1
"11:20:20 AM",115
"11:20:21 AM",115
"11:20:22 AM",115
"11:20:23 AM",115
"11:20:24 AM",114.9
"11:20:25 AM",114.8
"11:20:26 AM",114.8
"11:20:27 AM",114.8
"11:20:28 AM",114.8
"11:20:29 AM",114.7
"11:20:30 AM",114.7
"11:20:31 AM",114.7
"11:20:32 AM",114.7
"11:20:33 AM",114.8
"11:20:34 AM",114.9
"11:20:35 AM",114.7
"11:20:36 AM",114.7
"11:20:37 AM",114.7
"11:20:38 AM",114.8
"11:20:39 AM",114.8
"11:20:40 AM",114.8
"11:20:41 AM",114.8
"11:20:42 AM",114.9
"11:20:43 AM",114.9
"11:20:44 AM",114.9
"11:20:45 AM",114.9
"11:20:46 AM",114.9
"11:20:47 AM",115
"11:20:48 AM",115
"11:20:49 AM",115
"11:20:50 AM",115
"11:20:51 AM",115
"11:20:52 AM",115
"11:20:53 AM",115
"11:20:54 AM",115
"11:20:55 AM",115
"11:20:56 AM",114.9
"11:20:57 AM",115
"11:20:58 AM",114.9
"11:20:59 AM",114.9
"11:21:00 AM",115
"11:21:01 AM",115
"11:21:02 AM",115.1
"11:21:03 AM",115.1
"11:21:04 AM",115
"11:21:05 AM",115.1
"11:21:06 AM",115
"11:21:07 AM",114.9
"11:21:08 AM",114.8
"11:21:09 AM",114.7
"11:21:10 AM",114.6
"11:21:11 AM",114.7
"11:21:12 AM",114.6
"11:21:13 AM",114.6
"11:21:14 AM",114.6
"11:21:15 AM",114.7
"11:21:16 AM",114.6
"11:21:17 AM",114.6
"11:21:18 AM",114.6
"11:21:19 AM",114.6
"11:21:20 AM",114.5
"11:21:21 AM",114.6
"11:21:22 AM",114.5
"11:21:23 AM",114.6
"11:21:24 AM",114.5
"11:21:25 AM",114.4
"11:21:26 AM",114.4
"11:21:27 AM",114.4
"11:21:28 AM",114.3
"11:21:29 AM",114.3
"11:21:30 AM",114.4
"11:21:31 AM",114.4
"11:21:32 AM",114.4
"11:21:33 AM",114.4
"11:21:34 AM",114.5
"11:21:35 AM",114.5
"11:21:36 AM",114.4
"11:21:37 AM",114.5
"11:21:38 AM",114.5
"11:21:39 AM",114.6
"11:21:40 AM",114.5
"11:21:41 AM",114.6
"11:21:42 AM",114.6
"11:21:43 AM",114.7
"11:21:44 AM",114.8
"11:21:45 AM",114.8
"11:21:46 AM",114.9
"11:21:47 AM",114.9
"11:21:48 AM",114.9
"11:21:49 AM",115
"11:21:50 AM",115
"11:21:51 AM",115.2
"11:21:52 AM",115.3
"11:21:53 AM",115.5
"11:21:54 AM",115.6
"11:21:55 AM",115.8
"11:21:56 AM",116
"11:21:57 AM",116.1
"11:21:58 AM",116.2
"11:21:59 AM",116.5
"11:22:00 AM",116.7
"11:22:01 AM",117
"11:22:02 AM",117.2
"11:22:03 AM",117.3
"11:22:04 AM",117.5
"11:22:05 AM",117.6
"11:22:06 AM",117.7
"11:22:07 AM",118
"11:22:08 AM",118.1
"11:22:09 AM",118.4
"11:22:10 AM",118.5
"11:22:11 AM",118.7
"11:22:12 AM",118.9
"11:22:13 AM",119.1
"11:22:14 AM",119.1
"11:22:15 AM",119.2
"11:22:16 AM",119.4
"11:22:17 AM",119.5
"11:22:18 AM",119.6
"11:22:19 AM",119.7
"11:22:20 AM",119.9
"11:22:21 AM",120.1
"11:22:22 AM",120.1
"11:22:23 AM",120.2
"11:22:24 AM",120.3
"11:22:25 AM",120.5
"11:22:26 AM",120.7
"11:22:27 AM",120.8
"11:22:28 AM",120.9
"11:22:29 AM",121
"11:22:30 AM",121.2
"11:22:31 AM",121.5
"11:22:32 AM",121.7
"11:22:33 AM",121.8
"11:22:34 AM",122
"11:22:35 AM",122
"11:22:36 AM",122.2
"11:22:37 AM",122.3
"11:22:38 AM",122.5
"11:22:39 AM",122.7
"11:22:40 AM",122.9
"11:22:41 AM",123
"11:22:42 AM",123.4
"11:22:43 AM",123.5
"11:22:44 AM",123.6
"11:22:45 AM",123.7
"11:22:46 AM",124
"11:22:47 AM",124.1
"11:22:48 AM",124.4
"11:22:49 AM",124.6
"11:22:50 AM",124.7
"11:22:51 AM",124.9
"11:22:52 AM",125
"11:22:53 AM",125.1
"11:22:54 AM",125.2
"11:22:55 AM",125.5
"11:22:56 AM",125.6
"11:22:57 AM",125.6
"11:22:58 AM",125.7
"11:22:59 AM",125.9
"11:23:00 AM",126.1
"11:23:01 AM",126.2
"11:23:02 AM",126.3
"11:23:03 AM",126.4
"11:23:04 AM",126.5
"11:23:05 AM",126.7
"11:23:06 AM",126.8
"11:23:07 AM",126.9
"11:23:08 AM",127.1
"11:23:09 AM",127.2
"11:23:10 AM",127.4
"11:23:11 AM",127.5
"11:23:12 AM",127.7
"11:23:13 AM",128
"11:23:14 AM",128.1
"11:23:15 AM",128.2
"11:23:16 AM",128.4
"11:23:17 AM",128.6
"11:23:18 AM",128.8
"11:23:19 AM",129
"11:23:20 AM",129.1
"11:23:21 AM",129.4
"11:23:22 AM",129.6
"11:23:23 AM",129.5
"11:23:24 AM",129.6
"11:23:25 AM",129.5
"11:23:26 AM",129.7
"11:23:27 AM",129.9
"11:23:28 AM",129.9
"11:23:29 AM",130
"11:23:30 AM",130.4
"11:23:31 AM",130.4
"11:23:32 AM",130.5
"11:23:33 AM",130.6
"11:23:34 AM",130.6
"11:23:35 AM",130.9
"11:23:36 AM",131.4
"11:23:37 AM",131.4
"11:23:38 AM",131.5
"11:23:39 AM",131.5
"11:23:40 AM",131.5
"11:23:41 AM",131.7
"11:23:42 AM",132
"11:23:43 AM",132.1
"11:23:44 AM",132.2
"11:23:45 AM",132.3
"11:23:46 AM",132.4
"11:23:47 AM",132.6
"11:23:48 AM",132.8
"11:23:49 AM",132.8
"11:23:50 AM",132.9
"11:23:51 AM",133.2
"11:23:52 AM",133.3
"11:23:53 AM",133.3
"11:23:54 AM",133.3
"11:23:55 AM",133.3
"11:23:56 AM",133.6
"11:23:57 AM",133.8
"11:23:58 AM",133.8
"11:23:59 AM",134
"11:24:00 AM",134
"11:24:01 AM",134.2
"11:24:02 AM",134.4
"11:24:03 AM",134.4
"11:24:04 AM",134.5
"11:24:05 AM",134.6
"11:24:06 AM",134.9
"11:24:07 AM",135.2
"11:24:08 AM",135.4
"11:24:09 AM",135.4
"11:24:10 AM",135.4
"11:24:11 AM",135.5
"11:24:12 AM",135.6
"11:24:13 AM",135.6
"11:24:14 AM",135.9
"11:24:15 AM",136.1
"11:24:16 AM",136.2
"11:24:17 AM",136.3
"11:24:18 AM",136.5
"11:24:19 AM",136.6
"11:24:20 AM",136.7
"11:24:21 AM",136.8
"11:24:22 AM",136.9
"11:24:23 AM",136.8
"11:24:24 AM",136.9
"11:24:25 AM",137
"11:24:26 AM",137.2
"11:24:27 AM",137.5
"11:24:28 AM",137.5
"11:24:29 AM",137.8
"11:24:30 AM",138
"11:24:31 AM",138
"11:24:32 AM",138.2
"11:24:33 AM",138.4
"11:24:34 AM",138.3
"11:24:35 AM",138.4
"11:24:36 AM",138.8
"11:24:37 AM",138.9
"11:24:38 AM",138.8
"11:24:39 AM",138.9
"11:24:40 AM",139
"11:24:41 AM",139.1
"11:24:42 AM",139
"11:24:43 AM",139.2
"11:24:44 AM",139.5
"11:24:45 AM",139.6
"11:24:46 AM",139.6
"11:24:47 AM",139.6
"11:24:48 AM",139.6
"11:24:49 AM",139.7
"11:24:50 AM",139.8
"11:24:51 AM",140.1
"11:24:52 AM",140.2
"11:24:53 AM",140.5
"11:24:54 AM",140.6
"11:24:55 AM",140.6
"11:24:56 AM",140.8
"11:24:57 AM",140.8
"11:24:58 AM",141
"11:24:59 AM",141.1
"11:25:00 AM",141.3
"11:25:01 AM",141.4
"11:25:02 AM",141.5
"11:25:03 AM",141.6
"11:25:04 AM",141.9
"11:25:05 AM",141.9
"11:25:06 AM",141.9
"11:25:07 AM",142.1
"11:25:08 AM",142.1
"11:25:09 AM",142.2
"11:25:10 AM",142.4
"11:25:11 AM",142.5
"11:25:12 AM",142.4
"11:25:13 AM",142.5
"11:25:14 AM",142.6
"11:25:15 AM",142.7
"11:25:16 AM",142.9
"11:25:17 AM",142.9
"11:25:18 AM",143
"11:25:19 AM",143.1
"11:25:20 AM",143.2
"11:25:21 AM",143.3
"11:25:22 AM",143.3
"11:25:23 AM",143.3
"11:25:24 AM",143.6
"11:25:25 AM",143.7
"11:25:26 AM",143.8
"11:25:27 AM",143.8
"11:25:28 AM",144
"11:25:29 AM",144.1
"11:25:30 AM",144.1
"11:25:31 AM",144.1
"11:25:32 AM",144.4
"11:25:33 AM",144.6
"11:25:34 AM",144.8
"11:25:35 AM",144.8
"11:25:36 AM",144.9
"11:25:37 AM",145.1
"11:25:38 AM",145.2
"11:25:39 AM",145.3
"11:25:40 AM",145.4
"11:25:41 AM",145.6
"11:25:42 AM",145.6
"11:25:43 AM",145.7
"11:25:44 AM",145.8
"11:25:45 AM",145.8
"11:25:46 AM",145.7
"11:25:47 AM",145.7
"11:25:48 AM",146
"11:25:49 AM",146.2
"11:25:50 AM",146.4
"11:25:51 AM",146.4
"11:25:52 AM",146.6
"11:25:53 AM",146.5
"11:25:54 AM",146.6
"11:25:55 AM",146.8
"11:25:56 AM",146.9
"11:25:57 AM",147.1
"11:25:58 AM",147.2
"11:25:59 AM",147.2
"11:26:00 AM",147.5
"11:26:01 AM",147.6
"11:26:02 AM",147.7
"11:26:03 AM",147.8
"11:26:04 AM",147.8
"11:26:05 AM",148
"11:26:06 AM",148
"11:26:07 AM",148.1
"11:26:08 AM",148.3
"11:26:09 AM",148.2
"11:26:10 AM",148.3
"11:26:11 AM",148.5
"11:26:12 AM",148.8
"11:26:13 AM",148.8
"11:26:14 AM",148.8
"11:26:15 AM",148.9
"11:26:16 AM",149
"11:26:17 AM",149
"11:26:18 AM",149.1
"11:26:19 AM",149.2
"11:26:20 AM",149.3
"11:26:21 AM",149.5
"11:26:22 AM",149.6
"11:26:23 AM",149.4
"11:26:24 AM",149.6
"11:26:25 AM",149.7
"11:26:26 AM",149.7
"11:26:27 AM",149.7
"11:26:28 AM",149.9
"11:26:29 AM",150
"11:26:30 AM",150
"11:26:31 AM",150
"11:26:32 AM",150.3
"11:26:33 AM",150.5
"11:26:34 AM",150.6
"11:26:35 AM",150.7
"11:26:36 AM",150.7
"11:26:37 AM",150.9
"11:26:38 AM",151
"11:26:39 AM",151.2
"11:26:40 AM",151.3
"11:26:41 AM",151.5
"11:26:42 AM",151.6
"11:26:43 AM",151.6
"11:26:44 AM",151.8
"11:26:45 AM",151.9
"11:26:46 AM",151.8
"11:26:47 AM",151.8
"11:26:48 AM",151.9
"11:26:49 AM",152
"11:26:50 AM",152.2
"11:26:51 AM",152.3
"11:26:52 AM",152.3
"11:26:53 AM",152.4
"11:26:54 AM",152.6
"11:26:55 AM",152.7
"11:26:56 AM",152.7
"11:26:57 AM",152.9
"11:26:58 AM",153
"11:26:59 AM",153
"11:27:00 AM",153.2
"11:27:01 AM",153.5
"11:27:02 AM",153.4
"11:27:03 AM",153.3
"11:27:04 AM",153.4
"11:27:05 AM",153.4
"11:27:06 AM",153.4
"11:27:07 AM",153.7
"11:27:08 AM",153.7
"11:27:09 AM",153.8
"11:27:10 AM",153.9
"11:27:11 AM",154.2
"11:27:12 AM",154.3
"11:27:13 AM",154.6
"11:27:14 AM",154.6
"11:27:15 AM",154.8
"11:27:16 AM",154.8
"11:27:17 AM",154.9
"11:27:18 AM",154.9
"11:27:19 AM",155
"11:27:20 AM",155.1
"11:27:21 AM",155.3
"11:27:22 AM",155.4
"11:27:23 AM",155.4
"11:27:24 AM",155.6
"11:27:25 AM",155.5
"11:27:26 AM",155.6
"11:27:27 AM",155.8
"11:27:28 AM",155.8
"11:27:29 AM",156.1
"11:27:30 AM",156.1
"11:27:31 AM",156.2
"11:27:32 AM",156.3
"11:27:33 AM",156.3
"11:27:34 AM",156.3
"11:27:35 AM",156.4
"11:27:36 AM",156.6
"11:27:37 AM",156.6
"11:27:38 AM",156.8
"11:27:39 AM",156.8
"11:27:40 AM",156.8
"11:27:41 AM",156.7
"11:27:42 AM",156.5
"11:27:43 AM",156.6
"11:27:44 AM",156.7
"11:27:45 AM",156.7
"11:27:46 AM",156.8
"11:27:47 AM",156.7
"11:27:48 AM",156.5
"11:27:49 AM",156.4
"11:27:50 AM",156.3
"11:27:51 AM",156.2
"11:27:52 AM",156.1
"11:27:53 AM",155.9
"11:27:54 AM",155.8
"11:27:55 AM",155.6
"11:27:56 AM",155.6
"11:27:57 AM",155.5
"11:27:58 AM",155.4
"11:27:59 AM",155.1
"11:28:00 AM",155.1
"11:28:01 AM",155.1
"11:28:02 AM",155
"11:28:03 AM",154.9
"11:28:04 AM",154.8
"11:28:05 AM",154.8
"11:28:06 AM",154.7
"11:28:07 AM",154.7
"11:28:08 AM",154.6
"11:28:09 AM",154.6
"11:28:10 AM",154.6
"11:28:11 AM",154.5
"11:28:12 AM",154.4
"11:28:13 AM",154.5
"11:28:14 AM",154.7
"11:28:15 AM",154.6
"11:28:16 AM",154.6
"11:28:17 AM",154.5
"11:28:18 AM",154.5
"11:28:19 AM",154.5
"11:28:20 AM",154.7
"11:28:21 AM",154.7
"11:28:22 AM",154.7
"11:28:23 AM",154.7
"11:28:24 AM",154.9
"11:28:25 AM",154.9
"11:28:26 AM",155
"11:28:27 AM",155.2
"11:28:28 AM",155.2
"11:28:29 AM",155.2
"11:28:30 AM",155.3
"11:28:31 AM",155.4
"11:28:32 AM",155.5
"11:28:33 AM",155.6
"11:28:34 AM",155.6
"11:28:35 AM",155.7
"11:28:36 AM",155.7
"11:28:37 AM",155.6
"11:28:38 AM",155.6
"11:28:39 AM",155.7
"11:28:40 AM",155.7
"11:28:41 AM",155.9
"11:28:42 AM",155.9
"11:28:43 AM",156
"11:28:44 AM",156.1
"11:28:45 AM",156
"11:28:46 AM",155.9
"11:28:47 AM",155.9
"11:28:48 AM",155.8
"11:28:49 AM",155.8
"11:28:50 AM",155.6
"11:28:51 AM",155.5
"11:28:52 AM",155.5
"11:28:53 AM",155.4
"11:28:54 AM",155.4
"11:28:55 AM",155.2
"11:28:56 AM",155.1
"11:28:57 AM",155.1
"11:28:58 AM",155
"11:28:59 AM",154.9
"11:29:00 AM",154.8
"11:29:01 AM",154.7
"11:29:02 AM",154.7
"11:29:03 AM",154.7
"11:29:04 AM",154.7
"11:29:05 AM",154.6
"11:29:06 AM",154.6
"11:29:07 AM",154.6
"11:29:08 AM",154.5
"11:29:09 AM",154.4
"11:29:10 AM",154.4
"11:29:11 AM",154.4
"11:29:12 AM",154.4
"11:29:13 AM",154.5
"11:29:14 AM",154.4
"11:29:15 AM",154.4
"11:29:16 AM",154.5
"11:29:17 AM",154.4
"11:29:18 AM",154.4
"11:29:19 AM",154.4
"11:29:20 AM",154.3
"11:29:21 AM",154.4
"11:29:22 AM",154.2
"11:29:23 AM",154.2
"11:29:24 AM",154.2
"11:29:25 AM",154.3
"11:29:26 AM",154.3
"11:29:27 AM",154.4
"11:29:28 AM",154.5
"11:29:29 AM",154.5
"11:29:30 AM",154.5
"11:29:31 AM",154.5
"11:29:32 AM",154.6
"11:29:33 AM",154.6
"11:29:34 AM",154.7
"11:29:35 AM",154.8
"11:29:36 AM",154.8
"11:29:37 AM",154.8
"11:29:38 AM",154.9
"11:29:39 AM",155
"11:29:40 AM",155
"11:29:41 AM",155.2
"11:29:42 AM",155.2
"11:29:43 AM",155.2
"11:29:44 AM",155.2
"11:29:45 AM",155.1
"11:29:46 AM",155.2
"11:29:47 AM",155.3
"11:29:48 AM",155.4
"11:29:49 AM",155.4
"11:29:50 AM",155.6
"11:29:51 AM",155.5
"11:29:52 AM",155.6
"11:29:53 AM",155.5
"11:29:54 AM",155.5
"11:29:55 AM",155.4
"11:29:56 AM",155.5
"11:29:57 AM",155.4
"11:29:58 AM",155.3
"11:29:59 AM",155.3
"11:30:00 AM",155.2
"11:30:01 AM",155.2
"11:30:02 AM",155.4
"11:30:03 AM",155.4
"11:30:04 AM",155.4
"11:30:05 AM",155.3
"11:30:06 AM",155.2
"11:30:07 AM",155
"11:30:08 AM",155
"11:30:09 AM",155
"11:30:10 AM",155
"11:30:11 AM",155
"11:30:12 AM",155
"11:30:13 AM",154.9
"11:30:14 AM",154.8
"11:30:15 AM",154.8
"11:30:16 AM",154.9
"11:30:17 AM",154.9
"11:30:18 AM",154.8
"11:30:19 AM",154.8
"11:30:20 AM",154.7
"11:30:21 AM",154.8
"11:30:22 AM",154.6
"11:30:23 AM",154.6
"11:30:24 AM",154.5
"11:30:25 AM",154.4
"11:30:26 AM",154.5
"11:30:27 AM",154.5
"11:30:28 AM",154.4
"11:30:29 AM",154.4
"11:30:30 AM",154.4
"11:30:31 AM",154.5
"11:30:32 AM",154.5
"11:30:33 AM",154.6
"11:30:34 AM",154.6
"11:30:35 AM",154.6
"11:30:36 AM",154.8
"11:30:37 AM",154.7
"11:30:38 AM",154.7
"11:30:39 AM",154.9
"11:30:40 AM",155
"11:30:41 AM",155
"11:30:42 AM",155.1
"11:30:43 AM",155.2
"11:30:44 AM",155.3
"11:30:45 AM",155.5
"11:30:46 AM",155.6
"11:30:47 AM",155.7
"11:30:48 AM",155.9
"11:30:49 AM",156.1
"11:30:50 AM",156.2
"11:30:51 AM",156.4
"11:30:52 AM",156.3
"11:30:53 AM",156.4
"11:30:54 AM",156.6
"11:30:55 AM",156.7
"11:30:56 AM",156.9
"11:30:57 AM",157.1
"11:30:58 AM",157.2
"11:30:59 AM",157.3
"11:31:00 AM",157.4
"11:31:01 AM",157.5
"11:31:02 AM",157.6
"11:31:03 AM",157.6
"11:31:04 AM",157.9
"11:31:05 AM",158.1
"11:31:06 AM",158.2
"11:31:07 AM",158.5
"11:31:08 AM",158.8
"11:31:09 AM",158.9
"11:31:10 AM",159.1
"11:31:11 AM",159.2
"11:31:12 AM",159.2
"11:31:13 AM",159.4
"11:31:14 AM",159.5
"11:31:15 AM",159.5
"11:31:16 AM",159.6
"11:31:17 AM",159.7
"11:31:18 AM",159.8
"11:31:19 AM",159.9
"11:31:20 AM",160.2
"11:31:21 AM",160.2
"11:31:22 AM",160.3
"11:31:23 AM",160.6
"11:31:24 AM",160.7
"11:31:25 AM",160.8
"11:31:26 AM",161
"11:31:27 AM",161.2
"11:31:28 AM",161.2
"11:31:29 AM",161.2
"11:31:30 AM",161.3
"11:31:31 AM",161.6
"11:31:32 AM",161.7
"11:31:33 AM",161.8
"11:31:34 AM",161.9
"11:31:35 AM",162
"11:31:36 AM",162
"11:31:37 AM",162.2
"11:31:38 AM",162.5
"11:31:39 AM",162.4
"11:31:40 AM",162.7
"11:31:41 AM",162.8
"11:31:42 AM",163
"11:31:43 AM",163.2
"11:31:44 AM",163.2
"11:31:45 AM",163.3
"11:31:46 AM",163.5
"11:31:47 AM",163.7
"11:31:48 AM",163.9
"11:31:49 AM",164
"11:31:50 AM",164
"11:31:51 AM",164.2
"11:31:52 AM",164.1
"11:31:53 AM",164.1
"11:31:54 AM",164.4
"11:31:55 AM",164.5
"11:31:56 AM",164.5
"11:31:57 AM",164.6
"11:31:58 AM",164.7
"11:31:59 AM",164.9
"11:32:00 AM",165.2
"11:32:01 AM",165.4
"11:32:02 AM",165.5
"11:32:03 AM",165.7
"11:32:04 AM",165.7
"11:32:05 AM",165.8
"11:32:06 AM",165.8
"11:32:07 AM",165.8
"11:32:08 AM",165.8
"11:32:09 AM",165.9
"11:32:10 AM",166.1
"11:32:11 AM",166.3
"11:32:12 AM",166.3
"11:32:13 AM",166.6
"11:32:14 AM",166.6
"11:32:15 AM",166.7
"11:32:16 AM",166.8
"11:32:17 AM",167
"11:32:18 AM",167.1
"11:32:19 AM",167.1
"11:32:20 AM",167.2
"11:32:21 AM",167.4
"11:32:22 AM",167.5
"11:32:23 AM",167.6
"11:32:24 AM",167.7
"11:32:25 AM",167.8
"11:32:26 AM",168
"11:32:27 AM",168.1
"11:32:28 AM",168.2
"11:32:29 AM",168.3
"11:32:30 AM",168.4
"11:32:31 AM",168.5
"11:32:32 AM",168.6
"11:32:33 AM",168.7
"11:32:34 AM",168.8
"11:32:35 AM",168.9
"11:32:36 AM",169
"11:32:37 AM",169
"11:32:38 AM",169
"11:32:39 AM",169.1
"11:32:40 AM",169.2
"11:32:41 AM",169.4
"11:32:42 AM",169.6
"11:32:43 AM",169.5
"11:32:44 AM",169.7
"11:32:45 AM",169.7
"11:32:46 AM",169.7
"11:32:47 AM",169.9
"11:32:48 AM",170.1
"11:32:49 AM",170.2
"11:32:50 AM",170.2
"11:32:51 AM",170.2
"11:32:52 AM",170.4
"11:32:53 AM",170.6
"11:32:54 AM",170.6
"11:32:55 AM",170.7
"11:32:56 AM",170.8
"11:32:57 AM",171
"11:32:58 AM",171
"11:32:59 AM",171.1
"11:33:00 AM",171.3
"11:33:01 AM",171.3
"11:33:02 AM",171.3
"11:33:03 AM",171.3
"11:33:04 AM",171.5
"11:33:05 AM",171.5
"11:33:06 AM",171.7
"11:33:07 AM",171.9
"11:33:08 AM",171.9
"11:33:09 AM",172
"11:33:10 AM",172.2
"11:33:11 AM",172.2
"11:33:12 AM",172.4
"11:33:13 AM",172.4
"11:33:14 AM",172.4
"11:33:15 AM",172.4
"11:33:16 AM",172.5
"11:33:17 AM",172.7
"11:33:18 AM",172.8
"11:33:19 AM",172.9
"11:33:20 AM",173.1
"11:33:21 AM",173.3
"11:33:22 AM",173.4
"11:33:23 AM",173.5
"11:33:24 AM",173.7
"11:33:25 AM",173.8
"11:33:26 AM",173.7
"11:33:27 AM",173.6
"11:33:28 AM",173.6
"11:33:29 AM",173.7
"11:33:30 AM",173.8
"11:33:31 AM",173.9
"11:33:32 AM",173.9
"11:33:33 AM",174
"11:33:34 AM",174.1
"11:33:35 AM",174.1
"11:33:36 AM",174.1
"11:33:37 AM",174.3
"11:33:38 AM",174.4
"11:33:39 AM",174.6
"11:33:40 AM",174.7
"11:33:41 AM",174.8
"11:33:42 AM",174.9
"11:33:43 AM",174.8
"11:33:44 AM",174.8
"11:33:45 AM",174.8
"11:33:46 AM",174.9
"11:33:47 AM",175.2
"11:33:48 AM",175.3
"11:33:49 AM",175.2
"11:33:50 AM",175.3
"11:33:51 AM",175.3
"11:33:52 AM",175.3
"11:33:53 AM",175.7
"11:33:54 AM",175.8
"11:33:55 AM",175.8
"11:33:56 AM",176
"11:33:57 AM",175.9
"11:33:58 AM",176.2
"11:33:59 AM",176.2
"11:34:00 AM",176.3
"11:34:01 AM",176.4
"11:34:02 AM",176.5
"11:34:03 AM",176.5
"11:34:04 AM",176.6
"11:34:05 AM",177
"11:34:06 AM",177
"11:34:07 AM",177.1
"11:34:08 AM",177.2
"11:34:09 AM",177.2
"11:34:10 AM",177.3
"11:34:11 AM",177.2
"11:34:12 AM",177.1
"11:34:13 AM",177.3
"11:34:14 AM",177.3
"11:34:15 AM",177.3
"11:34:16 AM",177.4
"11:34:17 AM",177.7
"11:34:18 AM",177.8
"11:34:19 AM",177.9
"11:34:20 AM",177.9
"11:34:21 AM",178
"11:34:22 AM",178.1
"11:34:23 AM",178.2
"11:34:24 AM",178.3
"11:34:25 AM",178.4
"11:34:26 AM",178.4
"11:34:27 AM",178.5
"11:34:28 AM",178.6
"11:34:29 AM",178.5
"11:34:30 AM",178.8
"11:34:31 AM",178.7
"11:34:32 AM",178.9
"11:34:33 AM",179.2
"11:34:34 AM",179.2
"11:34:35 AM",179.3
"11:34:36 AM",179.3
"11:34:37 AM",179.3
"11:34:38 AM",179.4
"11:34:39 AM",179.4
"11:34:40 AM",179.4
"11:34:41 AM",179.7
"11:34:42 AM",179.9
"11:34:43 AM",179.9
"11:34:44 AM",180
"11:34:45 AM",180
"11:34:46 AM",180.1
"11:34:47 AM",180.3
"11:34:48 AM",180.3
"11:34:49 AM",180.4
"11:34:50 AM",180.4
"11:34:51 AM",180.6
"11:34:52 AM",180.6
"11:34:53 AM",180.7
"11:34:54 AM",180.8
"11:34:55 AM",181
"11:34:56 AM",181.1
"11:34:57 AM",181.2
"11:34:58 AM",181.3
"11:34:59 AM",181.5
"11:35:00 AM",181.5
"11:35:01 AM",181.5
"11:35:02 AM",181.6
"11:35:03 AM",181.6
"11:35:04 AM",181.7
"11:35:05 AM",181.7
"11:35:06 AM",181.7
"11:35:07 AM",181.7
"11:35:08 AM",181.9
"11:35:09 AM",182.1
"11:35:10 AM",182.1
"11:35:11 AM",182
"11:35:12 AM",182.1
"11:35:13 AM",182.1
"11:35:14 AM",182.3
"11:35:15 AM",182.2
"11:35:16 AM",182.4
"11:35:17 AM",182.5
"11:35:18 AM",182.4
"11:35:19 AM",182.5
"11:35:20 AM",182.9
"11:35:21 AM",182.8
"11:35:22 AM",182.9
"11:35:23 AM",183.2
"11:35:24 AM",183.2
"11:35:25 AM",183.1
"11:35:26 AM",183.3
"11:35:27 AM",183.4
"11:35:28 AM",183.6
"11:35:29 AM",183.6
"11:35:30 AM",183.7
"11:35:31 AM",183.8
"11:35:32 AM",184
"11:35:33 AM",184
"11:35:34 AM",184.1
"11:35:35 AM",184.1
"11:35:36 AM",183.9
"11:35:37 AM",184
"11:35:38 AM",184.1
"11:35:39 AM",184.2
"11:35:40 AM",184.4
"11:35:41 AM",184.4
"11:35:42 AM",184.4
"11:35:43 AM",184.6
"11:35:44 AM",184.7
"11:35:45 AM",184.8
"11:35:46 AM",184.9
"11:35:47 AM",184.9
"11:35:48 AM",185.2
"11:35:49 AM",185.3
"11:35:50 AM",185.3
"11:35:51 AM",185.4
"11:35:52 AM",185.5
"11:35:53 AM",185.6
"11:35:54 AM",185.7
"11:35:55 AM",185.8
"11:35:56 AM",185.9
"11:35:57 AM",186
"11:35:58 AM",186
"11:35:59 AM",185.8
"11:36:00 AM",185.9
"11:36:01 AM",186.1
"11:36:02 AM",186
"11:36:03 AM",186.1
"11:36:04 AM",186.2
"11:36:05 AM",186.6
"11:36:06 AM",186.6
"11:36:07 AM",186.7
"11:36:08 AM",186.7
"11:36:09 AM",186.7
"11:36:10 AM",186.7
"11:36:11 AM",186.8
"11:36:12 AM",187
"11:36:13 AM",186.9
"11:36:14 AM",186.8
"11:36:15 AM",186.8
"11:36:16 AM",187
"11:36:17 AM",187.3
"11:36:18 AM",187.5
"11:36:19 AM",187.4
"11:36:20 AM",187.6
"11:36:21 AM",187.5
"11:36:22 AM",187.7
"11:36:23 AM",187.7
"11:36:24 AM",187.8
"11:36:25 AM",188
"11:36:26 AM",188.2
"11:36:27 AM",188.1
"11:36:28 AM",188.2
"11:36:29 AM",188.3
"11:36:30 AM",188.2
"11:36:31 AM",188.4
"11:36:32 AM",188.8
"11:36:33 AM",188.7
"11:36:34 AM",188.7
"11:36:35 AM",188.7
"11:36:36 AM",188.9
"11:36:37 AM",189.1
"11:36:38 AM",189
"11:36:39 AM",188.9
"11:36:40 AM",189
"11:36:41 AM",189.2
"11:36:42 AM",189.3
"11:36:43 AM",189.2
"11:36:44 AM",188.9
"11:36:45 AM",188.9
"11:36:46 AM",189.1
"11:36:47 AM",189.2
"11:36:48 AM",189.2
"11:36:49 AM",189.3
"11:36:50 AM",189.6
"11:36:51 AM",189.9
"11:36:52 AM",190
"11:36:53 AM",190
"11:36:54 AM",190.2
"11:36:55 AM",190.3
"11:36:56 AM",190.4
"11:36:57 AM",190.4
"11:36:58 AM",190.5
"11:36:59 AM",190.3
"11:37:00 AM",190.3
"11:37:01 AM",190.2
"11:37:02 AM",190.3
"11:37:03 AM",190.6
"11:37:04 AM",190.9
"11:37:05 AM",191.1
"11:37:06 AM",191.3
"11:37:07 AM",191.2
"11:37:08 AM",191.4
"11:37:09 AM",191.5
"11:37:10 AM",191.4
"11:37:11 AM",191.5
"11:37:12 AM",191.4
"11:37:13 AM",191.4
"11:37:14 AM",191.4
"11:37:15 AM",191.5
"11:37:16 AM",191.8
"11:37:17 AM",191.8
"11:37:18 AM",191.8
"11:37:19 AM",191.8
"11:37:20 AM",191.8
"11:37:21 AM",191.9
"11:37:22 AM",191.8
"11:37:23 AM",191.8
"11:37:24 AM",191.9
"11:37:25 AM",192.3
"11:37:26 AM",192.2
"11:37:27 AM",192.6
"11:37:28 AM",192.8
"11:37:29 AM",192.6
"11:37:30 AM",192.7
"11:37:31 AM",192.8
"11:37:32 AM",193
"11:37:33 AM",193
"11:37:34 AM",193.1
"11:37:35 AM",193.4
"11:37:36 AM",193.2
"11:37:37 AM",193.2
"11:37:38 AM",193.1
"11:37:39 AM",193.3
"11:37:40 AM",193.4
"11:37:41 AM",193.4
"11:37:42 AM",193.5
"11:37:43 AM",193.6
"11:37:44 AM",193.5
"11:37:45 AM",193.6
"11:37:46 AM",193.7
"11:37:47 AM",193.9
"11:37:48 AM",194
"11:37:49 AM",194.1
"11:37:50 AM",194.2
"11:37:51 AM",194.4
"11:37:52 AM",194.6
"11:37:53 AM",194.6
"11:37:54 AM",194.5
"11:37:55 AM",194.7
"11:37:56 AM",194.9
"11:37:57 AM",195.1
"11:37:58 AM",195
"11:37:59 AM",195.1
"11:38:00 AM",195
"11:38:01 AM",195.2
"11:38:02 AM",195.2
"11:38:03 AM",195.4
"11:38:04 AM",195.6
"11:38:05 AM",195.6
"11:38:06 AM",195.5
"11:38:07 AM",195.8
"11:38:08 AM",195.6
"11:38:09 AM",195.8
"11:38:10 AM",195.7
"11:38:11 AM",195.9
"11:38:12 AM",195.7
"11:38:13 AM",195.9
"11:38:14 AM",195.9
"11:38:15 AM",195.9
"11:38:16 AM",196
"11:38:17 AM",196
"11:38:18 AM",196
"11:38:19 AM",196.2
"11:38:20 AM",196.5
"11:38:21 AM",196.6
"11:38:22 AM",196.7
"11:38:23 AM",196.7
"11:38:24 AM",196.7
"11:38:25 AM",196.6
"11:38:26 AM",196.7
"11:38:27 AM",196.8
"11:38:28 AM",196.7
"11:38:29 AM",196.8
"11:38:30 AM",196.9
"11:38:31 AM",197.1
"11:38:32 AM",197.1
"11:38:33 AM",197.2
"11:38:34 AM",197.1
"11:38:35 AM",197.2
"11:38:36 AM",197.2
"11:38:37 AM",197.3
"11:38:38 AM",197.4
"11:38:39 AM",197.1
"11:38:40 AM",196.9
"11:38:41 AM",196.7
"11:38:42 AM",196.7
"11:38:43 AM",196.5
"11:38:44 AM",196.4
"11:38:45 AM",196.2
"11:38:46 AM",196.2
"11:38:47 AM",196.2
"11:38:48 AM",196.1
"11:38:49 AM",196.1
"11:38:50 AM",196
"11:38:51 AM",196
"11:38:52 AM",195.9
"11:38:53 AM",195.8
"11:38:54 AM",195.7
"11:38:55 AM",195.6
"11:38:56 AM",195.5
"11:38:57 AM",195.4
"11:38:58 AM",195.3
"11:38:59 AM",195.2
"11:39:00 AM",195.1
"11:39:01 AM",195.1
"11:39:02 AM",195
"11:39:03 AM",195
"11:39:04 AM",194.9
"11:39:05 AM",194.9
"11:39:06 AM",194.9
"11:39:07 AM",194.9
"11:39:08 AM",194.8
"11:39:09 AM",194.9
"11:39:10 AM",194.9
"11:39:11 AM",194.9
"11:39:12 AM",195
"11:39:13 AM",195.2
"11:39:14 AM",195.2
"11:39:15 AM",195.4
"11:39:16 AM",195.5
"11:39:17 AM",195.6
"11:39:18 AM",195.8
"11:39:19 AM",195.9
"11:39:20 AM",195.9
"11:39:21 AM",196
"11:39:22 AM",196.1
"11:39:23 AM",196.1
"11:39:24 AM",196.2
"11:39:25 AM",196.3
"11:39:26 AM",196.4
"11:39:27 AM",196.5
"11:39:28 AM",196.4
"11:39:29 AM",196.5
"11:39:30 AM",196.6
"11:39:31 AM",196.8
"11:39:32 AM",196.8
"11:39:33 AM",197
"11:39:34 AM",197
"11:39:35 AM",197
"11:39:36 AM",197.2
"11:39:37 AM",197.2
"11:39:38 AM",197.3
"11:39:39 AM",197.2
"11:39:40 AM",197.2
"11:39:41 AM",197.3
"11:39:42 AM",197.3
"11:39:43 AM",197.2
"11:39:44 AM",197
"11:39:45 AM",197
"11:39:46 AM",197
"11:39:47 AM",196.9
"11:39:48 AM",196.7
"11:39:49 AM",196.7
"11:39:50 AM",196.7
"11:39:51 AM",196.7
"11:39:52 AM",196.6
"11:39:53 AM",196.6
"11:39:54 AM",196.4
"11:39:55 AM",196.3
"11:39:56 AM",196.1
"11:39:57 AM",196.1
"11:39:58 AM",195.9
"11:39:59 AM",195.8
"11:40:00 AM",195.8
"11:40:01 AM",195.7
"11:40:02 AM",195.7
"11:40:03 AM",195.6
"11:40:04 AM",195.5
"11:40:05 AM",195.4
"11:40:06 AM",195.4
"11:40:07 AM",195.3
"11:40:08 AM",195.3
"11:40:09 AM",195.4
"11:40:10 AM",195.3
"11:40:11 AM",195.3
"11:40:12 AM",195.3
"11:40:13 AM",195.4
"11:40:14 AM",195.5
"11:40:15 AM",195.4
"11:40:16 AM",195.6
"11:40:17 AM",195.6
"11:40:18 AM",195.6
"11:40:19 AM",195.7
"11:40:20 AM",195.9
"11:40:21 AM",195.9
"11:40:22 AM",196
"11:40:23 AM",196
"11:40:24 AM",196
"11:40:25 AM",196.1
"11:40:26 AM",195.9
"11:40:27 AM",195.9
"11:40:28 AM",196.2
"11:40:29 AM",196.2
"11:40:30 AM",196.4
"11:40:31 AM",196.4
"11:40:32 AM",196.4
"11:40:33 AM",196.5
"11:40:34 AM",196.8
"11:40:35 AM",196.7
"11:40:36 AM",196.7
"11:40:37 AM",196.8
"11:40:38 AM",196.8
"11:40:39 AM",196.7
"11:40:40 AM",196.6
"11:40:41 AM",196.6
"11:40:42 AM",196.6
"11:40:43 AM",196.6
"11:40:44 AM",196.7
"11:40:45 AM",196.6
"11:40:46 AM",196.6
"11:40:47 AM",196.4
"11:40:48 AM",196.3
"11:40:49 AM",196.4
"11:40:50 AM",196.1
"11:40:51 AM",196.1
"11:40:52 AM",196.1
"11:40:53 AM",196.1
"11:40:54 AM",196.1
"11:40:55 AM",196
"11:40:56 AM",196
"11:40:57 AM",195.9
"11:40:58 AM",195.8
"11:40:59 AM",195.8
"11:41:00 AM",195.7
"11:41:01 AM",195.8
"11:41:02 AM",195.7
"11:41:03 AM",195.7
"11:41:04 AM",195.8
"11:41:05 AM",195.7
"11:41:06 AM",195.5
"11:41:07 AM",195.4
"11:41:08 AM",195.4
"11:41:09 AM",195.6
"11:41:10 AM",195.6
"11:41:11 AM",195.6
"11:41:12 AM",195.6
"11:41:13 AM",195.7
"11:41:14 AM",195.6
"11:41:15 AM",195.6
"11:41:16 AM",195.6
"11:41:17 AM",195.7
"11:41:18 AM",195.6
"11:41:19 AM",195.6
"11:41:20 AM",195.5
"11:41:21 AM",195.4
"11:41:22 AM",195.4
"11:41:23 AM",195.4
"11:41:24 AM",195.5
"11:41:25 AM",195.5
"11:41:26 AM",195.6
"11:41:27 AM",195.6
"11:41:28 AM",195.6
"11:41:29 AM",195.5
"11:41:30 AM",195.4
"11:41:31 AM",195.4
"11:41:32 AM",195.3
"11:41:33 AM",195.2
"11:41:34 AM",195
"11:41:35 AM",195
"11:41:36 AM",195
"11:41:37 AM",194.8
"11:41:38 AM",194.7
"11:41:39 AM",194.6
"11:41:40 AM",194.4
"11:41:41 AM",194.3
"11:41:42 AM",194.2
"11:41:43 AM",194
"11:41:44 AM",193.8
"11:41:45 AM",193.7
"11:41:46 AM",193.6
"11:41:47 AM",193.5
"11:41:48 AM",193.3
"11:41:49 AM",193.1
"11:41:50 AM",192.9
"11:41:51 AM",192.7
"11:41:52 AM",192.5
"11:41:53 AM",192.4
"11:41:54 AM",192.2
"11:41:55 AM",192.1
"11:41:56 AM",192
"11:41:57 AM",191.9
"11:41:58 AM",191.8
"11:41:59 AM",191.5
"11:42:00 AM",191.4
"11:42:01 AM",191.3
"11:42:02 AM",191.2
"11:42:03 AM",190.9
"11:42:04 AM",190.8
"11:42:05 AM",190.7
"11:42:06 AM",190.6
"11:42:07 AM",190.5
"11:42:08 AM",190.4
"11:42:09 AM",190.2
"11:42:10 AM",190.1
"11:42:11 AM",190
"11:42:12 AM",189.8
"11:42:13 AM",189.7
"11:42:14 AM",189.6
"11:42:15 AM",189.4
"11:42:16 AM",189.3
"11:42:17 AM",189.1
"11:42:18 AM",189
"11:42:19 AM",188.9
"11:42:20 AM",188.8
"11:42:21 AM",188.7
"11:42:22 AM",188.6
"11:42:23 AM",188.5
"11:42:24 AM",188.3
"11:42:25 AM",188.1
"11:42:26 AM",188
"11:42:27 AM",187.8
"11:42:28 AM",187.8
"11:42:29 AM",187.7
"11:42:30 AM",187.4
"11:42:31 AM",187.3
"11:42:32 AM",187.3
"11:42:33 AM",187.2
"11:42:34 AM",187
"11:42:35 AM",186.9
"11:42:36 AM",186.8
"11:42:37 AM",186.7
"11:42:38 AM",186.6
"11:42:39 AM",186.4
"11:42:40 AM",186.4
"11:42:41 AM",186.3
"11:42:42 AM",186.2
"11:42:43 AM",186.1
"11:42:44 AM",186
"11:42:45 AM",185.9
"11:42:46 AM",185.8
"11:42:47 AM",185.7
"11:42:48 AM",185.5
"11:42:49 AM",185.5
"11:42:50 AM",185.3
"11:42:51 AM",185.2
"11:42:52 AM",185.1
"11:42:53 AM",185
"11:42:54 AM",184.9
"11:42:55 AM",184.8
"11:42:56 AM",184.7
"11:42:57 AM",184.5
"11:42:58 AM",184.4
"11:42:59 AM",184.2
"11:43:00 AM",184.2
"11:43:01 AM",184
"11:43:02 AM",183.9
"11:43:03 AM",183.8
"11:43:04 AM",183.7
"11:43:05 AM",183.5
"11:43:06 AM",183.4
"11:43:07 AM",183.3
"11:43:08 AM",183.2
"11:43:09 AM",183.2
"11:43:10 AM",183
"11:43:11 AM",182.9
"11:43:12 AM",182.9
"11:43:13 AM",182.8
"11:43:14 AM",182.6
"11:43:15 AM",182.5
"11:43:16 AM",182.4
"11:43:17 AM",182.4
"11:43:18 AM",182.2
"11:43:19 AM",182.1
"11:43:20 AM",182
"11:43:21 AM",181.9
"11:43:22 AM",181.8
"11:43:23 AM",181.7
"11:43:24 AM",181.6
"11:43:25 AM",181.6
"11:43:26 AM",181.4
"11:43:27 AM",181.4
"11:43:28 AM",181.2
"11:43:29 AM",181.1
"11:43:30 AM",181
"11:43:31 AM",181
"11:43:32 AM",180.9
"11:43:33 AM",180.8
"11:43:34 AM",180.7
"11:43:35 AM",180.5
"11:43:36 AM",180.4
"11:43:37 AM",180.3
"11:43:38 AM",180.3
"11:43:39 AM",180.2
"11:43:40 AM",180.1
"11:43:41 AM",180
"11:43:42 AM",179.8
"11:43:43 AM",179.7
"11:43:44 AM",179.6
"11:43:45 AM",179.6
"11:43:46 AM",179.6
"11:43:47 AM",179.4
"11:43:48 AM",179.3
"11:43:49 AM",179.2
"11:43:50 AM",179.1
"11:43:51 AM",179
"11:43:52 AM",178.9
"11:43:53 AM",178.9
"11:43:54 AM",178.8
"11:43:55 AM",178.6
"11:43:56 AM",178.6
"11:43:57 AM",178.5
"11:43:58 AM",178.4
"11:43:59 AM",178.4
"11:44:00 AM",178.4
"11:44:01 AM",178.3
"11:44:02 AM",178.1
"11:44:03 AM",178
"11:44:04 AM",177.9
"11:44:05 AM",177.8
"11:44:06 AM",177.8
"11:44:07 AM",177.7
"11:44:08 AM",177.6
"11:44:09 AM",177.4
"11:44:10 AM",177.4
"11:44:11 AM",177.3
"11:44:12 AM",177.3
"11:44:13 AM",177.3
"11:44:14 AM",177.2
"11:44:15 AM",177.1
"11:44:16 AM",176.9
"11:44:17 AM",176.9
"11:44:18 AM",176.8
"11:44:19 AM",176.7
"11:44:20 AM",176.6
"11:44:21 AM",176.4
"11:44:22 AM",176.4
"11:44:23 AM",176.3
"11:44:24 AM",176.2
"11:44:25 AM",176.1
"11:44:26 AM",176
"11:44:27 AM",175.9
"11:44:28 AM",175.8
"11:44:29 AM",175.8
"11:44:30 AM",175.6
"11:44:31 AM",175.6
"11:44:32 AM",175.5
"11:44:33 AM",175.4
"11:44:34 AM",175.4
"11:44:35 AM",175.3
"11:44:36 AM",175.3
"11:44:37 AM",175.2
"11:44:38 AM",175
"11:44:39 AM",175
"11:44:40 AM",174.9
"11:44:41 AM",174.8
"11:44:42 AM",174.7
"11:44:43 AM",174.6
"11:44:44 AM",174.4
"11:44:45 AM",174.3
"11:44:46 AM",174.3
"11:44:47 AM",174.2
"11:44:48 AM",174.2
"11:44:49 AM",174.1
"11:44:50 AM",174
"11:44:51 AM",174
"11:44:52 AM",173.9
"11:44:53 AM",173.8
"11:44:54 AM",173.7
"11:44:55 AM",173.7
"11:44:56 AM",173.7
"11:44:57 AM",173.5
"11:44:58 AM",173.5
"11:44:59 AM",173.3
"11:45:00 AM",173.3
"11:45:01 AM",173.2
"11:45:02 AM",173.1
"11:45:03 AM",173
"11:45:04 AM",173
"11:45:05 AM",172.8
"11:45:06 AM",172.7
"11:45:07 AM",172.6
"11:45:08 AM",172.5
"11:45:09 AM",172.5
"11:45:10 AM",172.5
"11:45:11 AM",172.4
"11:45:12 AM",172.3
"11:45:13 AM",172.3
"11:45:14 AM",172.2
"11:45:15 AM",172.2
"11:45:16 AM",172.1
"11:45:17 AM",172.1
"11:45:18 AM",171.9
"11:45:19 AM",171.8
"11:45:20 AM",171.9
"11:45:21 AM",171.8
"11:45:22 AM",171.6
"11:45:23 AM",171.5
"11:45:24 AM",171.4
"11:45:25 AM",171.3
"11:45:26 AM",171.2
"11:45:27 AM",171.2
"11:45:28 AM",171.1
"11:45:29 AM",171
"11:45:30 AM",170.8
"11:45:31 AM",170.7
"11:45:32 AM",170.7
"11:45:33 AM",170.7
"11:45:34 AM",170.6
"11:45:35 AM",170.7
"11:45:36 AM",170.5
"11:45:37 AM",170.5
"11:45:38 AM",170.4
"11:45:39 AM",170.3
"11:45:40 AM",170.2
"11:45:41 AM",170.1
"11:45:42 AM",170
"11:45:43 AM",169.9
"11:45:44 AM",170
"11:45:45 AM",169.9
"11:45:46 AM",169.8
"11:45:47 AM",169.8
"11:45:48 AM",169.7
"11:45:49 AM",169.5
"11:45:50 AM",169.4
"11:45:51 AM",169.3
"11:45:52 AM",169.2
"11:45:53 AM",169.2
"11:45:54 AM",169.1
"11:45:55 AM",169.1
"11:45:56 AM",169
"11:45:57 AM",168.8
"11:45:58 AM",168.7
"11:45:59 AM",168.8
"11:46:00 AM",168.6
"11:46:01 AM",168.5
"11:46:02 AM",168.5
"11:46:03 AM",168.5
"11:46:04 AM",168.4
"11:46:05 AM",168.3
"11:46:06 AM",168.2
"11:46:07 AM",168.2
"11:46:08 AM",168.1
"11:46:09 AM",168
"11:46:10 AM",168
"11:46:11 AM",167.9
"11:46:12 AM",167.8
"11:46:13 AM",167.5
"11:46:14 AM",167.5
"11:46:15 AM",167.5
"11:46:16 AM",167.5
"11:46:17 AM",167.4
"11:46:18 AM",167.4
"11:46:19 AM",167.3
"11:46:20 AM",167.2
"11:46:21 AM",167.2
"11:46:22 AM",167.1
"11:46:23 AM",167.1
"11:46:24 AM",166.9
"11:46:25 AM",166.9
"11:46:26 AM",166.8
"11:46:27 AM",166.7
"11:46:28 AM",166.7
"11:46:29 AM",166.6
"11:46:30 AM",166.6
"11:46:31 AM",166.5
"11:46:32 AM",166.4
"11:46:33 AM",166.4
"11:46:34 AM",166.3
"11:46:35 AM",166.3
"11:46:36 AM",166.2
"11:46:37 AM",166.2
"11:46:38 AM",166.3
"11:46:39 AM",166.1
"11:46:40 AM",166
"11:46:41 AM",165.9
"11:46:42 AM",165.9
"11:46:43 AM",165.7
"11:46:44 AM",165.6
"11:46:45 AM",165.5
"11:46:46 AM",165.5
"11:46:47 AM",165.4
"11:46:48 AM",165.2
"11:46:49 AM",165.1
"11:46:50 AM",165.1
"11:46:51 AM",165
"11:46:52 AM",164.9
"11:46:53 AM",164.8
"11:46:54 AM",164.8
"11:46:55 AM",164.7
"11:46:56 AM",164.7
"11:46:57 AM",164.7
"11:46:58 AM",164.6
"11:46:59 AM",164.5
"11:47:00 AM",164.5
"11:47:01 AM",164.5
"11:47:02 AM",164.4
"11:47:03 AM",164.3
"11:47:04 AM",164.2
"11:47:05 AM",164.2
"11:47:06 AM",164.1
"11:47:07 AM",164
"11:47:08 AM",163.9
"11:47:09 AM",163.9
"11:47:10 AM",163.8
"11:47:11 AM",163.7
"11:47:12 AM",163.6
"11:47:13 AM",163.5
"11:47:14 AM",163.5
"11:47:15 AM",163.3
"11:47:16 AM",163.3
"11:47:17 AM",163.2
"11:47:18 AM",163.2
"11:47:19 AM",163.1
"11:47:20 AM",163.1
"11:47:21 AM",163.1
"11:47:22 AM",163.1
"11:47:23 AM",163
"11:47:24 AM",162.9
"11:47:25 AM",162.8
"11:47:26 AM",162.7
"11:47:27 AM",162.7
"11:47:28 AM",162.7
"11:47:29 AM",162.6
"11:47:30 AM",162.5
"11:47:31 AM",162.5
"11:47:32 AM",162.4
"11:47:33 AM",162.3
"11:47:34 AM",162.1
"11:47:35 AM",162.1
"11:47:36 AM",161.9
"11:47:37 AM",161.9
"11:47:38 AM",161.7
"11:47:39 AM",161.7
"11:47:40 AM",161.6
"11:47:41 AM",161.6
"11:47:42 AM",161.5
"11:47:43 AM",161.4
"11:47:44 AM",161.4
"11:47:45 AM",161.3
"11:47:46 AM",161.3
"11:47:47 AM",161.1
"11:47:48 AM",161
"11:47:49 AM",161
"11:47:50 AM",161
"11:47:51 AM",161
"11:47:52 AM",160.9
"11:47:53 AM",160.8
"11:47:54 AM",160.8
"11:47:55 AM",160.7
"11:47:56 AM",160.6
"11:47:57 AM",160.6
"11:47:58 AM",160.5
"11:47:59 AM",160.5
"11:48:00 AM",160.5
"11:48:01 AM",160.4
"11:48:02 AM",160.3
"11:48:03 AM",160.2
"11:48:04 AM",160.2
"11:48:05 AM",160.1
"11:48:06 AM",160
"11:48:07 AM",159.8
"11:48:08 AM",159.8
"11:48:09 AM",159.8
"11:48:10 AM",159.6
"11:48:11 AM",159.6
"11:48:12 AM",159.5
"11:48:13 AM",159.5
"11:48:14 AM",159.5
"11:48:15 AM",159.5
"11:48:16 AM",159.5
"11:48:17 AM",159.4
"11:48:18 AM",159.4
"11:48:19 AM",159.3
"11:48:20 AM",159.2
"11:48:21 AM",159.1
"11:48:22 AM",159
"11:48:23 AM",158.9
"11:48:24 AM",158.8
"11:48:25 AM",158.8
"11:48:26 AM",158.6
"11:48:27 AM",158.4
"11:48:28 AM",158.4
"11:48:29 AM",158.3
"11:48:30 AM",158.3
"11:48:31 AM",158.2
"11:48:32 AM",158.1
"11:48:33 AM",158.1
"11:48:34 AM",158
"11:48:35 AM",158.1
"11:48:36 AM",158
"11:48:37 AM",157.9
"11:48:38 AM",157.7
"11:48:39 AM",157.7
"11:48:40 AM",157.5
"11:48:41 AM",157.5
"11:48:42 AM",157.6
"11:48:43 AM",157.5
"11:48:44 AM",157.3
"11:48:45 AM",157.4
"11:48:46 AM",157.2
"11:48:47 AM",157.2
"11:48:48 AM",157.1
"11:48:49 AM",157.1
"11:48:50 AM",157
"11:48:51 AM",156.9
"11:48:52 AM",156.9
"11:48:53 AM",156.8
"11:48:54 AM",156.7
"11:48:55 AM",156.6
"11:48:56 AM",156.5
"11:48:57 AM",156.5
"11:48:58 AM",156.5
"11:48:59 AM",156.5
"11:49:00 AM",156.4
"11:49:01 AM",156.3
"11:49:02 AM",156.2
"11:49:03 AM",156.3
"11:49:04 AM",156.2
"11:49:05 AM",156.2
"11:49:06 AM",156
"11:49:07 AM",156
"11:49:08 AM",156
"11:49:09 AM",156
"11:49:10 AM",155.8
"11:49:11 AM",155.7
"11:49:12 AM",155.6
"11:49:13 AM",155.6
"11:49:14 AM",155.4
"11:49:15 AM",155.3
"11:49:16 AM",155.2
"11:49:17 AM",155.2
"11:49:18 AM",155.1
"11:49:19 AM",155.1
"11:49:20 AM",155.1
"11:49:21 AM",155.1
"11:49:22 AM",155
"11:49:23 AM",154.9
"11:49:24 AM",154.8
"11:49:25 AM",154.8
"11:49:26 AM",154.7
"11:49:27 AM",154.7
"11:49:28 AM",154.7
"11:49:29 AM",154.6
"11:49:30 AM",154.5
"11:49:31 AM",154.4
"11:49:32 AM",154.4
"11:49:33 AM",154.3
"11:49:34 AM",154.2
"11:49:35 AM",154.1
"11:49:36 AM",154.1
"11:49:37 AM",154
"11:49:38 AM",154
"11:49:39 AM",153.8
"11:49:40 AM",153.8
"11:49:41 AM",153.7
"11:49:42 AM",153.7
"11:49:43 AM",153.7
"11:49:44 AM",153.6
"11:49:45 AM",153.6
"11:49:46 AM",153.6
"11:49:47 AM",153.4
"11:49:48 AM",153.3
"11:49:49 AM",153.2
"11:49:50 AM",153.1
"11:49:51 AM",153.1
"11:49:52 AM",153
"11:49:53 AM",152.9
"11:49:54 AM",152.9
"11:49:55 AM",152.8
"11:49:56 AM",152.7
"11:49:57 AM",152.6
"11:49:58 AM",152.5
"11:49:59 AM",152.5
"11:50:00 AM",152.5
"11:50:01 AM",152.4
"11:50:02 AM",152.4
"11:50:03 AM",152.3
"11:50:04 AM",152.2
"11:50:05 AM",152.3
"11:50:06 AM",152.2
"11:50:07 AM",152.1
"11:50:08 AM",152
"11:50:09 AM",151.9
"11:50:10 AM",151.8
"11:50:11 AM",151.8
"11:50:12 AM",151.7
"11:50:13 AM",151.6
"11:50:14 AM",151.6
"11:50:15 AM",151.5
"11:50:16 AM",151.6
"11:50:17 AM",151.5
"11:50:18 AM",151.3
"11:50:19 AM",151.3
"11:50:20 AM",151.3
"11:50:21 AM",151.2
"11:50:22 AM",151.1
"11:50:23 AM",151
"11:50:24 AM",151
"11:50:25 AM",150.9
"11:50:26 AM",151
"11:50:27 AM",151
"11:50:28 AM",150.8
"11:50:29 AM",150.9
"11:50:30 AM",150.9
"11:50:31 AM",150.9
"11:50:32 AM",150.9
"11:50:33 AM",151
"11:50:34 AM",151.1
"11:50:35 AM",151.3
"11:50:36 AM",151.5
"11:50:37 AM",151.7
"11:50:38 AM",151.9
"11:50:39 AM",152
"11:50:40 AM",152.1
"11:50:41 AM",152.3
"11:50:42 AM",152.5
"11:50:43 AM",152.6
"11:50:44 AM",152.8
"11:50:45 AM",153
"11:50:46 AM",153.2
"11:50:47 AM",153.4
"11:50:48 AM",153.5
"11:50:49 AM",153.7
"11:50:50 AM",154
"11:50:51 AM",154.2
"11:50:52 AM",154.4
"11:50:53 AM",154.5
"11:50:54 AM",154.7
"11:50:55 AM",154.9
"11:50:56 AM",155.1
"11:50:57 AM",155.3
"11:50:58 AM",155.5
"11:50:59 AM",155.7
"11:51:00 AM",155.9
"11:51:01 AM",155.9
"11:51:02 AM",156.1
"11:51:03 AM",156.1
"11:51:04 AM",156.2
"11:51:05 AM",156.2
"11:51:06 AM",156.2
"11:51:07 AM",156.2
"11:51:08 AM",156.2
"11:51:09 AM",156.1
"11:51:10 AM",156
"11:51:11 AM",156
"11:51:12 AM",155.9
"11:51:13 AM",155.9
"11:51:14 AM",155.8
"11:51:15 AM",155.8
"11:51:16 AM",155.7
"11:51:17 AM",155.7
"11:51:18 AM",155.6
"11:51:19 AM",155.5
"11:51:20 AM",155.5
"11:51:21 AM",155.4
"11:51:22 AM",155.3
"11:51:23 AM",155.1
"11:51:24 AM",155.1
"11:51:25 AM",155
"11:51:26 AM",155
"11:51:27 AM",154.9
"11:51:28 AM",154.8
"11:51:29 AM",154.7
"11:51:30 AM",154.6
"11:51:31 AM",154.6
"11:51:32 AM",154.4
"11:51:33 AM",154.3
"11:51:34 AM",154.2
"11:51:35 AM",154.2
"11:51:36 AM",154
"11:51:37 AM",154
"11:51:38 AM",154
"11:51:39 AM",153.8
"11:51:40 AM",153.8
"11:51:41 AM",153.7
"11:51:42 AM",153.6
"11:51:43 AM",153.5
"11:51:44 AM",153.5
"11:51:45 AM",153.4
"11:51:46 AM",153.3
"11:51:47 AM",153.4
"11:51:48 AM",153.3
"11:51:49 AM",153.3
"11:51:50 AM",153.3
"11:51:51 AM",153.3
"11:51:52 AM",153.3
"11:51:53 AM",153.4
"11:51:54 AM",153.4
"11:51:55 AM",153.4
"11:51:56 AM",153.4
"11:51:57 AM",153.5
"11:51:58 AM",153.5
"11:51:59 AM",153.5
"11:52:00 AM",153.6
"11:52:01 AM",153.6
"11:52:02 AM",153.6
"11:52:03 AM",153.6
"11:52:04 AM",153.7
"11:52:05 AM",153.7
"11:52:06 AM",153.7
"11:52:07 AM",153.8
"11:52:08 AM",153.9
"11:52:09 AM",153.9
"11:52:10 AM",153.9
"11:52:11 AM",154
"11:52:12 AM",154.1
"11:52:13 AM",154.1
"11:52:14 AM",154.3
"11:52:15 AM",154.4
"11:52:16 AM",154.4
"11:52:17 AM",154.6
"11:52:18 AM",154.6
"11:52:19 AM",154.7
"11:52:20 AM",154.8
"11:52:21 AM",154.9
"11:52:22 AM",154.9
"11:52:23 AM",154.9
"11:52:24 AM",155
"11:52:25 AM",155
"11:52:26 AM",155
"11:52:27 AM",155.1
"11:52:28 AM",155
"11:52:29 AM",155
"11:52:30 AM",154.9
"11:52:31 AM",154.9
"11:52:32 AM",154.8
"11:52:33 AM",154.8
"11:52:34 AM",154.8
"11:52:35 AM",154.8
"11:52:36 AM",154.8
"11:52:37 AM",154.7
"11:52:38 AM",154.7
"11:52:39 AM",154.7
"11:52:40 AM",154.6
"11:52:41 AM",154.6
"11:52:42 AM",154.7
"11:52:43 AM",154.7
"11:52:44 AM",154.7
"11:52:45 AM",154.7
"11:52:46 AM",154.8
"11:52:47 AM",154.8
"11:52:48 AM",154.8
"11:52:49 AM",154.7
"11:52:50 AM",154.7
"11:52:51 AM",154.6
"11:52:52 AM",154.5
"11:52:53 AM",154.5
"11:52:54 AM",154.5
"11:52:55 AM",154.5
"11:52:56 AM",154.4
"11:52:57 AM",154.4
"11:52:58 AM",154.4
"11:52:59 AM",154.4
"11:53:00 AM",154.5
"11:53:01 AM",154.5
"11:53:02 AM",154.5
"11:53:03 AM",154.5
"11:53:04 AM",154.5
"11:53:05 AM",154.5
"11:53:06 AM",154.6
"11:53:07 AM",154.6
"11:53:08 AM",154.6
"11:53:09 AM",154.5
"11:53:10 AM",154.4
"11:53:11 AM",154.5
"11:53:12 AM",154.5
"11:53:13 AM",154.4
"11:53:14 AM",154.4
"11:53:15 AM",154.4
"11:53:16 AM",154.4
"11:53:17 AM",154.4
"11:53:18 AM",154.4
"11:53:19 AM",154.4
"11:53:20 AM",154.4
"11:53:21 AM",154.5
"11:53:22 AM",154.5
"11:53:23 AM",154.5
"11:53:24 AM",154.5
"11:53:25 AM",154.6
"11:53:26 AM",154.6
"11:53:27 AM",154.6
"11:53:28 AM",154.7
"11:53:29 AM",154.7
"11:53:30 AM",154.6
"11:53:31 AM",154.6
"11:53:32 AM",154.6
"11:53:33 AM",154.6
"11:53:34 AM",154.5
"11:53:35 AM",154.6
"11:53:36 AM",154.4
"11:53:37 AM",154.4
"11:53:38 AM",154.3
"11:53:39 AM",154.4
"11:53:40 AM",154.4
"11:53:41 AM",154.4
"11:53:42 AM",154.5
"11:53:43 AM",154.4
"11:53:44 AM",154.4
"11:53:45 AM",154.4
"11:53:46 AM",154.5
"11:53:47 AM",154.5
"11:53:48 AM",154.5
"11:53:49 AM",154.5
"11:53:50 AM",154.5
"11:53:51 AM",154.5
"11:53:52 AM",154.4
"11:53:53 AM",154.5
"11:53:54 AM",154.5
"11:53:55 AM",154.4
"11:53:56 AM",154.4
"11:53:57 AM",154.5
"11:53:58 AM",154.5
"11:53:59 AM",154.5
"11:54:00 AM",154.6
"11:54:01 AM",154.6
"11:54:02 AM",154.7
"11:54:03 AM",154.8
"11:54:04 AM",154.9
"11:54:05 AM",154.9
"11:54:06 AM",155
"11:54:07 AM",155.2
"11:54:08 AM",155.3
"11:54:09 AM",155.4
"11:54:10 AM",155.5
"11:54:11 AM",155.6
"11:54:12 AM",155.8
"11:54:13 AM",155.9
"11:54:14 AM",156.1
"11:54:15 AM",156.3
"11:54:16 AM",156.5
"11:54:17 AM",156.6
"11:54:18 AM",156.8
"11:54:19 AM",157
"11:54:20 AM",157.2
"11:54:21 AM",157.4
"11:54:22 AM",157.5
"11:54:23 AM",157.6
"11:54:24 AM",157.8
"11:54:25 AM",157.9
"11:54:26 AM",158.1
"11:54:27 AM",158.2
"11:54:28 AM",158.3
"11:54:29 AM",158.4
"11:54:30 AM",158.7
"11:54:31 AM",158.9
"11:54:32 AM",159
"11:54:33 AM",159.1
"11:54:34 AM",159.2
"11:54:35 AM",159.4
"11:54:36 AM",159.5
"11:54:37 AM",159.7
"11:54:38 AM",160
"11:54:39 AM",160.1
"11:54:40 AM",160.2
"11:54:41 AM",160.3
"11:54:42 AM",160.5
"11:54:43 AM",160.7
"11:54:44 AM",160.8
"11:54:45 AM",160.9
"11:54:46 AM",161.1
"11:54:47 AM",161.2
"11:54:48 AM",161.4
"11:54:49 AM",161.5
"11:54:50 AM",161.6
"11:54:51 AM",161.8
"11:54:52 AM",162.1
"11:54:53 AM",162.2
"11:54:54 AM",162.2
"11:54:55 AM",162.4
"11:54:56 AM",162.6
"11:54:57 AM",162.8
"11:54:58 AM",162.9
"11:54:59 AM",163.2
"11:55:00 AM",163.3
"11:55:01 AM",163.4
"11:55:02 AM",163.4
"11:55:03 AM",163.5
"11:55:04 AM",163.6
"11:55:05 AM",163.7
"11:55:06 AM",164
"11:55:07 AM",164.1
"11:55:08 AM",164.3
"11:55:09 AM",164.5
"11:55:10 AM",164.7
"11:55:11 AM",164.7
"11:55:12 AM",164.8
"11:55:13 AM",165.1
"11:55:14 AM",165.2
"11:55:15 AM",165.4
"11:55:16 AM",165.5
"11:55:17 AM",165.6
"11:55:18 AM",165.6
"11:55:19 AM",165.6
"11:55:20 AM",165.8
"11:55:21 AM",166.1
"11:55:22 AM",166
"11:55:23 AM",166.2
"11:55:24 AM",166.5
"11:55:25 AM",166.7
"11:55:26 AM",166.7
"11:55:27 AM",166.9
"11:55:28 AM",166.9
"11:55:29 AM",166.9
"11:55:30 AM",167.1
"11:55:31 AM",167.3
"11:55:32 AM",167.5
"11:55:33 AM",167.7
"11:55:34 AM",167.7
"11:55:35 AM",167.8
"11:55:36 AM",168
"11:55:37 AM",168.2
"11:55:38 AM",168.3
"11:55:39 AM",168.5
"11:55:40 AM",168.7
"11:55:41 AM",168.7
"11:55:42 AM",169
"11:55:43 AM",169
"11:55:44 AM",169.1
"11:55:45 AM",169.2
"11:55:46 AM",169.3
"11:55:47 AM",169.5
"11:55:48 AM",169.5
"11:55:49 AM",169.6
"11:55:50 AM",169.8
"11:55:51 AM",170
"11:55:52 AM",170.1
"11:55:53 AM",170.2
"11:55:54 AM",170.3
"11:55:55 AM",170.5
"11:55:56 AM",170.6
"11:55:57 AM",170.8
"11:55:58 AM",170.8
"11:55:59 AM",170.8
"11:56:00 AM",170.7
"11:56:01 AM",170.8
"11:56:02 AM",171.1
"11:56:03 AM",171.2
"11:56:04 AM",171.4
"11:56:05 AM",171.5
"11:56:06 AM",171.7
"11:56:07 AM",171.8
"11:56:08 AM",171.8
"11:56:09 AM",171.8
"11:56:10 AM",172.1
"11:56:11 AM",172.2
"11:56:12 AM",172.4
"11:56:13 AM",172.5
"11:56:14 AM",172.6
"11:56:15 AM",172.8
"11:56:16 AM",172.9
"11:56:17 AM",172.9
"11:56:18 AM",173.1
"11:56:19 AM",173.1
"11:56:20 AM",173.1
"11:56:21 AM",173.1
"11:56:22 AM",173.1
"11:56:23 AM",173.3
"11:56:24 AM",173.3
"11:56:25 AM",173.7
"11:56:26 AM",173.7
"11:56:27 AM",173.9
"11:56:28 AM",174
"11:56:29 AM",174.1
"11:56:30 AM",174.2
"11:56:31 AM",174.3
"11:56:32 AM",174.5
"11:56:33 AM",174.7
"11:56:34 AM",174.8
"11:56:35 AM",174.9
"11:56:36 AM",174.8
"11:56:37 AM",175
"11:56:38 AM",175
"11:56:39 AM",175.2
"11:56:40 AM",175.3
"11:56:41 AM",175.3
"11:56:42 AM",175.3
"11:56:43 AM",175.3
"11:56:44 AM",175.5
"11:56:45 AM",175.6
"11:56:46 AM",175.8
"11:56:47 AM",175.8
"11:56:48 AM",175.9
"11:56:49 AM",176
"11:56:50 AM",176.2
"11:56:51 AM",176.4
"11:56:52 AM",176.5
"11:56:53 AM",176.5
"11:56:54 AM",176.5
"11:56:55 AM",176.6
"11:56:56 AM",176.5
"11:56:57 AM",176.7
"11:56:58 AM",176.7
"11:56:59 AM",176.8
"11:57:00 AM",177
"11:57:01 AM",177.1
"11:57:02 AM",177.2
"11:57:03 AM",177.3
"11:57:04 AM",177.6
"11:57:05 AM",177.7
"11:57:06 AM",177.8
"11:57:07 AM",177.8
"11:57:08 AM",177.8
"11:57:09 AM",177.8
"11:57:10 AM",177.9
"11:57:11 AM",177.9
"11:57:12 AM",178
"11:57:13 AM",178.2
"11:57:14 AM",178.3
"11:57:15 AM",178.2
"11:57:16 AM",178.5
"11:57:17 AM",178.6
"11:57:18 AM",178.7
"11:57:19 AM",178.6
"11:57:20 AM",178.7
"11:57:21 AM",178.7
"11:57:22 AM",178.9
"11:57:23 AM",179.1
"11:57:24 AM",179.3
"11:57:25 AM",179.3
"11:57:26 AM",179.4
"11:57:27 AM",179.5
"11:57:28 AM",179.6
"11:57:29 AM",179.6
"11:57:30 AM",179.8
"11:57:31 AM",179.9
"11:57:32 AM",180
"11:57:33 AM",179.8
"11:57:34 AM",179.8
"11:57:35 AM",180
"11:57:36 AM",180
"11:57:37 AM",180
"11:57:38 AM",180.2
"11:57:39 AM",180.1
"11:57:40 AM",180.3
"11:57:41 AM",180.4
"11:57:42 AM",180.5
"11:57:43 AM",180.6
"11:57:44 AM",180.8
"11:57:45 AM",180.8
"11:57:46 AM",180.9
"11:57:47 AM",181.1
"11:57:48 AM",181
"11:57:49 AM",181.2
"11:57:50 AM",181.4
"11:57:51 AM",181.7
"11:57:52 AM",181.7
"11:57:53 AM",181.7
"11:57:54 AM",181.8
"11:57:55 AM",181.9
"11:57:56 AM",182.1
"11:57:57 AM",182.1
"11:57:58 AM",182.2
"11:57:59 AM",182.3
"11:58:00 AM",182.5
"11:58:01 AM",182.4
"11:58:02 AM",182.5
"11:58:03 AM",182.4
"11:58:04 AM",182.5
"11:58:05 AM",182.7
"11:58:06 AM",182.9
"11:58:07 AM",183
"11:58:08 AM",183.1
"11:58:09 AM",183.1
"11:58:10 AM",183.2
"11:58:11 AM",183.3
"11:58:12 AM",183.3
"11:58:13 AM",183.5
"11:58:14 AM",183.6
"11:58:15 AM",183.5
"11:58:16 AM",183.6
"11:58:17 AM",183.7
"11:58:18 AM",183.7
"11:58:19 AM",183.8
"11:58:20 AM",183.9
"11:58:21 AM",184
"11:58:22 AM",184.2
"11:58:23 AM",184.3
"11:58:24 AM",184.3
"11:58:25 AM",184.5
"11:58:26 AM",184.6
"11:58:27 AM",184.6
"11:58:28 AM",184.6
"11:58:29 AM",184.7
"11:58:30 AM",184.9
"11:58:31 AM",184.9
"11:58:32 AM",185
"11:58:33 AM",185.2
"11:58:34 AM",185.3
"11:58:35 AM",185.2
"11:58:36 AM",185.3
"11:58:37 AM",185.4
"11:58:38 AM",185.3
"11:58:39 AM",185.5
"11:58:40 AM",185.7
"11:58:41 AM",185.6
"11:58:42 AM",185.8
"11:58:43 AM",185.9
"11:58:44 AM",185.9
"11:58:45 AM",186
"11:58:46 AM",186.3
"11:58:47 AM",186.3
"11:58:48 AM",186.4
"11:58:49 AM",186.4
"11:58:50 AM",186.5
"11:58:51 AM",186.5
"11:58:52 AM",186.5
"11:58:53 AM",186.6
"11:58:54 AM",186.7
"11:58:55 AM",186.6
"11:58:56 AM",186.7
"11:58:57 AM",186.8
"11:58:58 AM",186.9
"11:58:59 AM",187.1
"11:59:00 AM",187.2
"11:59:01 AM",187.2
"11:59:02 AM",187.2
"11:59:03 AM",187.3
"11:59:04 AM",187.4
